ISO-10303-21;
HEADER;
/* Generated by software containing ST-Developer
 * from STEP Tools, Inc. (www.steptools.com) 
 */
/* OPTION: using custom renumber hook */

FILE_DESCRIPTION(
/* description */ ('STEP AP242 Edition 2',
'CAx-IF Rec.Pracs.---Representation and Presentation of Product Manufa
cturing Information (PMI)---4.0---2014-10-13',
'CAx-IF Rec.Pracs.---3D Tessellated Geometry---0.4---2014-09-14','2;1',
'CAx-IF Rec.Pracs.---User Defined Attributes---1.5---2016-08-15'),
/* implementation_level */ '2;1');

FILE_NAME(
/* name */ 'side_right',
/* time_stamp */ '2026-09-05T01:40:42Z',
/* author */ (''),
/* organization */ (''),
/* preprocessor_version */ 'ST-DEVELOPER v20',
/* originating_system */ 'ONSHAPE BY PTC INC, 1.220',
/* authorisation */ '  ');

FILE_SCHEMA (('AP242_MANAGED_MODEL_BASED_3D_ENGINEERING_MIM_LF { 1 0 10303 442 3 1 4 }'));
ENDSEC;

DATA;
#10=SHAPE_REPRESENTATION_RELATIONSHIP('','',#1679,#11);
#11=ADVANCED_BREP_SHAPE_REPRESENTATION('',(#1677),#2757);
#12=ELLIPSE('',#1782,0.00707106781186547,0.005);
#13=ELLIPSE('',#1784,0.00707106781186547,0.005);
#14=TOROIDAL_SURFACE('',#1778,0.0116287616174668,0.005);
#15=CYLINDRICAL_SURFACE('',#1689,0.015075);
#16=CYLINDRICAL_SURFACE('',#1692,0.015075);
#17=CYLINDRICAL_SURFACE('',#1714,0.015075);
#18=CYLINDRICAL_SURFACE('',#1717,0.015075);
#19=CYLINDRICAL_SURFACE('',#1739,0.015075);
#20=CYLINDRICAL_SURFACE('',#1764,0.015075);
#21=CYLINDRICAL_SURFACE('',#1766,0.015075);
#22=CYLINDRICAL_SURFACE('',#1781,0.005);
#23=CYLINDRICAL_SURFACE('',#1783,0.005);
#24=CYLINDRICAL_SURFACE('',#1785,0.005);
#25=B_SPLINE_CURVE_WITH_KNOTS('',3,(#2265,#2266,#2267,#2268),
 .UNSPECIFIED.,.F.,.F.,(4,4),(0.,0.00376845594115291),.UNSPECIFIED.);
#26=B_SPLINE_CURVE_WITH_KNOTS('',3,(#2281,#2282,#2283,#2284,#2285,#2286),
 .UNSPECIFIED.,.F.,.F.,(4,1,1,4),(0.,0.00464620482298358,0.00696930723447536,
0.00929240964596715),.UNSPECIFIED.);
#27=B_SPLINE_CURVE_WITH_KNOTS('',3,(#2292,#2293,#2294,#2295),
 .UNSPECIFIED.,.F.,.F.,(4,4),(5.82758667710959E-19,0.00402942271313137),
 .UNSPECIFIED.);
#28=B_SPLINE_CURVE_WITH_KNOTS('',3,(#2305,#2306,#2307,#2308),
 .UNSPECIFIED.,.F.,.F.,(4,4),(0.,9.77050865059494E-7),.UNSPECIFIED.);
#29=B_SPLINE_CURVE_WITH_KNOTS('',3,(#2318,#2319,#2320,#2321),
 .UNSPECIFIED.,.F.,.F.,(4,4),(0.,0.00371939558144199),.UNSPECIFIED.);
#30=B_SPLINE_CURVE_WITH_KNOTS('',3,(#2409,#2410,#2411,#2412),
 .UNSPECIFIED.,.F.,.F.,(4,4),(0.00795886590451034,0.00815313111858634),
 .UNSPECIFIED.);
#31=B_SPLINE_CURVE_WITH_KNOTS('',3,(#2436,#2437,#2438,#2439,#2440,#2441),
 .UNSPECIFIED.,.F.,.F.,(4,1,1,4),(0.,0.00498963170044267,0.007484447550664,
0.00997926340088533),.UNSPECIFIED.);
#32=B_SPLINE_CURVE_WITH_KNOTS('',3,(#2452,#2453,#2454,#2455),
 .UNSPECIFIED.,.F.,.F.,(4,4),(0.,0.00420523007107465),.UNSPECIFIED.);
#33=B_SPLINE_CURVE_WITH_KNOTS('',3,(#2528,#2529,#2530,#2531),
 .UNSPECIFIED.,.F.,.F.,(4,4),(0.,5.68837710773486E-6),.UNSPECIFIED.);
#34=B_SPLINE_CURVE_WITH_KNOTS('',3,(#2567,#2568,#2569,#2570,#2571,#2572),
 .UNSPECIFIED.,.F.,.F.,(4,1,1,4),(0.,0.00490346023306711,0.00735519034960067,
0.00980692046613422),.UNSPECIFIED.);
#35=B_SPLINE_CURVE_WITH_KNOTS('',3,(#2576,#2577,#2578,#2579),
 .UNSPECIFIED.,.F.,.F.,(4,4),(0.,5.9599444751987E-6),.UNSPECIFIED.);
#36=B_SPLINE_CURVE_WITH_KNOTS('',3,(#2605,#2606,#2607,#2608),
 .UNSPECIFIED.,.F.,.F.,(4,4),(0.,0.000196193783270414),.UNSPECIFIED.);
#37=B_SPLINE_CURVE_WITH_KNOTS('',3,(#2615,#2616,#2617,#2618),
 .UNSPECIFIED.,.F.,.F.,(4,4),(0.,0.00345463072858259),.UNSPECIFIED.);
#38=B_SPLINE_CURVE_WITH_KNOTS('',3,(#2649,#2650,#2651,#2652),
 .UNSPECIFIED.,.F.,.F.,(4,4),(0.,0.00413704562117517),.UNSPECIFIED.);
#39=B_SPLINE_CURVE_WITH_KNOTS('',3,(#2656,#2657,#2658,#2659),
 .UNSPECIFIED.,.F.,.F.,(4,4),(0.,2.3210693658344E-6),.UNSPECIFIED.);
#40=B_SPLINE_CURVE_WITH_KNOTS('',3,(#2671,#2672,#2673,#2674),
 .UNSPECIFIED.,.F.,.F.,(4,4),(0.,0.00423302451602977),.UNSPECIFIED.);
#41=B_SPLINE_CURVE_WITH_KNOTS('',3,(#2680,#2681,#2682,#2683),
 .UNSPECIFIED.,.F.,.F.,(4,4),(0.,4.32476773199074E-6),.UNSPECIFIED.);
#42=B_SPLINE_CURVE_WITH_KNOTS('',3,(#2685,#2686,#2687,#2688),
 .UNSPECIFIED.,.F.,.F.,(4,4),(0.,1.67566884559994E-6),.UNSPECIFIED.);
#43=B_SPLINE_CURVE_WITH_KNOTS('',3,(#2692,#2693,#2694,#2695,#2696),
 .UNSPECIFIED.,.F.,.F.,(4,1,4),(0.,0.0045498713967682,0.00909974279353639),
 .UNSPECIFIED.);
#44=B_SPLINE_CURVE_WITH_KNOTS('',3,(#2703,#2704,#2705,#2706),
 .UNSPECIFIED.,.F.,.F.,(4,4),(0.,0.00422387196901944),.UNSPECIFIED.);
#45=B_SPLINE_CURVE_WITH_KNOTS('',3,(#2713,#2714,#2715,#2716),
 .UNSPECIFIED.,.F.,.F.,(4,4),(0.,0.00351617553781116),.UNSPECIFIED.);
#46=B_SPLINE_CURVE_WITH_KNOTS('',3,(#2722,#2723,#2724,#2725),
 .UNSPECIFIED.,.F.,.F.,(4,4),(0.,0.00408415497116057),.UNSPECIFIED.);
#47=CIRCLE('',#1685,0.015075);
#48=CIRCLE('',#1686,0.015075);
#49=CIRCLE('',#1690,0.015075);
#50=CIRCLE('',#1693,0.015075);
#51=CIRCLE('',#1696,0.005);
#52=CIRCLE('',#1698,0.005);
#53=CIRCLE('',#1700,0.005);
#54=CIRCLE('',#1702,0.005);
#55=CIRCLE('',#1706,0.005);
#56=CIRCLE('',#1709,0.005);
#57=CIRCLE('',#1712,0.005);
#58=CIRCLE('',#1715,0.015075);
#59=CIRCLE('',#1718,0.015075);
#60=CIRCLE('',#1719,0.015075);
#61=CIRCLE('',#1720,0.015075);
#62=CIRCLE('',#1736,0.015958888636389);
#63=CIRCLE('',#1743,0.005);
#64=CIRCLE('',#1745,0.005);
#65=CIRCLE('',#1748,0.005);
#66=CIRCLE('',#1754,0.005);
#67=CIRCLE('',#1756,0.005);
#68=CIRCLE('',#1773,0.0116287616174668);
#69=CIRCLE('',#1774,0.0116287616174668);
#70=CIRCLE('',#1775,0.0116287616174668);
#71=CIRCLE('',#1776,0.0116287616174668);
#72=CIRCLE('',#1777,0.0116287616174668);
#73=CIRCLE('',#1779,0.005);
#74=CIRCLE('',#1780,0.005);
#75=ORIENTED_EDGE('',*,*,#561,.F.);
#76=ORIENTED_EDGE('',*,*,#562,.T.);
#77=ORIENTED_EDGE('',*,*,#563,.T.);
#78=ORIENTED_EDGE('',*,*,#564,.F.);
#79=ORIENTED_EDGE('',*,*,#565,.T.);
#80=ORIENTED_EDGE('',*,*,#566,.T.);
#81=ORIENTED_EDGE('',*,*,#567,.T.);
#82=ORIENTED_EDGE('',*,*,#568,.T.);
#83=ORIENTED_EDGE('',*,*,#569,.F.);
#84=ORIENTED_EDGE('',*,*,#570,.F.);
#85=ORIENTED_EDGE('',*,*,#571,.F.);
#86=ORIENTED_EDGE('',*,*,#572,.T.);
#87=ORIENTED_EDGE('',*,*,#573,.F.);
#88=ORIENTED_EDGE('',*,*,#574,.T.);
#89=ORIENTED_EDGE('',*,*,#575,.T.);
#90=ORIENTED_EDGE('',*,*,#576,.F.);
#91=ORIENTED_EDGE('',*,*,#577,.T.);
#92=ORIENTED_EDGE('',*,*,#578,.T.);
#93=ORIENTED_EDGE('',*,*,#579,.T.);
#94=ORIENTED_EDGE('',*,*,#580,.T.);
#95=ORIENTED_EDGE('',*,*,#581,.F.);
#96=ORIENTED_EDGE('',*,*,#582,.F.);
#97=ORIENTED_EDGE('',*,*,#583,.T.);
#98=ORIENTED_EDGE('',*,*,#584,.T.);
#99=ORIENTED_EDGE('',*,*,#585,.T.);
#100=ORIENTED_EDGE('',*,*,#586,.F.);
#101=ORIENTED_EDGE('',*,*,#587,.F.);
#102=ORIENTED_EDGE('',*,*,#588,.F.);
#103=ORIENTED_EDGE('',*,*,#589,.T.);
#104=ORIENTED_EDGE('',*,*,#590,.T.);
#105=ORIENTED_EDGE('',*,*,#591,.T.);
#106=ORIENTED_EDGE('',*,*,#592,.T.);
#107=ORIENTED_EDGE('',*,*,#593,.F.);
#108=ORIENTED_EDGE('',*,*,#594,.F.);
#109=ORIENTED_EDGE('',*,*,#595,.T.);
#110=ORIENTED_EDGE('',*,*,#588,.T.);
#111=ORIENTED_EDGE('',*,*,#596,.F.);
#112=ORIENTED_EDGE('',*,*,#597,.T.);
#113=ORIENTED_EDGE('',*,*,#598,.T.);
#114=ORIENTED_EDGE('',*,*,#594,.T.);
#115=ORIENTED_EDGE('',*,*,#599,.F.);
#116=ORIENTED_EDGE('',*,*,#600,.F.);
#117=ORIENTED_EDGE('',*,*,#601,.F.);
#118=ORIENTED_EDGE('',*,*,#602,.F.);
#119=ORIENTED_EDGE('',*,*,#603,.T.);
#120=ORIENTED_EDGE('',*,*,#604,.T.);
#121=ORIENTED_EDGE('',*,*,#581,.T.);
#122=ORIENTED_EDGE('',*,*,#605,.T.);
#123=ORIENTED_EDGE('',*,*,#606,.F.);
#124=ORIENTED_EDGE('',*,*,#607,.T.);
#125=ORIENTED_EDGE('',*,*,#608,.T.);
#126=ORIENTED_EDGE('',*,*,#602,.T.);
#127=ORIENTED_EDGE('',*,*,#609,.F.);
#128=ORIENTED_EDGE('',*,*,#610,.F.);
#129=ORIENTED_EDGE('',*,*,#611,.F.);
#130=ORIENTED_EDGE('',*,*,#612,.F.);
#131=ORIENTED_EDGE('',*,*,#613,.T.);
#132=ORIENTED_EDGE('',*,*,#614,.T.);
#133=ORIENTED_EDGE('',*,*,#615,.T.);
#134=ORIENTED_EDGE('',*,*,#616,.T.);
#135=ORIENTED_EDGE('',*,*,#617,.F.);
#136=ORIENTED_EDGE('',*,*,#618,.T.);
#137=ORIENTED_EDGE('',*,*,#612,.T.);
#138=ORIENTED_EDGE('',*,*,#619,.T.);
#139=ORIENTED_EDGE('',*,*,#620,.F.);
#140=ORIENTED_EDGE('',*,*,#583,.F.);
#141=ORIENTED_EDGE('',*,*,#621,.F.);
#142=ORIENTED_EDGE('',*,*,#622,.T.);
#143=ORIENTED_EDGE('',*,*,#623,.T.);
#144=ORIENTED_EDGE('',*,*,#584,.F.);
#145=ORIENTED_EDGE('',*,*,#620,.T.);
#146=ORIENTED_EDGE('',*,*,#624,.T.);
#147=ORIENTED_EDGE('',*,*,#625,.F.);
#148=ORIENTED_EDGE('',*,*,#626,.T.);
#149=ORIENTED_EDGE('',*,*,#627,.T.);
#150=ORIENTED_EDGE('',*,*,#628,.T.);
#151=ORIENTED_EDGE('',*,*,#629,.F.);
#152=ORIENTED_EDGE('',*,*,#630,.F.);
#153=ORIENTED_EDGE('',*,*,#631,.T.);
#154=ORIENTED_EDGE('',*,*,#625,.T.);
#155=ORIENTED_EDGE('',*,*,#632,.T.);
#156=ORIENTED_EDGE('',*,*,#633,.F.);
#157=ORIENTED_EDGE('',*,*,#575,.F.);
#158=ORIENTED_EDGE('',*,*,#634,.F.);
#159=ORIENTED_EDGE('',*,*,#635,.F.);
#160=ORIENTED_EDGE('',*,*,#636,.T.);
#161=ORIENTED_EDGE('',*,*,#637,.T.);
#162=ORIENTED_EDGE('',*,*,#576,.T.);
#163=ORIENTED_EDGE('',*,*,#633,.T.);
#164=ORIENTED_EDGE('',*,*,#638,.F.);
#165=ORIENTED_EDGE('',*,*,#639,.T.);
#166=ORIENTED_EDGE('',*,*,#640,.T.);
#167=ORIENTED_EDGE('',*,*,#641,.T.);
#168=ORIENTED_EDGE('',*,*,#642,.F.);
#169=ORIENTED_EDGE('',*,*,#643,.F.);
#170=ORIENTED_EDGE('',*,*,#644,.T.);
#171=ORIENTED_EDGE('',*,*,#638,.T.);
#172=ORIENTED_EDGE('',*,*,#645,.T.);
#173=ORIENTED_EDGE('',*,*,#646,.F.);
#174=ORIENTED_EDGE('',*,*,#647,.T.);
#175=ORIENTED_EDGE('',*,*,#643,.T.);
#176=ORIENTED_EDGE('',*,*,#648,.T.);
#177=ORIENTED_EDGE('',*,*,#649,.F.);
#178=ORIENTED_EDGE('',*,*,#572,.F.);
#179=ORIENTED_EDGE('',*,*,#650,.F.);
#180=ORIENTED_EDGE('',*,*,#651,.T.);
#181=ORIENTED_EDGE('',*,*,#652,.T.);
#182=ORIENTED_EDGE('',*,*,#653,.T.);
#183=ORIENTED_EDGE('',*,*,#654,.F.);
#184=ORIENTED_EDGE('',*,*,#655,.T.);
#185=ORIENTED_EDGE('',*,*,#656,.T.);
#186=ORIENTED_EDGE('',*,*,#650,.T.);
#187=ORIENTED_EDGE('',*,*,#657,.F.);
#188=ORIENTED_EDGE('',*,*,#658,.F.);
#189=ORIENTED_EDGE('',*,*,#659,.T.);
#190=ORIENTED_EDGE('',*,*,#660,.F.);
#191=ORIENTED_EDGE('',*,*,#566,.F.);
#192=ORIENTED_EDGE('',*,*,#661,.F.);
#193=ORIENTED_EDGE('',*,*,#662,.F.);
#194=ORIENTED_EDGE('',*,*,#658,.T.);
#195=ORIENTED_EDGE('',*,*,#663,.F.);
#196=ORIENTED_EDGE('',*,*,#664,.T.);
#197=ORIENTED_EDGE('',*,*,#665,.T.);
#198=ORIENTED_EDGE('',*,*,#666,.T.);
#199=ORIENTED_EDGE('',*,*,#667,.F.);
#200=ORIENTED_EDGE('',*,*,#668,.T.);
#201=ORIENTED_EDGE('',*,*,#669,.T.);
#202=ORIENTED_EDGE('',*,*,#663,.T.);
#203=ORIENTED_EDGE('',*,*,#670,.F.);
#204=ORIENTED_EDGE('',*,*,#671,.F.);
#205=ORIENTED_EDGE('',*,*,#672,.F.);
#206=ORIENTED_EDGE('',*,*,#673,.F.);
#207=ORIENTED_EDGE('',*,*,#674,.F.);
#208=ORIENTED_EDGE('',*,*,#675,.T.);
#209=ORIENTED_EDGE('',*,*,#676,.T.);
#210=ORIENTED_EDGE('',*,*,#677,.T.);
#211=ORIENTED_EDGE('',*,*,#678,.T.);
#212=ORIENTED_EDGE('',*,*,#679,.F.);
#213=ORIENTED_EDGE('',*,*,#680,.F.);
#214=ORIENTED_EDGE('',*,*,#674,.T.);
#215=ORIENTED_EDGE('',*,*,#681,.F.);
#216=ORIENTED_EDGE('',*,*,#682,.F.);
#217=ORIENTED_EDGE('',*,*,#683,.T.);
#218=ORIENTED_EDGE('',*,*,#679,.T.);
#219=ORIENTED_EDGE('',*,*,#684,.F.);
#220=ORIENTED_EDGE('',*,*,#685,.F.);
#221=ORIENTED_EDGE('',*,*,#686,.T.);
#222=ORIENTED_EDGE('',*,*,#687,.T.);
#223=ORIENTED_EDGE('',*,*,#688,.T.);
#224=ORIENTED_EDGE('',*,*,#689,.T.);
#225=ORIENTED_EDGE('',*,*,#690,.T.);
#226=ORIENTED_EDGE('',*,*,#691,.F.);
#227=ORIENTED_EDGE('',*,*,#692,.F.);
#228=ORIENTED_EDGE('',*,*,#685,.T.);
#229=ORIENTED_EDGE('',*,*,#693,.T.);
#230=ORIENTED_EDGE('',*,*,#694,.F.);
#231=ORIENTED_EDGE('',*,*,#695,.T.);
#232=ORIENTED_EDGE('',*,*,#696,.F.);
#233=ORIENTED_EDGE('',*,*,#697,.F.);
#234=ORIENTED_EDGE('',*,*,#691,.T.);
#235=ORIENTED_EDGE('',*,*,#698,.F.);
#236=ORIENTED_EDGE('',*,*,#605,.F.);
#237=ORIENTED_EDGE('',*,*,#699,.T.);
#238=ORIENTED_EDGE('',*,*,#610,.T.);
#239=ORIENTED_EDGE('',*,*,#615,.F.);
#240=ORIENTED_EDGE('',*,*,#700,.T.);
#241=ORIENTED_EDGE('',*,*,#621,.T.);
#242=ORIENTED_EDGE('',*,*,#701,.F.);
#243=ORIENTED_EDGE('',*,*,#702,.F.);
#244=ORIENTED_EDGE('',*,*,#628,.F.);
#245=ORIENTED_EDGE('',*,*,#703,.T.);
#246=ORIENTED_EDGE('',*,*,#635,.T.);
#247=ORIENTED_EDGE('',*,*,#704,.T.);
#248=ORIENTED_EDGE('',*,*,#641,.F.);
#249=ORIENTED_EDGE('',*,*,#705,.F.);
#250=ORIENTED_EDGE('',*,*,#706,.T.);
#251=ORIENTED_EDGE('',*,*,#567,.F.);
#252=ORIENTED_EDGE('',*,*,#649,.T.);
#253=ORIENTED_EDGE('',*,*,#653,.F.);
#254=ORIENTED_EDGE('',*,*,#707,.T.);
#255=ORIENTED_EDGE('',*,*,#708,.T.);
#256=ORIENTED_EDGE('',*,*,#561,.T.);
#257=ORIENTED_EDGE('',*,*,#660,.T.);
#258=ORIENTED_EDGE('',*,*,#709,.F.);
#259=ORIENTED_EDGE('',*,*,#710,.T.);
#260=ORIENTED_EDGE('',*,*,#666,.F.);
#261=ORIENTED_EDGE('',*,*,#711,.F.);
#262=ORIENTED_EDGE('',*,*,#671,.T.);
#263=ORIENTED_EDGE('',*,*,#712,.F.);
#264=ORIENTED_EDGE('',*,*,#677,.F.);
#265=ORIENTED_EDGE('',*,*,#713,.T.);
#266=ORIENTED_EDGE('',*,*,#682,.T.);
#267=ORIENTED_EDGE('',*,*,#714,.F.);
#268=ORIENTED_EDGE('',*,*,#687,.F.);
#269=ORIENTED_EDGE('',*,*,#715,.T.);
#270=ORIENTED_EDGE('',*,*,#696,.T.);
#271=ORIENTED_EDGE('',*,*,#716,.F.);
#272=ORIENTED_EDGE('',*,*,#592,.F.);
#273=ORIENTED_EDGE('',*,*,#717,.T.);
#274=ORIENTED_EDGE('',*,*,#600,.T.);
#275=ORIENTED_EDGE('',*,*,#718,.T.);
#276=ORIENTED_EDGE('',*,*,#719,.T.);
#277=ORIENTED_EDGE('',*,*,#720,.T.);
#278=ORIENTED_EDGE('',*,*,#721,.T.);
#279=ORIENTED_EDGE('',*,*,#686,.F.);
#280=ORIENTED_EDGE('',*,*,#692,.T.);
#281=ORIENTED_EDGE('',*,*,#697,.T.);
#282=ORIENTED_EDGE('',*,*,#715,.F.);
#283=ORIENTED_EDGE('',*,*,#722,.F.);
#284=ORIENTED_EDGE('',*,*,#723,.T.);
#285=ORIENTED_EDGE('',*,*,#693,.F.);
#286=ORIENTED_EDGE('',*,*,#684,.T.);
#287=ORIENTED_EDGE('',*,*,#714,.T.);
#288=ORIENTED_EDGE('',*,*,#695,.F.);
#289=ORIENTED_EDGE('',*,*,#690,.F.);
#290=ORIENTED_EDGE('',*,*,#724,.F.);
#291=ORIENTED_EDGE('',*,*,#673,.T.);
#292=ORIENTED_EDGE('',*,*,#712,.T.);
#293=ORIENTED_EDGE('',*,*,#681,.T.);
#294=ORIENTED_EDGE('',*,*,#678,.F.);
#295=ORIENTED_EDGE('',*,*,#667,.T.);
#296=ORIENTED_EDGE('',*,*,#710,.F.);
#297=ORIENTED_EDGE('',*,*,#670,.T.);
#298=ORIENTED_EDGE('',*,*,#654,.T.);
#299=ORIENTED_EDGE('',*,*,#709,.T.);
#300=ORIENTED_EDGE('',*,*,#659,.F.);
#301=ORIENTED_EDGE('',*,*,#657,.T.);
#302=ORIENTED_EDGE('',*,*,#642,.T.);
#303=ORIENTED_EDGE('',*,*,#704,.F.);
#304=ORIENTED_EDGE('',*,*,#648,.F.);
#305=ORIENTED_EDGE('',*,*,#645,.F.);
#306=ORIENTED_EDGE('',*,*,#629,.T.);
#307=ORIENTED_EDGE('',*,*,#702,.T.);
#308=ORIENTED_EDGE('',*,*,#634,.T.);
#309=ORIENTED_EDGE('',*,*,#632,.F.);
#310=ORIENTED_EDGE('',*,*,#616,.F.);
#311=ORIENTED_EDGE('',*,*,#701,.T.);
#312=ORIENTED_EDGE('',*,*,#624,.F.);
#313=ORIENTED_EDGE('',*,*,#619,.F.);
#314=ORIENTED_EDGE('',*,*,#606,.T.);
#315=ORIENTED_EDGE('',*,*,#698,.T.);
#316=ORIENTED_EDGE('',*,*,#609,.T.);
#317=ORIENTED_EDGE('',*,*,#593,.T.);
#318=ORIENTED_EDGE('',*,*,#716,.T.);
#319=ORIENTED_EDGE('',*,*,#599,.T.);
#320=ORIENTED_EDGE('',*,*,#596,.T.);
#321=ORIENTED_EDGE('',*,*,#717,.F.);
#322=ORIENTED_EDGE('',*,*,#591,.F.);
#323=ORIENTED_EDGE('',*,*,#725,.T.);
#324=ORIENTED_EDGE('',*,*,#601,.T.);
#325=ORIENTED_EDGE('',*,*,#726,.F.);
#326=ORIENTED_EDGE('',*,*,#727,.T.);
#327=ORIENTED_EDGE('',*,*,#728,.T.);
#328=ORIENTED_EDGE('',*,*,#580,.F.);
#329=ORIENTED_EDGE('',*,*,#604,.F.);
#330=ORIENTED_EDGE('',*,*,#729,.T.);
#331=ORIENTED_EDGE('',*,*,#726,.T.);
#332=ORIENTED_EDGE('',*,*,#579,.F.);
#333=ORIENTED_EDGE('',*,*,#730,.F.);
#334=ORIENTED_EDGE('',*,*,#731,.T.);
#335=ORIENTED_EDGE('',*,*,#617,.T.);
#336=ORIENTED_EDGE('',*,*,#582,.T.);
#337=ORIENTED_EDGE('',*,*,#732,.F.);
#338=ORIENTED_EDGE('',*,*,#733,.T.);
#339=ORIENTED_EDGE('',*,*,#730,.T.);
#340=ORIENTED_EDGE('',*,*,#587,.T.);
#341=ORIENTED_EDGE('',*,*,#734,.F.);
#342=ORIENTED_EDGE('',*,*,#735,.F.);
#343=ORIENTED_EDGE('',*,*,#736,.T.);
#344=ORIENTED_EDGE('',*,*,#737,.F.);
#345=ORIENTED_EDGE('',*,*,#734,.T.);
#346=ORIENTED_EDGE('',*,*,#586,.T.);
#347=ORIENTED_EDGE('',*,*,#623,.F.);
#348=ORIENTED_EDGE('',*,*,#738,.T.);
#349=ORIENTED_EDGE('',*,*,#735,.T.);
#350=ORIENTED_EDGE('',*,*,#585,.F.);
#351=ORIENTED_EDGE('',*,*,#739,.F.);
#352=ORIENTED_EDGE('',*,*,#740,.T.);
#353=ORIENTED_EDGE('',*,*,#630,.T.);
#354=ORIENTED_EDGE('',*,*,#574,.F.);
#355=ORIENTED_EDGE('',*,*,#741,.F.);
#356=ORIENTED_EDGE('',*,*,#742,.T.);
#357=ORIENTED_EDGE('',*,*,#743,.T.);
#358=ORIENTED_EDGE('',*,*,#739,.T.);
#359=ORIENTED_EDGE('',*,*,#573,.T.);
#360=ORIENTED_EDGE('',*,*,#744,.T.);
#361=ORIENTED_EDGE('',*,*,#745,.T.);
#362=ORIENTED_EDGE('',*,*,#741,.T.);
#363=ORIENTED_EDGE('',*,*,#578,.F.);
#364=ORIENTED_EDGE('',*,*,#746,.F.);
#365=ORIENTED_EDGE('',*,*,#577,.F.);
#366=ORIENTED_EDGE('',*,*,#637,.F.);
#367=ORIENTED_EDGE('',*,*,#747,.T.);
#368=ORIENTED_EDGE('',*,*,#746,.T.);
#369=ORIENTED_EDGE('',*,*,#748,.F.);
#370=ORIENTED_EDGE('',*,*,#749,.T.);
#371=ORIENTED_EDGE('',*,*,#646,.T.);
#372=ORIENTED_EDGE('',*,*,#571,.T.);
#373=ORIENTED_EDGE('',*,*,#750,.T.);
#374=ORIENTED_EDGE('',*,*,#751,.T.);
#375=ORIENTED_EDGE('',*,*,#748,.T.);
#376=ORIENTED_EDGE('',*,*,#570,.T.);
#377=ORIENTED_EDGE('',*,*,#752,.F.);
#378=ORIENTED_EDGE('',*,*,#753,.F.);
#379=ORIENTED_EDGE('',*,*,#754,.T.);
#380=ORIENTED_EDGE('',*,*,#752,.T.);
#381=ORIENTED_EDGE('',*,*,#569,.T.);
#382=ORIENTED_EDGE('',*,*,#755,.F.);
#383=ORIENTED_EDGE('',*,*,#565,.F.);
#384=ORIENTED_EDGE('',*,*,#756,.F.);
#385=ORIENTED_EDGE('',*,*,#757,.T.);
#386=ORIENTED_EDGE('',*,*,#661,.T.);
#387=ORIENTED_EDGE('',*,*,#564,.T.);
#388=ORIENTED_EDGE('',*,*,#758,.F.);
#389=ORIENTED_EDGE('',*,*,#759,.F.);
#390=ORIENTED_EDGE('',*,*,#756,.T.);
#391=ORIENTED_EDGE('',*,*,#760,.F.);
#392=ORIENTED_EDGE('',*,*,#761,.T.);
#393=ORIENTED_EDGE('',*,*,#762,.T.);
#394=ORIENTED_EDGE('',*,*,#758,.T.);
#395=ORIENTED_EDGE('',*,*,#563,.F.);
#396=ORIENTED_EDGE('',*,*,#708,.F.);
#397=ORIENTED_EDGE('',*,*,#763,.T.);
#398=ORIENTED_EDGE('',*,*,#760,.T.);
#399=ORIENTED_EDGE('',*,*,#562,.F.);
#400=ORIENTED_EDGE('',*,*,#672,.T.);
#401=ORIENTED_EDGE('',*,*,#764,.F.);
#402=ORIENTED_EDGE('',*,*,#765,.F.);
#403=ORIENTED_EDGE('',*,*,#764,.T.);
#404=ORIENTED_EDGE('',*,*,#766,.F.);
#405=ORIENTED_EDGE('',*,*,#767,.T.);
#406=ORIENTED_EDGE('',*,*,#768,.F.);
#407=ORIENTED_EDGE('',*,*,#769,.T.);
#408=ORIENTED_EDGE('',*,*,#770,.F.);
#409=ORIENTED_EDGE('',*,*,#766,.T.);
#410=ORIENTED_EDGE('',*,*,#711,.T.);
#411=ORIENTED_EDGE('',*,*,#771,.F.);
#412=ORIENTED_EDGE('',*,*,#772,.T.);
#413=ORIENTED_EDGE('',*,*,#768,.T.);
#414=ORIENTED_EDGE('',*,*,#665,.F.);
#415=ORIENTED_EDGE('',*,*,#773,.T.);
#416=ORIENTED_EDGE('',*,*,#771,.T.);
#417=ORIENTED_EDGE('',*,*,#774,.F.);
#418=ORIENTED_EDGE('',*,*,#775,.T.);
#419=ORIENTED_EDGE('',*,*,#776,.T.);
#420=ORIENTED_EDGE('',*,*,#676,.F.);
#421=ORIENTED_EDGE('',*,*,#675,.F.);
#422=ORIENTED_EDGE('',*,*,#777,.F.);
#423=ORIENTED_EDGE('',*,*,#778,.T.);
#424=ORIENTED_EDGE('',*,*,#774,.T.);
#425=ORIENTED_EDGE('',*,*,#680,.T.);
#426=ORIENTED_EDGE('',*,*,#779,.F.);
#427=ORIENTED_EDGE('',*,*,#683,.F.);
#428=ORIENTED_EDGE('',*,*,#780,.F.);
#429=ORIENTED_EDGE('',*,*,#781,.T.);
#430=ORIENTED_EDGE('',*,*,#779,.T.);
#431=ORIENTED_EDGE('',*,*,#728,.F.);
#432=ORIENTED_EDGE('',*,*,#782,.T.);
#433=ORIENTED_EDGE('',*,*,#783,.T.);
#434=ORIENTED_EDGE('',*,*,#611,.T.);
#435=ORIENTED_EDGE('',*,*,#699,.F.);
#436=ORIENTED_EDGE('',*,*,#568,.F.);
#437=ORIENTED_EDGE('',*,*,#706,.F.);
#438=ORIENTED_EDGE('',*,*,#784,.T.);
#439=ORIENTED_EDGE('',*,*,#755,.T.);
#440=ORIENTED_EDGE('',*,*,#776,.F.);
#441=ORIENTED_EDGE('',*,*,#785,.T.);
#442=ORIENTED_EDGE('',*,*,#786,.T.);
#443=ORIENTED_EDGE('',*,*,#780,.T.);
#444=ORIENTED_EDGE('',*,*,#713,.F.);
#445=ORIENTED_EDGE('',*,*,#640,.F.);
#446=ORIENTED_EDGE('',*,*,#787,.T.);
#447=ORIENTED_EDGE('',*,*,#732,.T.);
#448=ORIENTED_EDGE('',*,*,#737,.T.);
#449=ORIENTED_EDGE('',*,*,#788,.T.);
#450=ORIENTED_EDGE('',*,*,#655,.F.);
#451=ORIENTED_EDGE('',*,*,#662,.T.);
#452=ORIENTED_EDGE('',*,*,#757,.F.);
#453=ORIENTED_EDGE('',*,*,#759,.T.);
#454=ORIENTED_EDGE('',*,*,#762,.F.);
#455=ORIENTED_EDGE('',*,*,#789,.T.);
#456=ORIENTED_EDGE('',*,*,#668,.F.);
#457=ORIENTED_EDGE('',*,*,#765,.T.);
#458=ORIENTED_EDGE('',*,*,#767,.F.);
#459=ORIENTED_EDGE('',*,*,#770,.T.);
#460=ORIENTED_EDGE('',*,*,#790,.T.);
#461=ORIENTED_EDGE('',*,*,#777,.T.);
#462=ORIENTED_EDGE('',*,*,#781,.F.);
#463=ORIENTED_EDGE('',*,*,#786,.F.);
#464=ORIENTED_EDGE('',*,*,#791,.T.);
#465=ORIENTED_EDGE('',*,*,#597,.F.);
#466=ORIENTED_EDGE('',*,*,#725,.F.);
#467=ORIENTED_EDGE('',*,*,#590,.F.);
#468=ORIENTED_EDGE('',*,*,#792,.T.);
#469=ORIENTED_EDGE('',*,*,#607,.F.);
#470=ORIENTED_EDGE('',*,*,#783,.F.);
#471=ORIENTED_EDGE('',*,*,#793,.T.);
#472=ORIENTED_EDGE('',*,*,#744,.F.);
#473=ORIENTED_EDGE('',*,*,#747,.F.);
#474=ORIENTED_EDGE('',*,*,#636,.F.);
#475=ORIENTED_EDGE('',*,*,#703,.F.);
#476=ORIENTED_EDGE('',*,*,#627,.F.);
#477=ORIENTED_EDGE('',*,*,#794,.T.);
#478=ORIENTED_EDGE('',*,*,#753,.T.);
#479=ORIENTED_EDGE('',*,*,#784,.F.);
#480=ORIENTED_EDGE('',*,*,#705,.T.);
#481=ORIENTED_EDGE('',*,*,#707,.F.);
#482=ORIENTED_EDGE('',*,*,#652,.F.);
#483=ORIENTED_EDGE('',*,*,#795,.F.);
#484=ORIENTED_EDGE('',*,*,#720,.F.);
#485=ORIENTED_EDGE('',*,*,#796,.F.);
#486=ORIENTED_EDGE('',*,*,#742,.F.);
#487=ORIENTED_EDGE('',*,*,#745,.F.);
#488=ORIENTED_EDGE('',*,*,#793,.F.);
#489=ORIENTED_EDGE('',*,*,#782,.F.);
#490=ORIENTED_EDGE('',*,*,#727,.F.);
#491=ORIENTED_EDGE('',*,*,#729,.F.);
#492=ORIENTED_EDGE('',*,*,#603,.F.);
#493=ORIENTED_EDGE('',*,*,#608,.F.);
#494=ORIENTED_EDGE('',*,*,#792,.F.);
#495=ORIENTED_EDGE('',*,*,#589,.F.);
#496=ORIENTED_EDGE('',*,*,#595,.F.);
#497=ORIENTED_EDGE('',*,*,#598,.F.);
#498=ORIENTED_EDGE('',*,*,#791,.F.);
#499=ORIENTED_EDGE('',*,*,#785,.F.);
#500=ORIENTED_EDGE('',*,*,#775,.F.);
#501=ORIENTED_EDGE('',*,*,#778,.F.);
#502=ORIENTED_EDGE('',*,*,#790,.F.);
#503=ORIENTED_EDGE('',*,*,#769,.F.);
#504=ORIENTED_EDGE('',*,*,#772,.F.);
#505=ORIENTED_EDGE('',*,*,#773,.F.);
#506=ORIENTED_EDGE('',*,*,#664,.F.);
#507=ORIENTED_EDGE('',*,*,#669,.F.);
#508=ORIENTED_EDGE('',*,*,#789,.F.);
#509=ORIENTED_EDGE('',*,*,#761,.F.);
#510=ORIENTED_EDGE('',*,*,#763,.F.);
#511=ORIENTED_EDGE('',*,*,#700,.F.);
#512=ORIENTED_EDGE('',*,*,#614,.F.);
#513=ORIENTED_EDGE('',*,*,#797,.F.);
#514=ORIENTED_EDGE('',*,*,#721,.F.);
#515=ORIENTED_EDGE('',*,*,#795,.T.);
#516=ORIENTED_EDGE('',*,*,#651,.F.);
#517=ORIENTED_EDGE('',*,*,#656,.F.);
#518=ORIENTED_EDGE('',*,*,#788,.F.);
#519=ORIENTED_EDGE('',*,*,#736,.F.);
#520=ORIENTED_EDGE('',*,*,#738,.F.);
#521=ORIENTED_EDGE('',*,*,#622,.F.);
#522=ORIENTED_EDGE('',*,*,#796,.T.);
#523=ORIENTED_EDGE('',*,*,#719,.F.);
#524=ORIENTED_EDGE('',*,*,#798,.F.);
#525=ORIENTED_EDGE('',*,*,#750,.F.);
#526=ORIENTED_EDGE('',*,*,#754,.F.);
#527=ORIENTED_EDGE('',*,*,#794,.F.);
#528=ORIENTED_EDGE('',*,*,#626,.F.);
#529=ORIENTED_EDGE('',*,*,#631,.F.);
#530=ORIENTED_EDGE('',*,*,#740,.F.);
#531=ORIENTED_EDGE('',*,*,#743,.F.);
#532=ORIENTED_EDGE('',*,*,#733,.F.);
#533=ORIENTED_EDGE('',*,*,#787,.F.);
#534=ORIENTED_EDGE('',*,*,#639,.F.);
#535=ORIENTED_EDGE('',*,*,#644,.F.);
#536=ORIENTED_EDGE('',*,*,#647,.F.);
#537=ORIENTED_EDGE('',*,*,#749,.F.);
#538=ORIENTED_EDGE('',*,*,#751,.F.);
#539=ORIENTED_EDGE('',*,*,#798,.T.);
#540=ORIENTED_EDGE('',*,*,#718,.F.);
#541=ORIENTED_EDGE('',*,*,#797,.T.);
#542=ORIENTED_EDGE('',*,*,#613,.F.);
#543=ORIENTED_EDGE('',*,*,#618,.F.);
#544=ORIENTED_EDGE('',*,*,#731,.F.);
#545=ORIENTED_EDGE('',*,*,#723,.F.);
#546=ORIENTED_EDGE('',*,*,#799,.F.);
#547=ORIENTED_EDGE('',*,*,#800,.T.);
#548=ORIENTED_EDGE('',*,*,#694,.T.);
#549=ORIENTED_EDGE('',*,*,#722,.T.);
#550=ORIENTED_EDGE('',*,*,#801,.F.);
#551=ORIENTED_EDGE('',*,*,#802,.F.);
#552=ORIENTED_EDGE('',*,*,#799,.T.);
#553=ORIENTED_EDGE('',*,*,#724,.T.);
#554=ORIENTED_EDGE('',*,*,#689,.F.);
#555=ORIENTED_EDGE('',*,*,#803,.F.);
#556=ORIENTED_EDGE('',*,*,#801,.T.);
#557=ORIENTED_EDGE('',*,*,#800,.F.);
#558=ORIENTED_EDGE('',*,*,#802,.T.);
#559=ORIENTED_EDGE('',*,*,#803,.T.);
#560=ORIENTED_EDGE('',*,*,#688,.F.);
#561=EDGE_CURVE('',#804,#805,#963,.T.);
#562=EDGE_CURVE('',#804,#806,#964,.T.);
#563=EDGE_CURVE('',#806,#807,#965,.T.);
#564=EDGE_CURVE('',#808,#807,#966,.T.);
#565=EDGE_CURVE('',#808,#809,#967,.T.);
#566=EDGE_CURVE('',#809,#805,#968,.T.);
#567=EDGE_CURVE('',#810,#811,#969,.T.);
#568=EDGE_CURVE('',#811,#812,#970,.T.);
#569=EDGE_CURVE('',#813,#812,#971,.T.);
#570=EDGE_CURVE('',#814,#813,#972,.T.);
#571=EDGE_CURVE('',#815,#814,#973,.T.);
#572=EDGE_CURVE('',#815,#810,#974,.T.);
#573=EDGE_CURVE('',#816,#817,#975,.T.);
#574=EDGE_CURVE('',#816,#818,#976,.T.);
#575=EDGE_CURVE('',#818,#819,#977,.T.);
#576=EDGE_CURVE('',#820,#819,#978,.T.);
#577=EDGE_CURVE('',#820,#821,#979,.T.);
#578=EDGE_CURVE('',#821,#817,#980,.T.);
#579=EDGE_CURVE('',#822,#823,#981,.T.);
#580=EDGE_CURVE('',#823,#824,#47,.T.);
#581=EDGE_CURVE('',#822,#824,#48,.T.);
#582=EDGE_CURVE('',#825,#826,#982,.T.);
#583=EDGE_CURVE('',#825,#827,#983,.T.);
#584=EDGE_CURVE('',#827,#828,#984,.T.);
#585=EDGE_CURVE('',#828,#829,#985,.T.);
#586=EDGE_CURVE('',#830,#829,#986,.T.);
#587=EDGE_CURVE('',#826,#830,#987,.T.);
#588=EDGE_CURVE('',#831,#832,#988,.T.);
#589=EDGE_CURVE('',#831,#833,#25,.T.);
#590=EDGE_CURVE('',#833,#834,#989,.T.);
#591=EDGE_CURVE('',#834,#835,#990,.T.);
#592=EDGE_CURVE('',#835,#836,#991,.T.);
#593=EDGE_CURVE('',#832,#836,#992,.T.);
#594=EDGE_CURVE('',#837,#838,#993,.T.);
#595=EDGE_CURVE('',#837,#831,#26,.T.);
#596=EDGE_CURVE('',#838,#832,#49,.T.);
#597=EDGE_CURVE('',#839,#840,#994,.T.);
#598=EDGE_CURVE('',#840,#837,#27,.T.);
#599=EDGE_CURVE('',#841,#838,#995,.T.);
#600=EDGE_CURVE('',#842,#841,#996,.T.);
#601=EDGE_CURVE('',#839,#842,#997,.T.);
#602=EDGE_CURVE('',#843,#844,#998,.T.);
#603=EDGE_CURVE('',#843,#845,#28,.T.);
#604=EDGE_CURVE('',#845,#822,#999,.T.);
#605=EDGE_CURVE('',#824,#846,#1000,.T.);
#606=EDGE_CURVE('',#844,#846,#50,.T.);
#607=EDGE_CURVE('',#847,#848,#1001,.T.);
#608=EDGE_CURVE('',#848,#843,#29,.T.);
#609=EDGE_CURVE('',#849,#844,#1002,.T.);
#610=EDGE_CURVE('',#850,#849,#1003,.T.);
#611=EDGE_CURVE('',#847,#850,#1004,.T.);
#612=EDGE_CURVE('',#851,#852,#1005,.T.);
#613=EDGE_CURVE('',#851,#853,#1006,.F.);
#614=EDGE_CURVE('',#853,#854,#51,.F.);
#615=EDGE_CURVE('',#854,#855,#1007,.T.);
#616=EDGE_CURVE('',#855,#852,#1008,.T.);
#617=EDGE_CURVE('',#856,#825,#1009,.T.);
#618=EDGE_CURVE('',#856,#851,#52,.F.);
#619=EDGE_CURVE('',#852,#857,#1010,.T.);
#620=EDGE_CURVE('',#827,#857,#1011,.T.);
#621=EDGE_CURVE('',#858,#859,#1012,.T.);
#622=EDGE_CURVE('',#858,#860,#53,.F.);
#623=EDGE_CURVE('',#860,#828,#1013,.T.);
#624=EDGE_CURVE('',#857,#859,#1014,.T.);
#625=EDGE_CURVE('',#861,#862,#1015,.T.);
#626=EDGE_CURVE('',#861,#863,#54,.T.);
#627=EDGE_CURVE('',#863,#864,#1016,.T.);
#628=EDGE_CURVE('',#864,#865,#1017,.T.);
#629=EDGE_CURVE('',#862,#865,#1018,.T.);
#630=EDGE_CURVE('',#866,#818,#1019,.T.);
#631=EDGE_CURVE('',#866,#861,#1020,.F.);
#632=EDGE_CURVE('',#862,#867,#1021,.T.);
#633=EDGE_CURVE('',#819,#867,#1022,.T.);
#634=EDGE_CURVE('',#868,#867,#1023,.T.);
#635=EDGE_CURVE('',#869,#868,#1024,.T.);
#636=EDGE_CURVE('',#869,#870,#1025,.T.);
#637=EDGE_CURVE('',#870,#820,#1026,.T.);
#638=EDGE_CURVE('',#871,#872,#1027,.T.);
#639=EDGE_CURVE('',#871,#873,#55,.T.);
#640=EDGE_CURVE('',#873,#874,#1028,.T.);
#641=EDGE_CURVE('',#874,#875,#1029,.T.);
#642=EDGE_CURVE('',#872,#875,#1030,.T.);
#643=EDGE_CURVE('',#876,#877,#1031,.T.);
#644=EDGE_CURVE('',#876,#871,#1032,.F.);
#645=EDGE_CURVE('',#872,#877,#1033,.T.);
#646=EDGE_CURVE('',#878,#815,#1034,.T.);
#647=EDGE_CURVE('',#878,#876,#56,.F.);
#648=EDGE_CURVE('',#877,#879,#1035,.T.);
#649=EDGE_CURVE('',#810,#879,#1036,.T.);
#650=EDGE_CURVE('',#880,#881,#1037,.T.);
#651=EDGE_CURVE('',#880,#882,#1038,.F.);
#652=EDGE_CURVE('',#882,#883,#30,.T.);
#653=EDGE_CURVE('',#883,#884,#1039,.T.);
#654=EDGE_CURVE('',#881,#884,#1040,.T.);
#655=EDGE_CURVE('',#885,#886,#1041,.T.);
#656=EDGE_CURVE('',#886,#880,#57,.T.);
#657=EDGE_CURVE('',#887,#881,#1042,.T.);
#658=EDGE_CURVE('',#885,#887,#1043,.T.);
#659=EDGE_CURVE('',#887,#888,#1044,.T.);
#660=EDGE_CURVE('',#805,#888,#1045,.T.);
#661=EDGE_CURVE('',#889,#809,#1046,.T.);
#662=EDGE_CURVE('',#885,#889,#1047,.T.);
#663=EDGE_CURVE('',#890,#891,#1048,.T.);
#664=EDGE_CURVE('',#890,#892,#31,.T.);
#665=EDGE_CURVE('',#892,#893,#1049,.T.);
#666=EDGE_CURVE('',#893,#894,#1050,.T.);
#667=EDGE_CURVE('',#891,#894,#58,.T.);
#668=EDGE_CURVE('',#895,#896,#1051,.T.);
#669=EDGE_CURVE('',#896,#890,#32,.T.);
#670=EDGE_CURVE('',#897,#891,#1052,.T.);
#671=EDGE_CURVE('',#898,#897,#1053,.T.);
#672=EDGE_CURVE('',#895,#898,#1054,.T.);
#673=EDGE_CURVE('',#899,#900,#59,.T.);
#674=EDGE_CURVE('',#901,#899,#1055,.T.);
#675=EDGE_CURVE('',#901,#902,#60,.T.);
#676=EDGE_CURVE('',#902,#903,#61,.T.);
#677=EDGE_CURVE('',#903,#900,#1056,.T.);
#678=EDGE_CURVE('',#899,#904,#1057,.T.);
#679=EDGE_CURVE('',#905,#904,#1058,.T.);
#680=EDGE_CURVE('',#901,#905,#1059,.T.);
#681=EDGE_CURVE('',#906,#904,#1060,.T.);
#682=EDGE_CURVE('',#907,#906,#1061,.T.);
#683=EDGE_CURVE('',#907,#905,#1062,.T.);
#684=EDGE_CURVE('',#908,#909,#1063,.T.);
#685=EDGE_CURVE('',#910,#908,#1064,.T.);
#686=EDGE_CURVE('',#910,#911,#1065,.T.);
#687=EDGE_CURVE('',#911,#909,#1066,.T.);
#688=EDGE_CURVE('',#912,#913,#1067,.T.);
#689=EDGE_CURVE('',#913,#914,#1068,.T.);
#690=EDGE_CURVE('',#914,#915,#1069,.T.);
#691=EDGE_CURVE('',#916,#915,#1070,.T.);
#692=EDGE_CURVE('',#910,#916,#1071,.T.);
#693=EDGE_CURVE('',#908,#917,#1072,.T.);
#694=EDGE_CURVE('',#912,#917,#1073,.T.);
#695=EDGE_CURVE('',#915,#918,#1074,.T.);
#696=EDGE_CURVE('',#919,#918,#1075,.T.);
#697=EDGE_CURVE('',#916,#919,#1076,.T.);
#698=EDGE_CURVE('',#846,#849,#1077,.T.);
#699=EDGE_CURVE('',#824,#850,#1078,.T.);
#700=EDGE_CURVE('',#854,#858,#1079,.F.);
#701=EDGE_CURVE('',#855,#859,#1080,.T.);
#702=EDGE_CURVE('',#865,#868,#1081,.T.);
#703=EDGE_CURVE('',#864,#869,#1082,.T.);
#704=EDGE_CURVE('',#879,#875,#1083,.T.);
#705=EDGE_CURVE('',#920,#874,#1084,.T.);
#706=EDGE_CURVE('',#920,#811,#1085,.T.);
#707=EDGE_CURVE('',#883,#921,#33,.T.);
#708=EDGE_CURVE('',#921,#804,#1086,.T.);
#709=EDGE_CURVE('',#884,#888,#1087,.T.);
#710=EDGE_CURVE('',#897,#894,#1088,.T.);
#711=EDGE_CURVE('',#898,#893,#1089,.T.);
#712=EDGE_CURVE('',#900,#906,#1090,.T.);
#713=EDGE_CURVE('',#903,#907,#1091,.T.);
#714=EDGE_CURVE('',#909,#918,#1092,.T.);
#715=EDGE_CURVE('',#911,#919,#1093,.T.);
#716=EDGE_CURVE('',#836,#841,#1094,.T.);
#717=EDGE_CURVE('',#835,#842,#1095,.T.);
#718=EDGE_CURVE('',#922,#923,#1096,.T.);
#719=EDGE_CURVE('',#923,#924,#1097,.T.);
#720=EDGE_CURVE('',#924,#925,#62,.F.);
#721=EDGE_CURVE('',#925,#922,#1098,.T.);
#722=EDGE_CURVE('',#926,#927,#1099,.T.);
#723=EDGE_CURVE('',#926,#917,#1100,.T.);
#724=EDGE_CURVE('',#927,#914,#1101,.T.);
#725=EDGE_CURVE('',#834,#839,#1102,.T.);
#726=EDGE_CURVE('',#928,#823,#1103,.T.);
#727=EDGE_CURVE('',#928,#929,#34,.T.);
#728=EDGE_CURVE('',#929,#824,#1104,.T.);
#729=EDGE_CURVE('',#845,#928,#35,.T.);
#730=EDGE_CURVE('',#930,#826,#1105,.T.);
#731=EDGE_CURVE('',#930,#856,#1106,.F.);
#732=EDGE_CURVE('',#931,#932,#1107,.T.);
#733=EDGE_CURVE('',#931,#930,#63,.F.);
#734=EDGE_CURVE('',#932,#830,#1108,.T.);
#735=EDGE_CURVE('',#933,#829,#1109,.T.);
#736=EDGE_CURVE('',#933,#934,#64,.F.);
#737=EDGE_CURVE('',#932,#934,#1110,.T.);
#738=EDGE_CURVE('',#860,#933,#1111,.F.);
#739=EDGE_CURVE('',#935,#816,#1112,.T.);
#740=EDGE_CURVE('',#935,#866,#65,.T.);
#741=EDGE_CURVE('',#936,#817,#1113,.T.);
#742=EDGE_CURVE('',#936,#937,#36,.T.);
#743=EDGE_CURVE('',#937,#935,#1114,.F.);
#744=EDGE_CURVE('',#938,#939,#1115,.T.);
#745=EDGE_CURVE('',#939,#936,#37,.T.);
#746=EDGE_CURVE('',#938,#821,#1116,.T.);
#747=EDGE_CURVE('',#870,#938,#1117,.T.);
#748=EDGE_CURVE('',#940,#814,#1118,.T.);
#749=EDGE_CURVE('',#940,#878,#1119,.F.);
#750=EDGE_CURVE('',#941,#942,#1120,.F.);
#751=EDGE_CURVE('',#942,#940,#66,.F.);
#752=EDGE_CURVE('',#941,#813,#1121,.T.);
#753=EDGE_CURVE('',#943,#944,#1122,.T.);
#754=EDGE_CURVE('',#943,#941,#67,.F.);
#755=EDGE_CURVE('',#944,#812,#1123,.T.);
#756=EDGE_CURVE('',#945,#808,#1124,.T.);
#757=EDGE_CURVE('',#945,#889,#1125,.T.);
#758=EDGE_CURVE('',#946,#807,#1126,.T.);
#759=EDGE_CURVE('',#945,#946,#1127,.T.);
#760=EDGE_CURVE('',#947,#806,#1128,.T.);
#761=EDGE_CURVE('',#947,#948,#38,.T.);
#762=EDGE_CURVE('',#948,#946,#1129,.T.);
#763=EDGE_CURVE('',#921,#947,#39,.T.);
#764=EDGE_CURVE('',#949,#898,#1130,.T.);
#765=EDGE_CURVE('',#895,#949,#1131,.T.);
#766=EDGE_CURVE('',#950,#898,#1132,.T.);
#767=EDGE_CURVE('',#950,#949,#1133,.T.);
#768=EDGE_CURVE('',#951,#893,#1134,.T.);
#769=EDGE_CURVE('',#951,#952,#40,.T.);
#770=EDGE_CURVE('',#950,#952,#1135,.T.);
#771=EDGE_CURVE('',#953,#893,#1136,.T.);
#772=EDGE_CURVE('',#953,#951,#41,.T.);
#773=EDGE_CURVE('',#892,#953,#42,.T.);
#774=EDGE_CURVE('',#954,#901,#1137,.T.);
#775=EDGE_CURVE('',#954,#955,#43,.T.);
#776=EDGE_CURVE('',#955,#903,#1138,.T.);
#777=EDGE_CURVE('',#956,#957,#1139,.T.);
#778=EDGE_CURVE('',#956,#954,#44,.T.);
#779=EDGE_CURVE('',#957,#905,#1140,.T.);
#780=EDGE_CURVE('',#958,#907,#1141,.T.);
#781=EDGE_CURVE('',#958,#957,#1142,.T.);
#782=EDGE_CURVE('',#929,#959,#45,.T.);
#783=EDGE_CURVE('',#959,#847,#1143,.T.);
#784=EDGE_CURVE('',#920,#944,#1144,.T.);
#785=EDGE_CURVE('',#955,#960,#46,.T.);
#786=EDGE_CURVE('',#960,#958,#1145,.T.);
#787=EDGE_CURVE('',#873,#931,#1146,.F.);
#788=EDGE_CURVE('',#934,#886,#1147,.T.);
#789=EDGE_CURVE('',#948,#896,#68,.T.);
#790=EDGE_CURVE('',#952,#956,#69,.T.);
#791=EDGE_CURVE('',#960,#840,#70,.T.);
#792=EDGE_CURVE('',#833,#848,#71,.T.);
#793=EDGE_CURVE('',#959,#939,#72,.T.);
#794=EDGE_CURVE('',#863,#943,#1148,.F.);
#795=EDGE_CURVE('',#925,#882,#73,.T.);
#796=EDGE_CURVE('',#937,#924,#74,.T.);
#797=EDGE_CURVE('',#922,#853,#12,.T.);
#798=EDGE_CURVE('',#942,#923,#13,.F.);
#799=EDGE_CURVE('',#961,#926,#1149,.T.);
#800=EDGE_CURVE('',#961,#912,#1150,.T.);
#801=EDGE_CURVE('',#962,#927,#1151,.T.);
#802=EDGE_CURVE('',#961,#962,#1152,.T.);
#803=EDGE_CURVE('',#962,#913,#1153,.T.);
#804=VERTEX_POINT('',#2204);
#805=VERTEX_POINT('',#2205);
#806=VERTEX_POINT('',#2207);
#807=VERTEX_POINT('',#2209);
#808=VERTEX_POINT('',#2211);
#809=VERTEX_POINT('',#2213);
#810=VERTEX_POINT('',#2217);
#811=VERTEX_POINT('',#2218);
#812=VERTEX_POINT('',#2220);
#813=VERTEX_POINT('',#2222);
#814=VERTEX_POINT('',#2224);
#815=VERTEX_POINT('',#2226);
#816=VERTEX_POINT('',#2230);
#817=VERTEX_POINT('',#2231);
#818=VERTEX_POINT('',#2233);
#819=VERTEX_POINT('',#2235);
#820=VERTEX_POINT('',#2237);
#821=VERTEX_POINT('',#2239);
#822=VERTEX_POINT('',#2243);
#823=VERTEX_POINT('',#2244);
#824=VERTEX_POINT('',#2246);
#825=VERTEX_POINT('',#2250);
#826=VERTEX_POINT('',#2251);
#827=VERTEX_POINT('',#2253);
#828=VERTEX_POINT('',#2255);
#829=VERTEX_POINT('',#2257);
#830=VERTEX_POINT('',#2259);
#831=VERTEX_POINT('',#2263);
#832=VERTEX_POINT('',#2264);
#833=VERTEX_POINT('',#2269);
#834=VERTEX_POINT('',#2271);
#835=VERTEX_POINT('',#2273);
#836=VERTEX_POINT('',#2275);
#837=VERTEX_POINT('',#2279);
#838=VERTEX_POINT('',#2280);
#839=VERTEX_POINT('',#2290);
#840=VERTEX_POINT('',#2291);
#841=VERTEX_POINT('',#2297);
#842=VERTEX_POINT('',#2299);
#843=VERTEX_POINT('',#2303);
#844=VERTEX_POINT('',#2304);
#845=VERTEX_POINT('',#2309);
#846=VERTEX_POINT('',#2312);
#847=VERTEX_POINT('',#2316);
#848=VERTEX_POINT('',#2317);
#849=VERTEX_POINT('',#2323);
#850=VERTEX_POINT('',#2325);
#851=VERTEX_POINT('',#2329);
#852=VERTEX_POINT('',#2330);
#853=VERTEX_POINT('',#2332);
#854=VERTEX_POINT('',#2334);
#855=VERTEX_POINT('',#2336);
#856=VERTEX_POINT('',#2340);
#857=VERTEX_POINT('',#2343);
#858=VERTEX_POINT('',#2347);
#859=VERTEX_POINT('',#2348);
#860=VERTEX_POINT('',#2350);
#861=VERTEX_POINT('',#2355);
#862=VERTEX_POINT('',#2356);
#863=VERTEX_POINT('',#2358);
#864=VERTEX_POINT('',#2360);
#865=VERTEX_POINT('',#2362);
#866=VERTEX_POINT('',#2366);
#867=VERTEX_POINT('',#2369);
#868=VERTEX_POINT('',#2373);
#869=VERTEX_POINT('',#2375);
#870=VERTEX_POINT('',#2377);
#871=VERTEX_POINT('',#2381);
#872=VERTEX_POINT('',#2382);
#873=VERTEX_POINT('',#2384);
#874=VERTEX_POINT('',#2386);
#875=VERTEX_POINT('',#2388);
#876=VERTEX_POINT('',#2392);
#877=VERTEX_POINT('',#2393);
#878=VERTEX_POINT('',#2398);
#879=VERTEX_POINT('',#2401);
#880=VERTEX_POINT('',#2405);
#881=VERTEX_POINT('',#2406);
#882=VERTEX_POINT('',#2408);
#883=VERTEX_POINT('',#2413);
#884=VERTEX_POINT('',#2415);
#885=VERTEX_POINT('',#2419);
#886=VERTEX_POINT('',#2420);
#887=VERTEX_POINT('',#2423);
#888=VERTEX_POINT('',#2427);
#889=VERTEX_POINT('',#2430);
#890=VERTEX_POINT('',#2434);
#891=VERTEX_POINT('',#2435);
#892=VERTEX_POINT('',#2442);
#893=VERTEX_POINT('',#2444);
#894=VERTEX_POINT('',#2446);
#895=VERTEX_POINT('',#2450);
#896=VERTEX_POINT('',#2451);
#897=VERTEX_POINT('',#2457);
#898=VERTEX_POINT('',#2459);
#899=VERTEX_POINT('',#2463);
#900=VERTEX_POINT('',#2464);
#901=VERTEX_POINT('',#2466);
#902=VERTEX_POINT('',#2468);
#903=VERTEX_POINT('',#2470);
#904=VERTEX_POINT('',#2474);
#905=VERTEX_POINT('',#2476);
#906=VERTEX_POINT('',#2480);
#907=VERTEX_POINT('',#2482);
#908=VERTEX_POINT('',#2486);
#909=VERTEX_POINT('',#2487);
#910=VERTEX_POINT('',#2489);
#911=VERTEX_POINT('',#2491);
#912=VERTEX_POINT('',#2495);
#913=VERTEX_POINT('',#2496);
#914=VERTEX_POINT('',#2498);
#915=VERTEX_POINT('',#2500);
#916=VERTEX_POINT('',#2502);
#917=VERTEX_POINT('',#2505);
#918=VERTEX_POINT('',#2509);
#919=VERTEX_POINT('',#2511);
#920=VERTEX_POINT('',#2525);
#921=VERTEX_POINT('',#2532);
#922=VERTEX_POINT('',#2549);
#923=VERTEX_POINT('',#2550);
#924=VERTEX_POINT('',#2552);
#925=VERTEX_POINT('',#2554);
#926=VERTEX_POINT('',#2558);
#927=VERTEX_POINT('',#2559);
#928=VERTEX_POINT('',#2566);
#929=VERTEX_POINT('',#2573);
#930=VERTEX_POINT('',#2582);
#931=VERTEX_POINT('',#2586);
#932=VERTEX_POINT('',#2587);
#933=VERTEX_POINT('',#2592);
#934=VERTEX_POINT('',#2594);
#935=VERTEX_POINT('',#2600);
#936=VERTEX_POINT('',#2604);
#937=VERTEX_POINT('',#2609);
#938=VERTEX_POINT('',#2613);
#939=VERTEX_POINT('',#2614);
#940=VERTEX_POINT('',#2624);
#941=VERTEX_POINT('',#2628);
#942=VERTEX_POINT('',#2629);
#943=VERTEX_POINT('',#2634);
#944=VERTEX_POINT('',#2635);
#945=VERTEX_POINT('',#2640);
#946=VERTEX_POINT('',#2644);
#947=VERTEX_POINT('',#2648);
#948=VERTEX_POINT('',#2653);
#949=VERTEX_POINT('',#2662);
#950=VERTEX_POINT('',#2666);
#951=VERTEX_POINT('',#2670);
#952=VERTEX_POINT('',#2675);
#953=VERTEX_POINT('',#2679);
#954=VERTEX_POINT('',#2691);
#955=VERTEX_POINT('',#2697);
#956=VERTEX_POINT('',#2701);
#957=VERTEX_POINT('',#2702);
#958=VERTEX_POINT('',#2710);
#959=VERTEX_POINT('',#2717);
#960=VERTEX_POINT('',#2726);
#961=VERTEX_POINT('',#2747);
#962=VERTEX_POINT('',#2751);
#963=LINE('',#2203,#1154);
#964=LINE('',#2206,#1155);
#965=LINE('',#2208,#1156);
#966=LINE('',#2210,#1157);
#967=LINE('',#2212,#1158);
#968=LINE('',#2214,#1159);
#969=LINE('',#2216,#1160);
#970=LINE('',#2219,#1161);
#971=LINE('',#2221,#1162);
#972=LINE('',#2223,#1163);
#973=LINE('',#2225,#1164);
#974=LINE('',#2227,#1165);
#975=LINE('',#2229,#1166);
#976=LINE('',#2232,#1167);
#977=LINE('',#2234,#1168);
#978=LINE('',#2236,#1169);
#979=LINE('',#2238,#1170);
#980=LINE('',#2240,#1171);
#981=LINE('',#2242,#1172);
#982=LINE('',#2249,#1173);
#983=LINE('',#2252,#1174);
#984=LINE('',#2254,#1175);
#985=LINE('',#2256,#1176);
#986=LINE('',#2258,#1177);
#987=LINE('',#2260,#1178);
#988=LINE('',#2262,#1179);
#989=LINE('',#2270,#1180);
#990=LINE('',#2272,#1181);
#991=LINE('',#2274,#1182);
#992=LINE('',#2276,#1183);
#993=LINE('',#2278,#1184);
#994=LINE('',#2289,#1185);
#995=LINE('',#2296,#1186);
#996=LINE('',#2298,#1187);
#997=LINE('',#2300,#1188);
#998=LINE('',#2302,#1189);
#999=LINE('',#2310,#1190);
#1000=LINE('',#2311,#1191);
#1001=LINE('',#2315,#1192);
#1002=LINE('',#2322,#1193);
#1003=LINE('',#2324,#1194);
#1004=LINE('',#2326,#1195);
#1005=LINE('',#2328,#1196);
#1006=LINE('',#2331,#1197);
#1007=LINE('',#2335,#1198);
#1008=LINE('',#2337,#1199);
#1009=LINE('',#2339,#1200);
#1010=LINE('',#2342,#1201);
#1011=LINE('',#2344,#1202);
#1012=LINE('',#2346,#1203);
#1013=LINE('',#2351,#1204);
#1014=LINE('',#2352,#1205);
#1015=LINE('',#2354,#1206);
#1016=LINE('',#2359,#1207);
#1017=LINE('',#2361,#1208);
#1018=LINE('',#2363,#1209);
#1019=LINE('',#2365,#1210);
#1020=LINE('',#2367,#1211);
#1021=LINE('',#2368,#1212);
#1022=LINE('',#2370,#1213);
#1023=LINE('',#2372,#1214);
#1024=LINE('',#2374,#1215);
#1025=LINE('',#2376,#1216);
#1026=LINE('',#2378,#1217);
#1027=LINE('',#2380,#1218);
#1028=LINE('',#2385,#1219);
#1029=LINE('',#2387,#1220);
#1030=LINE('',#2389,#1221);
#1031=LINE('',#2391,#1222);
#1032=LINE('',#2394,#1223);
#1033=LINE('',#2395,#1224);
#1034=LINE('',#2397,#1225);
#1035=LINE('',#2400,#1226);
#1036=LINE('',#2402,#1227);
#1037=LINE('',#2404,#1228);
#1038=LINE('',#2407,#1229);
#1039=LINE('',#2414,#1230);
#1040=LINE('',#2416,#1231);
#1041=LINE('',#2418,#1232);
#1042=LINE('',#2422,#1233);
#1043=LINE('',#2424,#1234);
#1044=LINE('',#2426,#1235);
#1045=LINE('',#2428,#1236);
#1046=LINE('',#2429,#1237);
#1047=LINE('',#2431,#1238);
#1048=LINE('',#2433,#1239);
#1049=LINE('',#2443,#1240);
#1050=LINE('',#2445,#1241);
#1051=LINE('',#2449,#1242);
#1052=LINE('',#2456,#1243);
#1053=LINE('',#2458,#1244);
#1054=LINE('',#2460,#1245);
#1055=LINE('',#2465,#1246);
#1056=LINE('',#2471,#1247);
#1057=LINE('',#2473,#1248);
#1058=LINE('',#2475,#1249);
#1059=LINE('',#2477,#1250);
#1060=LINE('',#2479,#1251);
#1061=LINE('',#2481,#1252);
#1062=LINE('',#2483,#1253);
#1063=LINE('',#2485,#1254);
#1064=LINE('',#2488,#1255);
#1065=LINE('',#2490,#1256);
#1066=LINE('',#2492,#1257);
#1067=LINE('',#2494,#1258);
#1068=LINE('',#2497,#1259);
#1069=LINE('',#2499,#1260);
#1070=LINE('',#2501,#1261);
#1071=LINE('',#2503,#1262);
#1072=LINE('',#2504,#1263);
#1073=LINE('',#2506,#1264);
#1074=LINE('',#2508,#1265);
#1075=LINE('',#2510,#1266);
#1076=LINE('',#2512,#1267);
#1077=LINE('',#2514,#1268);
#1078=LINE('',#2515,#1269);
#1079=LINE('',#2517,#1270);
#1080=LINE('',#2518,#1271);
#1081=LINE('',#2520,#1272);
#1082=LINE('',#2521,#1273);
#1083=LINE('',#2523,#1274);
#1084=LINE('',#2524,#1275);
#1085=LINE('',#2526,#1276);
#1086=LINE('',#2533,#1277);
#1087=LINE('',#2534,#1278);
#1088=LINE('',#2536,#1279);
#1089=LINE('',#2537,#1280);
#1090=LINE('',#2539,#1281);
#1091=LINE('',#2540,#1282);
#1092=LINE('',#2542,#1283);
#1093=LINE('',#2543,#1284);
#1094=LINE('',#2545,#1285);
#1095=LINE('',#2546,#1286);
#1096=LINE('',#2548,#1287);
#1097=LINE('',#2551,#1288);
#1098=LINE('',#2555,#1289);
#1099=LINE('',#2557,#1290);
#1100=LINE('',#2560,#1291);
#1101=LINE('',#2561,#1292);
#1102=LINE('',#2563,#1293);
#1103=LINE('',#2565,#1294);
#1104=LINE('',#2574,#1295);
#1105=LINE('',#2581,#1296);
#1106=LINE('',#2583,#1297);
#1107=LINE('',#2585,#1298);
#1108=LINE('',#2589,#1299);
#1109=LINE('',#2591,#1300);
#1110=LINE('',#2595,#1301);
#1111=LINE('',#2597,#1302);
#1112=LINE('',#2599,#1303);
#1113=LINE('',#2603,#1304);
#1114=LINE('',#2610,#1305);
#1115=LINE('',#2612,#1306);
#1116=LINE('',#2619,#1307);
#1117=LINE('',#2621,#1308);
#1118=LINE('',#2623,#1309);
#1119=LINE('',#2625,#1310);
#1120=LINE('',#2627,#1311);
#1121=LINE('',#2631,#1312);
#1122=LINE('',#2633,#1313);
#1123=LINE('',#2637,#1314);
#1124=LINE('',#2639,#1315);
#1125=LINE('',#2641,#1316);
#1126=LINE('',#2643,#1317);
#1127=LINE('',#2645,#1318);
#1128=LINE('',#2647,#1319);
#1129=LINE('',#2654,#1320);
#1130=LINE('',#2661,#1321);
#1131=LINE('',#2663,#1322);
#1132=LINE('',#2665,#1323);
#1133=LINE('',#2667,#1324);
#1134=LINE('',#2669,#1325);
#1135=LINE('',#2676,#1326);
#1136=LINE('',#2678,#1327);
#1137=LINE('',#2690,#1328);
#1138=LINE('',#2698,#1329);
#1139=LINE('',#2700,#1330);
#1140=LINE('',#2707,#1331);
#1141=LINE('',#2709,#1332);
#1142=LINE('',#2711,#1333);
#1143=LINE('',#2718,#1334);
#1144=LINE('',#2720,#1335);
#1145=LINE('',#2727,#1336);
#1146=LINE('',#2729,#1337);
#1147=LINE('',#2730,#1338);
#1148=LINE('',#2736,#1339);
#1149=LINE('',#2746,#1340);
#1150=LINE('',#2748,#1341);
#1151=LINE('',#2750,#1342);
#1152=LINE('',#2752,#1343);
#1153=LINE('',#2754,#1344);
#1154=VECTOR('',#1794,1.);
#1155=VECTOR('',#1795,1.);
#1156=VECTOR('',#1796,1.);
#1157=VECTOR('',#1797,1.);
#1158=VECTOR('',#1798,1.);
#1159=VECTOR('',#1799,1.);
#1160=VECTOR('',#1802,1.);
#1161=VECTOR('',#1803,1.);
#1162=VECTOR('',#1804,1.);
#1163=VECTOR('',#1805,1.);
#1164=VECTOR('',#1806,1.);
#1165=VECTOR('',#1807,1.);
#1166=VECTOR('',#1810,1.);
#1167=VECTOR('',#1811,1.);
#1168=VECTOR('',#1812,1.);
#1169=VECTOR('',#1813,1.);
#1170=VECTOR('',#1814,1.);
#1171=VECTOR('',#1815,1.);
#1172=VECTOR('',#1818,1.);
#1173=VECTOR('',#1825,1.);
#1174=VECTOR('',#1826,1.);
#1175=VECTOR('',#1827,1.);
#1176=VECTOR('',#1828,1.);
#1177=VECTOR('',#1829,1.);
#1178=VECTOR('',#1830,1.);
#1179=VECTOR('',#1833,1.);
#1180=VECTOR('',#1834,1.);
#1181=VECTOR('',#1835,1.);
#1182=VECTOR('',#1836,1.);
#1183=VECTOR('',#1837,1.);
#1184=VECTOR('',#1840,1.);
#1185=VECTOR('',#1845,1.);
#1186=VECTOR('',#1846,1.);
#1187=VECTOR('',#1847,1.);
#1188=VECTOR('',#1848,1.);
#1189=VECTOR('',#1851,1.);
#1190=VECTOR('',#1852,1.);
#1191=VECTOR('',#1853,1.);
#1192=VECTOR('',#1858,1.);
#1193=VECTOR('',#1859,1.);
#1194=VECTOR('',#1860,1.);
#1195=VECTOR('',#1861,1.);
#1196=VECTOR('',#1864,1.);
#1197=VECTOR('',#1865,1.);
#1198=VECTOR('',#1868,1.);
#1199=VECTOR('',#1869,1.);
#1200=VECTOR('',#1872,1.);
#1201=VECTOR('',#1875,1.);
#1202=VECTOR('',#1876,1.);
#1203=VECTOR('',#1879,1.);
#1204=VECTOR('',#1882,1.);
#1205=VECTOR('',#1883,1.);
#1206=VECTOR('',#1886,1.);
#1207=VECTOR('',#1889,1.);
#1208=VECTOR('',#1890,1.);
#1209=VECTOR('',#1891,1.);
#1210=VECTOR('',#1894,1.);
#1211=VECTOR('',#1895,1.);
#1212=VECTOR('',#1896,1.);
#1213=VECTOR('',#1897,1.);
#1214=VECTOR('',#1900,1.);
#1215=VECTOR('',#1901,1.);
#1216=VECTOR('',#1902,1.);
#1217=VECTOR('',#1903,1.);
#1218=VECTOR('',#1906,1.);
#1219=VECTOR('',#1909,1.);
#1220=VECTOR('',#1910,1.);
#1221=VECTOR('',#1911,1.);
#1222=VECTOR('',#1914,1.);
#1223=VECTOR('',#1915,1.);
#1224=VECTOR('',#1916,1.);
#1225=VECTOR('',#1919,1.);
#1226=VECTOR('',#1922,1.);
#1227=VECTOR('',#1923,1.);
#1228=VECTOR('',#1926,1.);
#1229=VECTOR('',#1927,1.);
#1230=VECTOR('',#1928,1.);
#1231=VECTOR('',#1929,1.);
#1232=VECTOR('',#1932,1.);
#1233=VECTOR('',#1935,1.);
#1234=VECTOR('',#1936,1.);
#1235=VECTOR('',#1939,1.);
#1236=VECTOR('',#1940,1.);
#1237=VECTOR('',#1941,1.);
#1238=VECTOR('',#1942,1.);
#1239=VECTOR('',#1945,1.);
#1240=VECTOR('',#1946,1.);
#1241=VECTOR('',#1947,1.);
#1242=VECTOR('',#1952,1.);
#1243=VECTOR('',#1953,1.);
#1244=VECTOR('',#1954,1.);
#1245=VECTOR('',#1955,1.);
#1246=VECTOR('',#1960,1.);
#1247=VECTOR('',#1965,1.);
#1248=VECTOR('',#1968,1.);
#1249=VECTOR('',#1969,1.);
#1250=VECTOR('',#1970,1.);
#1251=VECTOR('',#1973,1.);
#1252=VECTOR('',#1974,1.);
#1253=VECTOR('',#1975,1.);
#1254=VECTOR('',#1978,1.);
#1255=VECTOR('',#1979,1.);
#1256=VECTOR('',#1980,1.);
#1257=VECTOR('',#1981,1.);
#1258=VECTOR('',#1984,1.);
#1259=VECTOR('',#1985,1.);
#1260=VECTOR('',#1986,1.);
#1261=VECTOR('',#1987,1.);
#1262=VECTOR('',#1988,1.);
#1263=VECTOR('',#1989,1.);
#1264=VECTOR('',#1990,1.);
#1265=VECTOR('',#1993,1.);
#1266=VECTOR('',#1994,1.);
#1267=VECTOR('',#1995,1.);
#1268=VECTOR('',#1998,1.);
#1269=VECTOR('',#1999,1.);
#1270=VECTOR('',#2002,1.);
#1271=VECTOR('',#2003,1.);
#1272=VECTOR('',#2006,1.);
#1273=VECTOR('',#2007,1.);
#1274=VECTOR('',#2010,1.);
#1275=VECTOR('',#2011,1.);
#1276=VECTOR('',#2012,1.);
#1277=VECTOR('',#2015,1.);
#1278=VECTOR('',#2016,1.);
#1279=VECTOR('',#2019,1.);
#1280=VECTOR('',#2020,1.);
#1281=VECTOR('',#2023,1.);
#1282=VECTOR('',#2024,1.);
#1283=VECTOR('',#2027,1.);
#1284=VECTOR('',#2028,1.);
#1285=VECTOR('',#2031,1.);
#1286=VECTOR('',#2032,1.);
#1287=VECTOR('',#2035,1.);
#1288=VECTOR('',#2036,1.);
#1289=VECTOR('',#2039,1.);
#1290=VECTOR('',#2042,1.);
#1291=VECTOR('',#2043,1.);
#1292=VECTOR('',#2044,1.);
#1293=VECTOR('',#2047,1.);
#1294=VECTOR('',#2050,1.);
#1295=VECTOR('',#2051,1.);
#1296=VECTOR('',#2056,1.);
#1297=VECTOR('',#2057,1.);
#1298=VECTOR('',#2060,1.);
#1299=VECTOR('',#2063,1.);
#1300=VECTOR('',#2066,1.);
#1301=VECTOR('',#2069,1.);
#1302=VECTOR('',#2072,1.);
#1303=VECTOR('',#2075,1.);
#1304=VECTOR('',#2080,1.);
#1305=VECTOR('',#2081,1.);
#1306=VECTOR('',#2084,1.);
#1307=VECTOR('',#2085,1.);
#1308=VECTOR('',#2088,1.);
#1309=VECTOR('',#2091,1.);
#1310=VECTOR('',#2092,1.);
#1311=VECTOR('',#2095,1.);
#1312=VECTOR('',#2098,1.);
#1313=VECTOR('',#2101,1.);
#1314=VECTOR('',#2104,1.);
#1315=VECTOR('',#2107,1.);
#1316=VECTOR('',#2108,1.);
#1317=VECTOR('',#2111,1.);
#1318=VECTOR('',#2112,1.);
#1319=VECTOR('',#2115,1.);
#1320=VECTOR('',#2116,1.);
#1321=VECTOR('',#2121,1.);
#1322=VECTOR('',#2122,1.);
#1323=VECTOR('',#2125,1.);
#1324=VECTOR('',#2126,1.);
#1325=VECTOR('',#2129,1.);
#1326=VECTOR('',#2130,1.);
#1327=VECTOR('',#2133,1.);
#1328=VECTOR('',#2138,1.);
#1329=VECTOR('',#2139,1.);
#1330=VECTOR('',#2142,1.);
#1331=VECTOR('',#2143,1.);
#1332=VECTOR('',#2146,1.);
#1333=VECTOR('',#2147,1.);
#1334=VECTOR('',#2150,1.);
#1335=VECTOR('',#2153,1.);
#1336=VECTOR('',#2156,1.);
#1337=VECTOR('',#2159,1.);
#1338=VECTOR('',#2160,1.);
#1339=VECTOR('',#2171,1.);
#1340=VECTOR('',#2190,1.);
#1341=VECTOR('',#2191,1.);
#1342=VECTOR('',#2194,1.);
#1343=VECTOR('',#2195,1.);
#1344=VECTOR('',#2198,1.);
#1345=EDGE_LOOP('',(#75,#76,#77,#78,#79,#80));
#1346=EDGE_LOOP('',(#81,#82,#83,#84,#85,#86));
#1347=EDGE_LOOP('',(#87,#88,#89,#90,#91,#92));
#1348=EDGE_LOOP('',(#93,#94,#95));
#1349=EDGE_LOOP('',(#96,#97,#98,#99,#100,#101));
#1350=EDGE_LOOP('',(#102,#103,#104,#105,#106,#107));
#1351=EDGE_LOOP('',(#108,#109,#110,#111));
#1352=EDGE_LOOP('',(#112,#113,#114,#115,#116,#117));
#1353=EDGE_LOOP('',(#118,#119,#120,#121,#122,#123));
#1354=EDGE_LOOP('',(#124,#125,#126,#127,#128,#129));
#1355=EDGE_LOOP('',(#130,#131,#132,#133,#134));
#1356=EDGE_LOOP('',(#135,#136,#137,#138,#139,#140));
#1357=EDGE_LOOP('',(#141,#142,#143,#144,#145,#146));
#1358=EDGE_LOOP('',(#147,#148,#149,#150,#151));
#1359=EDGE_LOOP('',(#152,#153,#154,#155,#156,#157));
#1360=EDGE_LOOP('',(#158,#159,#160,#161,#162,#163));
#1361=EDGE_LOOP('',(#164,#165,#166,#167,#168));
#1362=EDGE_LOOP('',(#169,#170,#171,#172));
#1363=EDGE_LOOP('',(#173,#174,#175,#176,#177,#178));
#1364=EDGE_LOOP('',(#179,#180,#181,#182,#183));
#1365=EDGE_LOOP('',(#184,#185,#186,#187,#188));
#1366=EDGE_LOOP('',(#189,#190,#191,#192,#193,#194));
#1367=EDGE_LOOP('',(#195,#196,#197,#198,#199));
#1368=EDGE_LOOP('',(#200,#201,#202,#203,#204,#205));
#1369=EDGE_LOOP('',(#206,#207,#208,#209,#210));
#1370=EDGE_LOOP('',(#211,#212,#213,#214));
#1371=EDGE_LOOP('',(#215,#216,#217,#218));
#1372=EDGE_LOOP('',(#219,#220,#221,#222));
#1373=EDGE_LOOP('',(#223,#224,#225,#226,#227,#228,#229,#230));
#1374=EDGE_LOOP('',(#231,#232,#233,#234));
#1375=EDGE_LOOP('',(#235,#236,#237,#238));
#1376=EDGE_LOOP('',(#239,#240,#241,#242));
#1377=EDGE_LOOP('',(#243,#244,#245,#246));
#1378=EDGE_LOOP('',(#247,#248,#249,#250,#251,#252));
#1379=EDGE_LOOP('',(#253,#254,#255,#256,#257,#258));
#1380=EDGE_LOOP('',(#259,#260,#261,#262));
#1381=EDGE_LOOP('',(#263,#264,#265,#266));
#1382=EDGE_LOOP('',(#267,#268,#269,#270));
#1383=EDGE_LOOP('',(#271,#272,#273,#274));
#1384=EDGE_LOOP('',(#275,#276,#277,#278));
#1385=EDGE_LOOP('',(#279,#280,#281,#282));
#1386=EDGE_LOOP('',(#283,#284,#285,#286,#287,#288,#289,#290));
#1387=EDGE_LOOP('',(#291,#292,#293,#294));
#1388=EDGE_LOOP('',(#295,#296,#297));
#1389=EDGE_LOOP('',(#298,#299,#300,#301));
#1390=EDGE_LOOP('',(#302,#303,#304,#305));
#1391=EDGE_LOOP('',(#306,#307,#308,#309));
#1392=EDGE_LOOP('',(#310,#311,#312,#313));
#1393=EDGE_LOOP('',(#314,#315,#316));
#1394=EDGE_LOOP('',(#317,#318,#319,#320));
#1395=EDGE_LOOP('',(#321,#322,#323,#324));
#1396=EDGE_LOOP('',(#325,#326,#327,#328));
#1397=EDGE_LOOP('',(#329,#330,#331,#332));
#1398=EDGE_LOOP('',(#333,#334,#335,#336));
#1399=EDGE_LOOP('',(#337,#338,#339,#340,#341));
#1400=EDGE_LOOP('',(#342,#343,#344,#345,#346));
#1401=EDGE_LOOP('',(#347,#348,#349,#350));
#1402=EDGE_LOOP('',(#351,#352,#353,#354));
#1403=EDGE_LOOP('',(#355,#356,#357,#358,#359));
#1404=EDGE_LOOP('',(#360,#361,#362,#363,#364));
#1405=EDGE_LOOP('',(#365,#366,#367,#368));
#1406=EDGE_LOOP('',(#369,#370,#371,#372));
#1407=EDGE_LOOP('',(#373,#374,#375,#376,#377));
#1408=EDGE_LOOP('',(#378,#379,#380,#381,#382));
#1409=EDGE_LOOP('',(#383,#384,#385,#386));
#1410=EDGE_LOOP('',(#387,#388,#389,#390));
#1411=EDGE_LOOP('',(#391,#392,#393,#394,#395));
#1412=EDGE_LOOP('',(#396,#397,#398,#399));
#1413=EDGE_LOOP('',(#400,#401,#402));
#1414=EDGE_LOOP('',(#403,#404,#405));
#1415=EDGE_LOOP('',(#406,#407,#408,#409,#410));
#1416=EDGE_LOOP('',(#411,#412,#413));
#1417=EDGE_LOOP('',(#414,#415,#416));
#1418=EDGE_LOOP('',(#417,#418,#419,#420,#421));
#1419=EDGE_LOOP('',(#422,#423,#424,#425,#426));
#1420=EDGE_LOOP('',(#427,#428,#429,#430));
#1421=EDGE_LOOP('',(#431,#432,#433,#434,#435));
#1422=EDGE_LOOP('',(#436,#437,#438,#439));
#1423=EDGE_LOOP('',(#440,#441,#442,#443,#444));
#1424=EDGE_LOOP('',(#445,#446,#447,#448,#449,#450,#451,#452,#453,#454,#455,
#456,#457,#458,#459,#460,#461,#462,#463,#464,#465,#466,#467,#468,#469,#470,
#471,#472,#473,#474,#475,#476,#477,#478,#479,#480));
#1425=EDGE_LOOP('',(#481,#482,#483,#484,#485,#486,#487,#488,#489,#490,#491,
#492,#493,#494,#495,#496,#497,#498,#499,#500,#501,#502,#503,#504,#505,#506,
#507,#508,#509,#510));
#1426=EDGE_LOOP('',(#511,#512,#513,#514,#515,#516,#517,#518,#519,#520,#521));
#1427=EDGE_LOOP('',(#522,#523,#524,#525,#526,#527,#528,#529,#530,#531));
#1428=EDGE_LOOP('',(#532,#533,#534,#535,#536,#537,#538,#539,#540,#541,#542,
#543,#544));
#1429=EDGE_LOOP('',(#545,#546,#547,#548));
#1430=EDGE_LOOP('',(#549,#550,#551,#552));
#1431=EDGE_LOOP('',(#553,#554,#555,#556));
#1432=EDGE_LOOP('',(#557,#558,#559,#560));
#1433=FACE_BOUND('',#1345,.T.);
#1434=FACE_BOUND('',#1346,.T.);
#1435=FACE_BOUND('',#1347,.T.);
#1436=FACE_BOUND('',#1348,.T.);
#1437=FACE_BOUND('',#1349,.T.);
#1438=FACE_BOUND('',#1350,.T.);
#1439=FACE_BOUND('',#1351,.T.);
#1440=FACE_BOUND('',#1352,.T.);
#1441=FACE_BOUND('',#1353,.T.);
#1442=FACE_BOUND('',#1354,.T.);
#1443=FACE_BOUND('',#1355,.T.);
#1444=FACE_BOUND('',#1356,.T.);
#1445=FACE_BOUND('',#1357,.T.);
#1446=FACE_BOUND('',#1358,.T.);
#1447=FACE_BOUND('',#1359,.T.);
#1448=FACE_BOUND('',#1360,.T.);
#1449=FACE_BOUND('',#1361,.T.);
#1450=FACE_BOUND('',#1362,.T.);
#1451=FACE_BOUND('',#1363,.T.);
#1452=FACE_BOUND('',#1364,.T.);
#1453=FACE_BOUND('',#1365,.T.);
#1454=FACE_BOUND('',#1366,.T.);
#1455=FACE_BOUND('',#1367,.T.);
#1456=FACE_BOUND('',#1368,.T.);
#1457=FACE_BOUND('',#1369,.T.);
#1458=FACE_BOUND('',#1370,.T.);
#1459=FACE_BOUND('',#1371,.T.);
#1460=FACE_BOUND('',#1372,.T.);
#1461=FACE_BOUND('',#1373,.T.);
#1462=FACE_BOUND('',#1374,.T.);
#1463=FACE_BOUND('',#1375,.T.);
#1464=FACE_BOUND('',#1376,.T.);
#1465=FACE_BOUND('',#1377,.T.);
#1466=FACE_BOUND('',#1378,.T.);
#1467=FACE_BOUND('',#1379,.T.);
#1468=FACE_BOUND('',#1380,.T.);
#1469=FACE_BOUND('',#1381,.T.);
#1470=FACE_BOUND('',#1382,.T.);
#1471=FACE_BOUND('',#1383,.T.);
#1472=FACE_BOUND('',#1384,.T.);
#1473=FACE_BOUND('',#1385,.T.);
#1474=FACE_BOUND('',#1386,.T.);
#1475=FACE_BOUND('',#1387,.T.);
#1476=FACE_BOUND('',#1388,.T.);
#1477=FACE_BOUND('',#1389,.T.);
#1478=FACE_BOUND('',#1390,.T.);
#1479=FACE_BOUND('',#1391,.T.);
#1480=FACE_BOUND('',#1392,.T.);
#1481=FACE_BOUND('',#1393,.T.);
#1482=FACE_BOUND('',#1394,.T.);
#1483=FACE_BOUND('',#1395,.T.);
#1484=FACE_BOUND('',#1396,.T.);
#1485=FACE_BOUND('',#1397,.T.);
#1486=FACE_BOUND('',#1398,.T.);
#1487=FACE_BOUND('',#1399,.T.);
#1488=FACE_BOUND('',#1400,.T.);
#1489=FACE_BOUND('',#1401,.T.);
#1490=FACE_BOUND('',#1402,.T.);
#1491=FACE_BOUND('',#1403,.T.);
#1492=FACE_BOUND('',#1404,.T.);
#1493=FACE_BOUND('',#1405,.T.);
#1494=FACE_BOUND('',#1406,.T.);
#1495=FACE_BOUND('',#1407,.T.);
#1496=FACE_BOUND('',#1408,.T.);
#1497=FACE_BOUND('',#1409,.T.);
#1498=FACE_BOUND('',#1410,.T.);
#1499=FACE_BOUND('',#1411,.T.);
#1500=FACE_BOUND('',#1412,.T.);
#1501=FACE_BOUND('',#1413,.T.);
#1502=FACE_BOUND('',#1414,.T.);
#1503=FACE_BOUND('',#1415,.T.);
#1504=FACE_BOUND('',#1416,.T.);
#1505=FACE_BOUND('',#1417,.T.);
#1506=FACE_BOUND('',#1418,.T.);
#1507=FACE_BOUND('',#1419,.T.);
#1508=FACE_BOUND('',#1420,.T.);
#1509=FACE_BOUND('',#1421,.T.);
#1510=FACE_BOUND('',#1422,.T.);
#1511=FACE_BOUND('',#1423,.T.);
#1512=FACE_BOUND('',#1424,.T.);
#1513=FACE_BOUND('',#1425,.T.);
#1514=FACE_BOUND('',#1426,.T.);
#1515=FACE_BOUND('',#1427,.T.);
#1516=FACE_BOUND('',#1428,.T.);
#1517=FACE_BOUND('',#1429,.T.);
#1518=FACE_BOUND('',#1430,.T.);
#1519=FACE_BOUND('',#1431,.T.);
#1520=FACE_BOUND('',#1432,.T.);
#1521=PLANE('',#1681);
#1522=PLANE('',#1682);
#1523=PLANE('',#1683);
#1524=PLANE('',#1684);
#1525=PLANE('',#1687);
#1526=PLANE('',#1688);
#1527=PLANE('',#1691);
#1528=PLANE('',#1694);
#1529=PLANE('',#1695);
#1530=PLANE('',#1697);
#1531=PLANE('',#1699);
#1532=PLANE('',#1701);
#1533=PLANE('',#1703);
#1534=PLANE('',#1704);
#1535=PLANE('',#1705);
#1536=PLANE('',#1707);
#1537=PLANE('',#1708);
#1538=PLANE('',#1710);
#1539=PLANE('',#1711);
#1540=PLANE('',#1713);
#1541=PLANE('',#1716);
#1542=PLANE('',#1721);
#1543=PLANE('',#1722);
#1544=PLANE('',#1723);
#1545=PLANE('',#1724);
#1546=PLANE('',#1725);
#1547=PLANE('',#1726);
#1548=PLANE('',#1727);
#1549=PLANE('',#1728);
#1550=PLANE('',#1729);
#1551=PLANE('',#1730);
#1552=PLANE('',#1731);
#1553=PLANE('',#1732);
#1554=PLANE('',#1733);
#1555=PLANE('',#1734);
#1556=PLANE('',#1735);
#1557=PLANE('',#1737);
#1558=PLANE('',#1738);
#1559=PLANE('',#1740);
#1560=PLANE('',#1741);
#1561=PLANE('',#1742);
#1562=PLANE('',#1744);
#1563=PLANE('',#1746);
#1564=PLANE('',#1747);
#1565=PLANE('',#1749);
#1566=PLANE('',#1750);
#1567=PLANE('',#1751);
#1568=PLANE('',#1752);
#1569=PLANE('',#1753);
#1570=PLANE('',#1755);
#1571=PLANE('',#1757);
#1572=PLANE('',#1758);
#1573=PLANE('',#1759);
#1574=PLANE('',#1760);
#1575=PLANE('',#1761);
#1576=PLANE('',#1762);
#1577=PLANE('',#1763);
#1578=PLANE('',#1765);
#1579=PLANE('',#1767);
#1580=PLANE('',#1768);
#1581=PLANE('',#1769);
#1582=PLANE('',#1770);
#1583=PLANE('',#1771);
#1584=PLANE('',#1772);
#1585=PLANE('',#1786);
#1586=PLANE('',#1787);
#1587=PLANE('',#1788);
#1588=PLANE('',#1789);
#1589=ADVANCED_FACE('',(#1433),#1521,.T.);
#1590=ADVANCED_FACE('',(#1434),#1522,.T.);
#1591=ADVANCED_FACE('',(#1435),#1523,.T.);
#1592=ADVANCED_FACE('',(#1436),#1524,.T.);
#1593=ADVANCED_FACE('',(#1437),#1525,.T.);
#1594=ADVANCED_FACE('',(#1438),#1526,.T.);
#1595=ADVANCED_FACE('',(#1439),#15,.F.);
#1596=ADVANCED_FACE('',(#1440),#1527,.T.);
#1597=ADVANCED_FACE('',(#1441),#16,.F.);
#1598=ADVANCED_FACE('',(#1442),#1528,.T.);
#1599=ADVANCED_FACE('',(#1443),#1529,.F.);
#1600=ADVANCED_FACE('',(#1444),#1530,.F.);
#1601=ADVANCED_FACE('',(#1445),#1531,.F.);
#1602=ADVANCED_FACE('',(#1446),#1532,.T.);
#1603=ADVANCED_FACE('',(#1447),#1533,.F.);
#1604=ADVANCED_FACE('',(#1448),#1534,.T.);
#1605=ADVANCED_FACE('',(#1449),#1535,.T.);
#1606=ADVANCED_FACE('',(#1450),#1536,.F.);
#1607=ADVANCED_FACE('',(#1451),#1537,.F.);
#1608=ADVANCED_FACE('',(#1452),#1538,.T.);
#1609=ADVANCED_FACE('',(#1453),#1539,.T.);
#1610=ADVANCED_FACE('',(#1454),#1540,.F.);
#1611=ADVANCED_FACE('',(#1455),#17,.F.);
#1612=ADVANCED_FACE('',(#1456),#1541,.T.);
#1613=ADVANCED_FACE('',(#1457),#18,.F.);
#1614=ADVANCED_FACE('',(#1458),#1542,.F.);
#1615=ADVANCED_FACE('',(#1459),#1543,.T.);
#1616=ADVANCED_FACE('',(#1460),#1544,.T.);
#1617=ADVANCED_FACE('',(#1461),#1545,.F.);
#1618=ADVANCED_FACE('',(#1462),#1546,.F.);
#1619=ADVANCED_FACE('',(#1463),#1547,.T.);
#1620=ADVANCED_FACE('',(#1464),#1548,.T.);
#1621=ADVANCED_FACE('',(#1465),#1549,.T.);
#1622=ADVANCED_FACE('',(#1466),#1550,.F.);
#1623=ADVANCED_FACE('',(#1467),#1551,.T.);
#1624=ADVANCED_FACE('',(#1468),#1552,.F.);
#1625=ADVANCED_FACE('',(#1469),#1553,.T.);
#1626=ADVANCED_FACE('',(#1470),#1554,.T.);
#1627=ADVANCED_FACE('',(#1471),#1555,.T.);
#1628=ADVANCED_FACE('',(#1472,#1473),#1556,.T.);
#1629=ADVANCED_FACE('',(#1474,#1475,#1476,#1477,#1478,#1479,#1480,#1481,
#1482),#1557,.F.);
#1630=ADVANCED_FACE('',(#1483),#1558,.T.);
#1631=ADVANCED_FACE('',(#1484),#19,.F.);
#1632=ADVANCED_FACE('',(#1485),#1559,.T.);
#1633=ADVANCED_FACE('',(#1486),#1560,.F.);
#1634=ADVANCED_FACE('',(#1487),#1561,.F.);
#1635=ADVANCED_FACE('',(#1488),#1562,.F.);
#1636=ADVANCED_FACE('',(#1489),#1563,.T.);
#1637=ADVANCED_FACE('',(#1490),#1564,.T.);
#1638=ADVANCED_FACE('',(#1491),#1565,.F.);
#1639=ADVANCED_FACE('',(#1492),#1566,.T.);
#1640=ADVANCED_FACE('',(#1493),#1567,.T.);
#1641=ADVANCED_FACE('',(#1494),#1568,.F.);
#1642=ADVANCED_FACE('',(#1495),#1569,.F.);
#1643=ADVANCED_FACE('',(#1496),#1570,.F.);
#1644=ADVANCED_FACE('',(#1497),#1571,.T.);
#1645=ADVANCED_FACE('',(#1498),#1572,.F.);
#1646=ADVANCED_FACE('',(#1499),#1573,.T.);
#1647=ADVANCED_FACE('',(#1500),#1574,.T.);
#1648=ADVANCED_FACE('',(#1501),#1575,.F.);
#1649=ADVANCED_FACE('',(#1502),#1576,.T.);
#1650=ADVANCED_FACE('',(#1503),#1577,.F.);
#1651=ADVANCED_FACE('',(#1504),#20,.F.);
#1652=ADVANCED_FACE('',(#1505),#1578,.F.);
#1653=ADVANCED_FACE('',(#1506),#21,.F.);
#1654=ADVANCED_FACE('',(#1507),#1579,.F.);
#1655=ADVANCED_FACE('',(#1508),#1580,.T.);
#1656=ADVANCED_FACE('',(#1509),#1581,.T.);
#1657=ADVANCED_FACE('',(#1510),#1582,.T.);
#1658=ADVANCED_FACE('',(#1511),#1583,.T.);
#1659=ADVANCED_FACE('',(#1512),#1584,.T.);
#1660=ADVANCED_FACE('',(#1513),#14,.T.);
#1661=ADVANCED_FACE('',(#1514),#22,.T.);
#1662=ADVANCED_FACE('',(#1515),#23,.T.);
#1663=ADVANCED_FACE('',(#1516),#24,.T.);
#1664=ADVANCED_FACE('',(#1517),#1585,.T.);
#1665=ADVANCED_FACE('',(#1518),#1586,.F.);
#1666=ADVANCED_FACE('',(#1519),#1587,.F.);
#1667=ADVANCED_FACE('',(#1520),#1588,.T.);
#1668=CLOSED_SHELL('',(#1589,#1590,#1591,#1592,#1593,#1594,#1595,#1596,
#1597,#1598,#1599,#1600,#1601,#1602,#1603,#1604,#1605,#1606,#1607,#1608,
#1609,#1610,#1611,#1612,#1613,#1614,#1615,#1616,#1617,#1618,#1619,#1620,
#1621,#1622,#1623,#1624,#1625,#1626,#1627,#1628,#1629,#1630,#1631,#1632,
#1633,#1634,#1635,#1636,#1637,#1638,#1639,#1640,#1641,#1642,#1643,#1644,
#1645,#1646,#1647,#1648,#1649,#1650,#1651,#1652,#1653,#1654,#1655,#1656,
#1657,#1658,#1659,#1660,#1661,#1662,#1663,#1664,#1665,#1666,#1667));
#1669=STYLED_ITEM('',(#1670),#1677);
#1670=PRESENTATION_STYLE_ASSIGNMENT((#1671));
#1671=SURFACE_STYLE_USAGE(.BOTH.,#1672);
#1672=SURFACE_SIDE_STYLE('',(#1673));
#1673=SURFACE_STYLE_FILL_AREA(#1674);
#1674=FILL_AREA_STYLE('',(#1675));
#1675=FILL_AREA_STYLE_COLOUR('',#1676);
#1676=COLOUR_RGB('',0.615686274509804,0.811764705882353,0.929411764705882);
#1677=MANIFOLD_SOLID_BREP('Part 1',#1668);
#1678=SHAPE_DEFINITION_REPRESENTATION(#2762,#1679);
#1679=SHAPE_REPRESENTATION('Part 1',(#1680),#2757);
#1680=AXIS2_PLACEMENT_3D('',#2201,#1790,#1791);
#1681=AXIS2_PLACEMENT_3D('',#2202,#1792,#1793);
#1682=AXIS2_PLACEMENT_3D('',#2215,#1800,#1801);
#1683=AXIS2_PLACEMENT_3D('',#2228,#1808,#1809);
#1684=AXIS2_PLACEMENT_3D('',#2241,#1816,#1817);
#1685=AXIS2_PLACEMENT_3D('',#2245,#1819,#1820);
#1686=AXIS2_PLACEMENT_3D('',#2247,#1821,#1822);
#1687=AXIS2_PLACEMENT_3D('',#2248,#1823,#1824);
#1688=AXIS2_PLACEMENT_3D('',#2261,#1831,#1832);
#1689=AXIS2_PLACEMENT_3D('',#2277,#1838,#1839);
#1690=AXIS2_PLACEMENT_3D('',#2287,#1841,#1842);
#1691=AXIS2_PLACEMENT_3D('',#2288,#1843,#1844);
#1692=AXIS2_PLACEMENT_3D('',#2301,#1849,#1850);
#1693=AXIS2_PLACEMENT_3D('',#2313,#1854,#1855);
#1694=AXIS2_PLACEMENT_3D('',#2314,#1856,#1857);
#1695=AXIS2_PLACEMENT_3D('',#2327,#1862,#1863);
#1696=AXIS2_PLACEMENT_3D('',#2333,#1866,#1867);
#1697=AXIS2_PLACEMENT_3D('',#2338,#1870,#1871);
#1698=AXIS2_PLACEMENT_3D('',#2341,#1873,#1874);
#1699=AXIS2_PLACEMENT_3D('',#2345,#1877,#1878);
#1700=AXIS2_PLACEMENT_3D('',#2349,#1880,#1881);
#1701=AXIS2_PLACEMENT_3D('',#2353,#1884,#1885);
#1702=AXIS2_PLACEMENT_3D('',#2357,#1887,#1888);
#1703=AXIS2_PLACEMENT_3D('',#2364,#1892,#1893);
#1704=AXIS2_PLACEMENT_3D('',#2371,#1898,#1899);
#1705=AXIS2_PLACEMENT_3D('',#2379,#1904,#1905);
#1706=AXIS2_PLACEMENT_3D('',#2383,#1907,#1908);
#1707=AXIS2_PLACEMENT_3D('',#2390,#1912,#1913);
#1708=AXIS2_PLACEMENT_3D('',#2396,#1917,#1918);
#1709=AXIS2_PLACEMENT_3D('',#2399,#1920,#1921);
#1710=AXIS2_PLACEMENT_3D('',#2403,#1924,#1925);
#1711=AXIS2_PLACEMENT_3D('',#2417,#1930,#1931);
#1712=AXIS2_PLACEMENT_3D('',#2421,#1933,#1934);
#1713=AXIS2_PLACEMENT_3D('',#2425,#1937,#1938);
#1714=AXIS2_PLACEMENT_3D('',#2432,#1943,#1944);
#1715=AXIS2_PLACEMENT_3D('',#2447,#1948,#1949);
#1716=AXIS2_PLACEMENT_3D('',#2448,#1950,#1951);
#1717=AXIS2_PLACEMENT_3D('',#2461,#1956,#1957);
#1718=AXIS2_PLACEMENT_3D('',#2462,#1958,#1959);
#1719=AXIS2_PLACEMENT_3D('',#2467,#1961,#1962);
#1720=AXIS2_PLACEMENT_3D('',#2469,#1963,#1964);
#1721=AXIS2_PLACEMENT_3D('',#2472,#1966,#1967);
#1722=AXIS2_PLACEMENT_3D('',#2478,#1971,#1972);
#1723=AXIS2_PLACEMENT_3D('',#2484,#1976,#1977);
#1724=AXIS2_PLACEMENT_3D('',#2493,#1982,#1983);
#1725=AXIS2_PLACEMENT_3D('',#2507,#1991,#1992);
#1726=AXIS2_PLACEMENT_3D('',#2513,#1996,#1997);
#1727=AXIS2_PLACEMENT_3D('',#2516,#2000,#2001);
#1728=AXIS2_PLACEMENT_3D('',#2519,#2004,#2005);
#1729=AXIS2_PLACEMENT_3D('',#2522,#2008,#2009);
#1730=AXIS2_PLACEMENT_3D('',#2527,#2013,#2014);
#1731=AXIS2_PLACEMENT_3D('',#2535,#2017,#2018);
#1732=AXIS2_PLACEMENT_3D('',#2538,#2021,#2022);
#1733=AXIS2_PLACEMENT_3D('',#2541,#2025,#2026);
#1734=AXIS2_PLACEMENT_3D('',#2544,#2029,#2030);
#1735=AXIS2_PLACEMENT_3D('',#2547,#2033,#2034);
#1736=AXIS2_PLACEMENT_3D('',#2553,#2037,#2038);
#1737=AXIS2_PLACEMENT_3D('',#2556,#2040,#2041);
#1738=AXIS2_PLACEMENT_3D('',#2562,#2045,#2046);
#1739=AXIS2_PLACEMENT_3D('',#2564,#2048,#2049);
#1740=AXIS2_PLACEMENT_3D('',#2575,#2052,#2053);
#1741=AXIS2_PLACEMENT_3D('',#2580,#2054,#2055);
#1742=AXIS2_PLACEMENT_3D('',#2584,#2058,#2059);
#1743=AXIS2_PLACEMENT_3D('',#2588,#2061,#2062);
#1744=AXIS2_PLACEMENT_3D('',#2590,#2064,#2065);
#1745=AXIS2_PLACEMENT_3D('',#2593,#2067,#2068);
#1746=AXIS2_PLACEMENT_3D('',#2596,#2070,#2071);
#1747=AXIS2_PLACEMENT_3D('',#2598,#2073,#2074);
#1748=AXIS2_PLACEMENT_3D('',#2601,#2076,#2077);
#1749=AXIS2_PLACEMENT_3D('',#2602,#2078,#2079);
#1750=AXIS2_PLACEMENT_3D('',#2611,#2082,#2083);
#1751=AXIS2_PLACEMENT_3D('',#2620,#2086,#2087);
#1752=AXIS2_PLACEMENT_3D('',#2622,#2089,#2090);
#1753=AXIS2_PLACEMENT_3D('',#2626,#2093,#2094);
#1754=AXIS2_PLACEMENT_3D('',#2630,#2096,#2097);
#1755=AXIS2_PLACEMENT_3D('',#2632,#2099,#2100);
#1756=AXIS2_PLACEMENT_3D('',#2636,#2102,#2103);
#1757=AXIS2_PLACEMENT_3D('',#2638,#2105,#2106);
#1758=AXIS2_PLACEMENT_3D('',#2642,#2109,#2110);
#1759=AXIS2_PLACEMENT_3D('',#2646,#2113,#2114);
#1760=AXIS2_PLACEMENT_3D('',#2655,#2117,#2118);
#1761=AXIS2_PLACEMENT_3D('',#2660,#2119,#2120);
#1762=AXIS2_PLACEMENT_3D('',#2664,#2123,#2124);
#1763=AXIS2_PLACEMENT_3D('',#2668,#2127,#2128);
#1764=AXIS2_PLACEMENT_3D('',#2677,#2131,#2132);
#1765=AXIS2_PLACEMENT_3D('',#2684,#2134,#2135);
#1766=AXIS2_PLACEMENT_3D('',#2689,#2136,#2137);
#1767=AXIS2_PLACEMENT_3D('',#2699,#2140,#2141);
#1768=AXIS2_PLACEMENT_3D('',#2708,#2144,#2145);
#1769=AXIS2_PLACEMENT_3D('',#2712,#2148,#2149);
#1770=AXIS2_PLACEMENT_3D('',#2719,#2151,#2152);
#1771=AXIS2_PLACEMENT_3D('',#2721,#2154,#2155);
#1772=AXIS2_PLACEMENT_3D('',#2728,#2157,#2158);
#1773=AXIS2_PLACEMENT_3D('',#2731,#2161,#2162);
#1774=AXIS2_PLACEMENT_3D('',#2732,#2163,#2164);
#1775=AXIS2_PLACEMENT_3D('',#2733,#2165,#2166);
#1776=AXIS2_PLACEMENT_3D('',#2734,#2167,#2168);
#1777=AXIS2_PLACEMENT_3D('',#2735,#2169,#2170);
#1778=AXIS2_PLACEMENT_3D('',#2737,#2172,#2173);
#1779=AXIS2_PLACEMENT_3D('',#2738,#2174,#2175);
#1780=AXIS2_PLACEMENT_3D('',#2739,#2176,#2177);
#1781=AXIS2_PLACEMENT_3D('',#2740,#2178,#2179);
#1782=AXIS2_PLACEMENT_3D('',#2741,#2180,#2181);
#1783=AXIS2_PLACEMENT_3D('',#2742,#2182,#2183);
#1784=AXIS2_PLACEMENT_3D('',#2743,#2184,#2185);
#1785=AXIS2_PLACEMENT_3D('',#2744,#2186,#2187);
#1786=AXIS2_PLACEMENT_3D('',#2745,#2188,#2189);
#1787=AXIS2_PLACEMENT_3D('',#2749,#2192,#2193);
#1788=AXIS2_PLACEMENT_3D('',#2753,#2196,#2197);
#1789=AXIS2_PLACEMENT_3D('',#2755,#2199,#2200);
#1790=DIRECTION('',(0.,0.,1.));
#1791=DIRECTION('',(1.,0.,0.));
#1792=DIRECTION('',(0.,0.,1.));
#1793=DIRECTION('',(1.,0.,0.));
#1794=DIRECTION('',(-1.,-1.2042509378527E-16,0.));
#1795=DIRECTION('',(-1.72609301092219E-16,1.,0.));
#1796=DIRECTION('',(-1.,-1.2042509378527E-16,0.));
#1797=DIRECTION('',(0.,1.,0.));
#1798=DIRECTION('',(1.,0.,0.));
#1799=DIRECTION('',(0.,1.,0.));
#1800=DIRECTION('',(0.,0.,1.));
#1801=DIRECTION('',(1.,0.,0.));
#1802=DIRECTION('',(1.,0.,0.));
#1803=DIRECTION('',(0.,1.,0.));
#1804=DIRECTION('',(1.,0.,0.));
#1805=DIRECTION('',(-1.72609301092219E-16,1.,0.));
#1806=DIRECTION('',(-1.,0.,0.));
#1807=DIRECTION('',(-1.72609301092219E-16,1.,0.));
#1808=DIRECTION('',(0.,0.,1.));
#1809=DIRECTION('',(1.,0.,0.));
#1810=DIRECTION('',(-1.72609301092219E-16,1.,0.));
#1811=DIRECTION('',(1.,0.,0.));
#1812=DIRECTION('',(-1.72609301092219E-16,1.,0.));
#1813=DIRECTION('',(-1.,-1.20425093785269E-16,0.));
#1814=DIRECTION('',(0.,1.,0.));
#1815=DIRECTION('',(-1.,-1.20425093785269E-16,0.));
#1816=DIRECTION('',(0.,0.,1.));
#1817=DIRECTION('',(1.,0.,0.));
#1818=DIRECTION('',(-0.721206841324603,0.692719778861979,0.));
#1819=DIRECTION('',(0.,0.,1.));
#1820=DIRECTION('',(1.,0.,0.));
#1821=DIRECTION('',(0.,0.,1.));
#1822=DIRECTION('',(1.,0.,0.));
#1823=DIRECTION('',(0.,0.,1.));
#1824=DIRECTION('',(1.,0.,0.));
#1825=DIRECTION('',(-1.,0.,0.));
#1826=DIRECTION('',(0.,1.,0.));
#1827=DIRECTION('',(1.,0.,0.));
#1828=DIRECTION('',(-1.72609301092219E-16,1.,0.));
#1829=DIRECTION('',(1.,0.,0.));
#1830=DIRECTION('',(0.,1.,0.));
#1831=DIRECTION('',(0.770129989074427,0.637886980528857,0.));
#1832=DIRECTION('',(-0.637886980528857,0.770129989074428,0.));
#1833=DIRECTION('',(0.,0.,-1.));
#1834=DIRECTION('',(0.637886980528857,-0.770129989074427,0.));
#1835=DIRECTION('',(0.,0.,-1.));
#1836=DIRECTION('',(0.,0.,-1.));
#1837=DIRECTION('',(0.637886980528857,-0.770129989074427,0.));
#1838=DIRECTION('',(0.,0.,-1.));
#1839=DIRECTION('',(-1.,0.,0.));
#1840=DIRECTION('',(0.,0.,-1.));
#1841=DIRECTION('',(0.,0.,1.));
#1842=DIRECTION('',(1.,0.,0.));
#1843=DIRECTION('',(-0.997429069628592,-0.0716606660577596,0.));
#1844=DIRECTION('',(0.0716606660577597,-0.997429069628592,0.));
#1845=DIRECTION('',(-0.0716606660577596,0.997429069628592,0.));
#1846=DIRECTION('',(-0.0716606660577596,0.997429069628592,0.));
#1847=DIRECTION('',(0.,0.,-1.));
#1848=DIRECTION('',(0.,0.,-1.));
#1849=DIRECTION('',(0.,0.,-1.));
#1850=DIRECTION('',(-1.,0.,0.));
#1851=DIRECTION('',(0.,0.,-1.));
#1852=DIRECTION('',(0.,0.,-1.));
#1853=DIRECTION('',(0.,0.,-1.));
#1854=DIRECTION('',(0.,0.,1.));
#1855=DIRECTION('',(1.,0.,0.));
#1856=DIRECTION('',(-0.69271977886198,-0.721206841324602,0.));
#1857=DIRECTION('',(0.721206841324602,-0.69271977886198,0.));
#1858=DIRECTION('',(-0.721206841324602,0.69271977886198,0.));
#1859=DIRECTION('',(-0.721206841324602,0.69271977886198,0.));
#1860=DIRECTION('',(0.,0.,-1.));
#1861=DIRECTION('',(0.,0.,-1.));
#1862=DIRECTION('',(0.,-1.,0.));
#1863=DIRECTION('',(0.,0.,-1.));
#1864=DIRECTION('',(0.,0.,-1.));
#1865=DIRECTION('',(-1.,0.,0.));
#1866=DIRECTION('',(0.,-1.,0.));
#1867=DIRECTION('',(0.,0.,-1.));
#1868=DIRECTION('',(0.,0.,-1.));
#1869=DIRECTION('',(-1.,0.,0.));
#1870=DIRECTION('',(-1.,0.,0.));
#1871=DIRECTION('',(0.,0.,1.));
#1872=DIRECTION('',(0.,0.,-1.));
#1873=DIRECTION('',(-1.,0.,0.));
#1874=DIRECTION('',(0.,0.,1.));
#1875=DIRECTION('',(0.,1.,0.));
#1876=DIRECTION('',(0.,0.,-1.));
#1877=DIRECTION('',(0.,1.,0.));
#1878=DIRECTION('',(0.,0.,1.));
#1879=DIRECTION('',(0.,0.,-1.));
#1880=DIRECTION('',(0.,1.,0.));
#1881=DIRECTION('',(0.,0.,1.));
#1882=DIRECTION('',(0.,0.,-1.));
#1883=DIRECTION('',(1.,0.,0.));
#1884=DIRECTION('',(0.,1.,0.));
#1885=DIRECTION('',(0.,0.,1.));
#1886=DIRECTION('',(0.,0.,-1.));
#1887=DIRECTION('',(0.,1.,0.));
#1888=DIRECTION('',(0.,0.,1.));
#1889=DIRECTION('',(1.,0.,0.));
#1890=DIRECTION('',(0.,0.,-1.));
#1891=DIRECTION('',(1.,0.,0.));
#1892=DIRECTION('',(-1.,-1.72609301092219E-16,0.));
#1893=DIRECTION('',(1.72609301092219E-16,-1.,0.));
#1894=DIRECTION('',(0.,0.,-1.));
#1895=DIRECTION('',(0.,1.,0.));
#1896=DIRECTION('',(-1.72609301092219E-16,1.,0.));
#1897=DIRECTION('',(0.,0.,-1.));
#1898=DIRECTION('',(1.20425093785269E-16,-1.,0.));
#1899=DIRECTION('',(1.,1.20425093785269E-16,0.));
#1900=DIRECTION('',(-1.,-1.20425093785269E-16,0.));
#1901=DIRECTION('',(0.,0.,-1.));
#1902=DIRECTION('',(-1.,-1.20425093785269E-16,0.));
#1903=DIRECTION('',(0.,0.,-1.));
#1904=DIRECTION('',(-1.,0.,0.));
#1905=DIRECTION('',(0.,0.,1.));
#1906=DIRECTION('',(0.,0.,-1.));
#1907=DIRECTION('',(-1.,0.,0.));
#1908=DIRECTION('',(0.,0.,1.));
#1909=DIRECTION('',(0.,1.,0.));
#1910=DIRECTION('',(0.,0.,-1.));
#1911=DIRECTION('',(0.,1.,0.));
#1912=DIRECTION('',(0.,-1.,0.));
#1913=DIRECTION('',(0.,0.,-1.));
#1914=DIRECTION('',(0.,0.,-1.));
#1915=DIRECTION('',(-1.,0.,0.));
#1916=DIRECTION('',(-1.,0.,0.));
#1917=DIRECTION('',(-1.,-1.72609301092219E-16,0.));
#1918=DIRECTION('',(1.72609301092219E-16,-1.,0.));
#1919=DIRECTION('',(0.,0.,-1.));
#1920=DIRECTION('',(-1.,-1.72609301092219E-16,0.));
#1921=DIRECTION('',(1.72609301092219E-16,-1.,0.));
#1922=DIRECTION('',(-1.72609301092219E-16,1.,0.));
#1923=DIRECTION('',(0.,0.,-1.));
#1924=DIRECTION('',(-1.,-1.72609301092219E-16,0.));
#1925=DIRECTION('',(1.72609301092219E-16,-1.,0.));
#1926=DIRECTION('',(0.,0.,-1.));
#1927=DIRECTION('',(0.,-1.,0.));
#1928=DIRECTION('',(0.,0.,-1.));
#1929=DIRECTION('',(-1.72609301092219E-16,1.,0.));
#1930=DIRECTION('',(0.,1.,0.));
#1931=DIRECTION('',(0.,0.,1.));
#1932=DIRECTION('',(1.,0.,0.));
#1933=DIRECTION('',(0.,1.,0.));
#1934=DIRECTION('',(0.,0.,1.));
#1935=DIRECTION('',(1.,0.,0.));
#1936=DIRECTION('',(0.,0.,-1.));
#1937=DIRECTION('',(-1.,0.,0.));
#1938=DIRECTION('',(0.,0.,1.));
#1939=DIRECTION('',(0.,1.,0.));
#1940=DIRECTION('',(0.,0.,-1.));
#1941=DIRECTION('',(0.,0.,-1.));
#1942=DIRECTION('',(0.,1.,0.));
#1943=DIRECTION('',(0.,0.,-1.));
#1944=DIRECTION('',(-1.,0.,0.));
#1945=DIRECTION('',(0.,0.,-1.));
#1946=DIRECTION('',(0.,0.,-1.));
#1947=DIRECTION('',(0.,0.,-1.));
#1948=DIRECTION('',(0.,0.,1.));
#1949=DIRECTION('',(1.,0.,0.));
#1950=DIRECTION('',(0.,1.,0.));
#1951=DIRECTION('',(0.,0.,1.));
#1952=DIRECTION('',(1.,0.,0.));
#1953=DIRECTION('',(1.,0.,0.));
#1954=DIRECTION('',(0.,0.,-1.));
#1955=DIRECTION('',(0.,0.,-1.));
#1956=DIRECTION('',(0.,0.,-1.));
#1957=DIRECTION('',(-1.,0.,0.));
#1958=DIRECTION('',(0.,0.,1.));
#1959=DIRECTION('',(1.,0.,0.));
#1960=DIRECTION('',(0.,0.,-1.));
#1961=DIRECTION('',(0.,0.,1.));
#1962=DIRECTION('',(1.,0.,0.));
#1963=DIRECTION('',(0.,0.,1.));
#1964=DIRECTION('',(1.,0.,0.));
#1965=DIRECTION('',(0.,0.,-1.));
#1966=DIRECTION('',(0.77012998907451,-0.637886980528758,0.));
#1967=DIRECTION('',(0.637886980528758,0.77012998907451,0.));
#1968=DIRECTION('',(-0.637886980528758,-0.77012998907451,0.));
#1969=DIRECTION('',(0.,0.,-1.));
#1970=DIRECTION('',(-0.637886980528758,-0.77012998907451,0.));
#1971=DIRECTION('',(0.,1.,0.));
#1972=DIRECTION('',(0.,0.,1.));
#1973=DIRECTION('',(1.,0.,0.));
#1974=DIRECTION('',(0.,0.,-1.));
#1975=DIRECTION('',(1.,0.,0.));
#1976=DIRECTION('',(0.,1.,0.));
#1977=DIRECTION('',(0.,0.,1.));
#1978=DIRECTION('',(1.,0.,0.));
#1979=DIRECTION('',(0.,0.,-1.));
#1980=DIRECTION('',(1.,0.,0.));
#1981=DIRECTION('',(0.,0.,-1.));
#1982=DIRECTION('',(1.,0.,0.));
#1983=DIRECTION('',(0.,0.,-1.));
#1984=DIRECTION('',(0.,-1.,0.));
#1985=DIRECTION('',(0.,0.,-1.));
#1986=DIRECTION('',(0.,-1.,0.));
#1987=DIRECTION('',(0.,0.,-1.));
#1988=DIRECTION('',(0.,-1.,0.));
#1989=DIRECTION('',(0.,-1.,0.));
#1990=DIRECTION('',(0.,0.,-1.));
#1991=DIRECTION('',(0.,1.,0.));
#1992=DIRECTION('',(0.,0.,1.));
#1993=DIRECTION('',(1.,0.,0.));
#1994=DIRECTION('',(0.,0.,-1.));
#1995=DIRECTION('',(1.,0.,0.));
#1996=DIRECTION('',(0.,1.,0.));
#1997=DIRECTION('',(0.,0.,1.));
#1998=DIRECTION('',(1.,0.,0.));
#1999=DIRECTION('',(1.,0.,0.));
#2000=DIRECTION('',(-1.,-1.72609301092219E-16,0.));
#2001=DIRECTION('',(1.72609301092219E-16,-1.,0.));
#2002=DIRECTION('',(0.,-1.,0.));
#2003=DIRECTION('',(-1.72609301092219E-16,1.,0.));
#2004=DIRECTION('',(-1.,0.,0.));
#2005=DIRECTION('',(0.,0.,1.));
#2006=DIRECTION('',(0.,1.,0.));
#2007=DIRECTION('',(0.,1.,0.));
#2008=DIRECTION('',(0.,1.,0.));
#2009=DIRECTION('',(0.,0.,1.));
#2010=DIRECTION('',(1.,0.,0.));
#2011=DIRECTION('',(1.,0.,0.));
#2012=DIRECTION('',(0.,0.,-1.));
#2013=DIRECTION('',(1.2042509378527E-16,-1.,0.));
#2014=DIRECTION('',(1.,1.2042509378527E-16,0.));
#2015=DIRECTION('',(0.,0.,-1.));
#2016=DIRECTION('',(-1.,-1.2042509378527E-16,0.));
#2017=DIRECTION('',(-0.692719778861983,0.721206841324599,0.));
#2018=DIRECTION('',(-0.721206841324599,-0.692719778861983,0.));
#2019=DIRECTION('',(0.721206841324599,0.692719778861983,0.));
#2020=DIRECTION('',(0.721206841324599,0.692719778861983,0.));
#2021=DIRECTION('',(0.997429069628592,-0.0716606660577512,0.));
#2022=DIRECTION('',(0.0716606660577512,0.997429069628592,0.));
#2023=DIRECTION('',(-0.0716606660577512,-0.997429069628592,0.));
#2024=DIRECTION('',(-0.0716606660577512,-0.997429069628592,0.));
#2025=DIRECTION('',(1.,0.,0.));
#2026=DIRECTION('',(0.,0.,-1.));
#2027=DIRECTION('',(0.,-1.,0.));
#2028=DIRECTION('',(0.,-1.,0.));
#2029=DIRECTION('',(0.,1.,0.));
#2030=DIRECTION('',(0.,0.,1.));
#2031=DIRECTION('',(1.,0.,0.));
#2032=DIRECTION('',(1.,0.,0.));
#2033=DIRECTION('',(0.,0.,1.));
#2034=DIRECTION('',(1.,0.,0.));
#2035=DIRECTION('',(-1.,0.,0.));
#2036=DIRECTION('',(0.,1.,0.));
#2037=DIRECTION('',(0.,0.,1.));
#2038=DIRECTION('',(1.,0.,0.));
#2039=DIRECTION('',(0.,-1.,0.));
#2040=DIRECTION('',(0.,0.,1.));
#2041=DIRECTION('',(1.,0.,0.));
#2042=DIRECTION('',(0.,-1.,0.));
#2043=DIRECTION('',(-1.,0.,0.));
#2044=DIRECTION('',(-1.,9.46212805078258E-17,0.));
#2045=DIRECTION('',(0.,1.,0.));
#2046=DIRECTION('',(0.,0.,1.));
#2047=DIRECTION('',(1.,0.,0.));
#2048=DIRECTION('',(0.,0.,-1.));
#2049=DIRECTION('',(-1.,0.,0.));
#2050=DIRECTION('',(0.,0.,-1.));
#2051=DIRECTION('',(0.,0.,-1.));
#2052=DIRECTION('',(-0.692719778861979,-0.721206841324603,0.));
#2053=DIRECTION('',(0.721206841324603,-0.692719778861979,0.));
#2054=DIRECTION('',(0.,-1.,0.));
#2055=DIRECTION('',(0.,0.,-1.));
#2056=DIRECTION('',(0.,0.,-1.));
#2057=DIRECTION('',(-1.,0.,0.));
#2058=DIRECTION('',(-1.,0.,0.));
#2059=DIRECTION('',(0.,0.,1.));
#2060=DIRECTION('',(0.,1.,0.));
#2061=DIRECTION('',(-1.,0.,0.));
#2062=DIRECTION('',(0.,0.,1.));
#2063=DIRECTION('',(0.,0.,-1.));
#2064=DIRECTION('',(0.,1.,0.));
#2065=DIRECTION('',(0.,0.,1.));
#2066=DIRECTION('',(0.,0.,-1.));
#2067=DIRECTION('',(0.,1.,0.));
#2068=DIRECTION('',(0.,0.,1.));
#2069=DIRECTION('',(1.,0.,0.));
#2070=DIRECTION('',(-1.,-1.72609301092219E-16,0.));
#2071=DIRECTION('',(1.72609301092219E-16,-1.,0.));
#2072=DIRECTION('',(0.,-1.,0.));
#2073=DIRECTION('',(0.,1.,0.));
#2074=DIRECTION('',(0.,0.,1.));
#2075=DIRECTION('',(0.,0.,-1.));
#2076=DIRECTION('',(0.,1.,0.));
#2077=DIRECTION('',(0.,0.,1.));
#2078=DIRECTION('',(-1.,-1.72609301092219E-16,0.));
#2079=DIRECTION('',(1.72609301092219E-16,-1.,0.));
#2080=DIRECTION('',(0.,0.,-1.));
#2081=DIRECTION('',(0.,1.,0.));
#2082=DIRECTION('',(1.20425093785269E-16,-1.,0.));
#2083=DIRECTION('',(1.,1.20425093785269E-16,0.));
#2084=DIRECTION('',(-1.,-1.20425093785269E-16,0.));
#2085=DIRECTION('',(0.,0.,-1.));
#2086=DIRECTION('',(-1.,0.,0.));
#2087=DIRECTION('',(0.,0.,1.));
#2088=DIRECTION('',(0.,1.,0.));
#2089=DIRECTION('',(0.,-1.,0.));
#2090=DIRECTION('',(0.,0.,-1.));
#2091=DIRECTION('',(0.,0.,-1.));
#2092=DIRECTION('',(-1.,0.,0.));
#2093=DIRECTION('',(-1.,-1.72609301092219E-16,0.));
#2094=DIRECTION('',(1.72609301092219E-16,-1.,0.));
#2095=DIRECTION('',(0.,1.,0.));
#2096=DIRECTION('',(-1.,-1.72609301092219E-16,0.));
#2097=DIRECTION('',(1.72609301092219E-16,-1.,0.));
#2098=DIRECTION('',(0.,0.,-1.));
#2099=DIRECTION('',(0.,1.,0.));
#2100=DIRECTION('',(0.,0.,1.));
#2101=DIRECTION('',(1.,0.,0.));
#2102=DIRECTION('',(0.,1.,0.));
#2103=DIRECTION('',(0.,0.,1.));
#2104=DIRECTION('',(0.,0.,-1.));
#2105=DIRECTION('',(0.,1.,0.));
#2106=DIRECTION('',(0.,0.,1.));
#2107=DIRECTION('',(0.,0.,-1.));
#2108=DIRECTION('',(1.,0.,0.));
#2109=DIRECTION('',(-1.,0.,0.));
#2110=DIRECTION('',(0.,0.,1.));
#2111=DIRECTION('',(0.,0.,-1.));
#2112=DIRECTION('',(0.,1.,0.));
#2113=DIRECTION('',(1.2042509378527E-16,-1.,0.));
#2114=DIRECTION('',(1.,1.2042509378527E-16,0.));
#2115=DIRECTION('',(0.,0.,-1.));
#2116=DIRECTION('',(-1.,-1.2042509378527E-16,0.));
#2117=DIRECTION('',(-1.,-1.72609301092219E-16,0.));
#2118=DIRECTION('',(1.72609301092219E-16,-1.,0.));
#2119=DIRECTION('',(-0.692719778861983,0.721206841324599,0.));
#2120=DIRECTION('',(-0.721206841324599,-0.692719778861983,0.));
#2121=DIRECTION('',(0.,0.,-1.));
#2122=DIRECTION('',(0.721206841324599,0.692719778861983,0.));
#2123=DIRECTION('',(0.,1.,0.));
#2124=DIRECTION('',(0.,0.,1.));
#2125=DIRECTION('',(0.,0.,-1.));
#2126=DIRECTION('',(1.,0.,0.));
#2127=DIRECTION('',(-0.692719778861981,0.721206841324601,0.));
#2128=DIRECTION('',(-0.721206841324601,-0.692719778861981,0.));
#2129=DIRECTION('',(0.,0.,-1.));
#2130=DIRECTION('',(0.721206841324601,0.692719778861981,0.));
#2131=DIRECTION('',(0.,0.,-1.));
#2132=DIRECTION('',(-1.,0.,0.));
#2133=DIRECTION('',(0.,0.,-1.));
#2134=DIRECTION('',(-0.692719778861983,0.721206841324599,0.));
#2135=DIRECTION('',(-0.721206841324599,-0.692719778861983,0.));
#2136=DIRECTION('',(0.,0.,-1.));
#2137=DIRECTION('',(-1.,0.,0.));
#2138=DIRECTION('',(0.,0.,-1.));
#2139=DIRECTION('',(0.,0.,-1.));
#2140=DIRECTION('',(0.770129989074572,-0.637886980528682,0.));
#2141=DIRECTION('',(0.637886980528683,0.770129989074572,0.));
#2142=DIRECTION('',(-0.637886980528683,-0.770129989074572,0.));
#2143=DIRECTION('',(0.,0.,-1.));
#2144=DIRECTION('',(0.,1.,0.));
#2145=DIRECTION('',(0.,0.,1.));
#2146=DIRECTION('',(0.,0.,-1.));
#2147=DIRECTION('',(1.,0.,0.));
#2148=DIRECTION('',(0.,1.,0.));
#2149=DIRECTION('',(0.,0.,1.));
#2150=DIRECTION('',(1.,0.,0.));
#2151=DIRECTION('',(-1.,0.,0.));
#2152=DIRECTION('',(0.,0.,1.));
#2153=DIRECTION('',(0.,1.,0.));
#2154=DIRECTION('',(0.997429069628598,-0.0716606660576683,0.));
#2155=DIRECTION('',(0.0716606660576683,0.997429069628598,0.));
#2156=DIRECTION('',(-0.0716606660576683,-0.997429069628598,0.));
#2157=DIRECTION('',(0.,0.,1.));
#2158=DIRECTION('',(1.,0.,0.));
#2159=DIRECTION('',(-1.,0.,0.));
#2160=DIRECTION('',(0.,1.,0.));
#2161=DIRECTION('',(0.,0.,1.));
#2162=DIRECTION('',(1.,0.,0.));
#2163=DIRECTION('',(0.,0.,1.));
#2164=DIRECTION('',(1.,0.,0.));
#2165=DIRECTION('',(0.,0.,1.));
#2166=DIRECTION('',(1.,0.,0.));
#2167=DIRECTION('',(0.,0.,1.));
#2168=DIRECTION('',(1.,0.,0.));
#2169=DIRECTION('',(0.,0.,1.));
#2170=DIRECTION('',(1.,0.,0.));
#2171=DIRECTION('',(0.,1.,0.));
#2172=DIRECTION('',(0.,0.,1.));
#2173=DIRECTION('',(1.,0.,0.));
#2174=DIRECTION('',(-3.46944695195362E-16,-1.,0.));
#2175=DIRECTION('',(1.,-3.46944695195362E-16,0.));
#2176=DIRECTION('',(-6.93889390390723E-16,-1.,0.));
#2177=DIRECTION('',(1.,-6.93889390390723E-16,0.));
#2178=DIRECTION('',(0.,-1.,0.));
#2179=DIRECTION('',(0.,0.,-1.));
#2180=DIRECTION('',(-0.707106781186548,-0.707106781186548,0.));
#2181=DIRECTION('',(0.707106781186548,-0.707106781186548,0.));
#2182=DIRECTION('',(0.,1.,0.));
#2183=DIRECTION('',(0.,0.,1.));
#2184=DIRECTION('',(-0.707106781186548,0.707106781186548,0.));
#2185=DIRECTION('',(0.707106781186548,0.707106781186548,0.));
#2186=DIRECTION('',(-1.,0.,0.));
#2187=DIRECTION('',(0.,0.,1.));
#2188=DIRECTION('',(0.,-1.,0.));
#2189=DIRECTION('',(0.,0.,-1.));
#2190=DIRECTION('',(0.,0.,-1.));
#2191=DIRECTION('',(-1.,0.,0.));
#2192=DIRECTION('',(1.,0.,0.));
#2193=DIRECTION('',(0.,0.,-1.));
#2194=DIRECTION('',(0.,0.,-1.));
#2195=DIRECTION('',(0.,-1.,0.));
#2196=DIRECTION('',(-9.46212805078258E-17,-1.,0.));
#2197=DIRECTION('',(1.,-9.46212805078258E-17,0.));
#2198=DIRECTION('',(-1.,9.46212805078258E-17,0.));
#2199=DIRECTION('',(0.,0.,-1.));
#2200=DIRECTION('',(1.,0.,0.));
#2201=CARTESIAN_POINT('',(0.,0.,0.));
#2202=CARTESIAN_POINT('',(-0.00372158586978913,0.00103692561388016,0.0025));
#2203=CARTESIAN_POINT('',(0.0141091967632287,-0.0115359663559474,0.0025));
#2204=CARTESIAN_POINT('',(0.0213078702915238,-0.0115359663559474,0.0025));
#2205=CARTESIAN_POINT('',(0.00690669676322874,-0.0115359663559474,0.0025));
#2206=CARTESIAN_POINT('',(0.0213078702915238,-0.0215836455134382,0.0025));
#2207=CARTESIAN_POINT('',(0.0213078702915238,-0.0115336455134382,0.0025));
#2208=CARTESIAN_POINT('',(0.0141053702915239,-0.0115336455134382,0.0025));
#2209=CARTESIAN_POINT('',(0.00690287029152387,-0.0115336455134382,0.0025));
#2210=CARTESIAN_POINT('',(0.00690287029152387,-0.0215836455134382,0.0025));
#2211=CARTESIAN_POINT('',(0.00690287029152387,-0.0316336455134382,0.0025));
#2212=CARTESIAN_POINT('',(0.0141053702915239,-0.0316336455134382,0.0025));
#2213=CARTESIAN_POINT('',(0.00690669676322874,-0.0316336455134382,0.0025));
#2214=CARTESIAN_POINT('',(0.00690669676322874,-0.0215859663559474,0.0025));
#2215=CARTESIAN_POINT('',(-0.00372158586978913,0.00103692561388016,0.0025));
#2216=CARTESIAN_POINT('',(-0.00163580323677126,-0.0343159663559474,0.0025));
#2217=CARTESIAN_POINT('',(-0.00883830323677127,-0.0343159663559474,0.0025));
#2218=CARTESIAN_POINT('',(0.00556287029152387,-0.0343159663559474,0.0025));
#2219=CARTESIAN_POINT('',(0.00556287029152387,-0.0443636455134382,0.0025));
#2220=CARTESIAN_POINT('',(0.00556287029152387,-0.0343136455134382,0.0025));
#2221=CARTESIAN_POINT('',(-0.00163962970847614,-0.0343136455134382,0.0025));
#2222=CARTESIAN_POINT('',(-0.00884212970847614,-0.0343136455134382,0.0025));
#2223=CARTESIAN_POINT('',(-0.00884212970847613,-0.0443636455134382,0.0025));
#2224=CARTESIAN_POINT('',(-0.00884212970847613,-0.0544136455134382,0.0025));
#2225=CARTESIAN_POINT('',(-0.00163962970847614,-0.0544136455134382,0.0025));
#2226=CARTESIAN_POINT('',(-0.00883830323677127,-0.0544136455134382,0.0025));
#2227=CARTESIAN_POINT('',(-0.00883830323677127,-0.0443659663559474,0.0025));
#2228=CARTESIAN_POINT('',(-0.00372158586978913,0.00103692561388016,0.0025));
#2229=CARTESIAN_POINT('',(-0.00884212970847614,-0.0215836455134382,0.0025));
#2230=CARTESIAN_POINT('',(-0.00884212970847614,-0.0316336455134382,0.0025));
#2231=CARTESIAN_POINT('',(-0.00884212970847615,-0.0115336455134382,0.0025));
#2232=CARTESIAN_POINT('',(-0.00163962970847614,-0.0316336455134382,0.0025));
#2233=CARTESIAN_POINT('',(-0.00883830323677127,-0.0316336455134382,0.0025));
#2234=CARTESIAN_POINT('',(-0.00883830323677127,-0.0215859663559474,0.0025));
#2235=CARTESIAN_POINT('',(-0.00883830323677128,-0.0115359663559474,0.0025));
#2236=CARTESIAN_POINT('',(-0.00163580323677127,-0.0115359663559474,0.0025));
#2237=CARTESIAN_POINT('',(0.00556287029152387,-0.0115359663559474,0.0025));
#2238=CARTESIAN_POINT('',(0.00556287029152387,-0.0215836455134382,0.0025));
#2239=CARTESIAN_POINT('',(0.00556287029152387,-0.0115336455134382,0.0025));
#2240=CARTESIAN_POINT('',(-0.00163962970847614,-0.0115336455134382,0.0025));
#2241=CARTESIAN_POINT('',(-0.00372158586978913,0.00103692561388016,0.0025));
#2242=CARTESIAN_POINT('',(-7.51672069799797E-5,-0.00547477018026602,0.0025));
#2243=CARTESIAN_POINT('',(-0.00463617304071537,-0.00109392023334858,0.0025));
#2244=CARTESIAN_POINT('',(-0.00463932284144453,-0.00109089484709385,0.0025));
#2245=CARTESIAN_POINT('',(0.00623287029152385,-0.0115336455134382,0.0025));
#2246=CARTESIAN_POINT('',(-0.0087468719218723,-0.00985980593469279,0.0025));
#2247=CARTESIAN_POINT('',(0.00623669676322873,-0.0115359663559474,0.0025));
#2248=CARTESIAN_POINT('',(-0.00372158586978913,0.00103692561388016,0.0025));
#2249=CARTESIAN_POINT('',(0.0141053702915239,-0.0544136455134382,0.0025));
#2250=CARTESIAN_POINT('',(0.00690669676322874,-0.0544136455134382,0.0025));
#2251=CARTESIAN_POINT('',(0.00690287029152387,-0.0544136455134382,0.0025));
#2252=CARTESIAN_POINT('',(0.00690669676322874,-0.0443659663559474,0.0025));
#2253=CARTESIAN_POINT('',(0.00690669676322874,-0.0343159663559474,0.0025));
#2254=CARTESIAN_POINT('',(0.0141091967632287,-0.0343159663559474,0.0025));
#2255=CARTESIAN_POINT('',(0.0213078702915238,-0.0343159663559474,0.0025));
#2256=CARTESIAN_POINT('',(0.0213078702915238,-0.0443636455134382,0.0025));
#2257=CARTESIAN_POINT('',(0.0213078702915238,-0.0343136455134382,0.0025));
#2258=CARTESIAN_POINT('',(0.0141053702915239,-0.0343136455134382,0.0025));
#2259=CARTESIAN_POINT('',(0.00690287029152387,-0.0343136455134382,0.0025));
#2260=CARTESIAN_POINT('',(0.00690287029152387,-0.0443636455134382,0.0025));
#2261=CARTESIAN_POINT('',(0.000734935109489972,-0.00489361156329889,0.0025));
#2262=CARTESIAN_POINT('',(-0.00337944946824379,7.37432293496099E-5,0.0025));
#2263=CARTESIAN_POINT('',(-0.00337944946824379,7.37432293496099E-5,0.00363162649034478));
#2264=CARTESIAN_POINT('',(-0.00337944946824379,7.37432293496099E-5,0.));
#2265=CARTESIAN_POINT('',(-0.0033794494682438,7.37432293496099E-5,0.00363162649034479));
#2266=CARTESIAN_POINT('',(-0.00278901307754935,-0.000639098990345271,0.00450737456178071));
#2267=CARTESIAN_POINT('',(-0.00199936697053551,-0.00159244992292434,0.005));
#2268=CARTESIAN_POINT('',(-0.0011865489923112,-0.00257377658391123,0.005));
#2269=CARTESIAN_POINT('',(-0.0011865489923112,-0.00257377658391123,0.005));
#2270=CARTESIAN_POINT('',(0.000734935109489972,-0.00489361156329889,0.005));
#2271=CARTESIAN_POINT('',(0.00484739736860029,-0.00985864551343819,0.005));
#2272=CARTESIAN_POINT('',(0.00484739736860029,-0.00985864551343819,0.005));
#2273=CARTESIAN_POINT('',(0.00484835852791201,-0.00985980593469279,0.0025));
#2274=CARTESIAN_POINT('',(0.00484931968722374,-0.00986096635594739,0.0025));
#2275=CARTESIAN_POINT('',(0.00484931968722374,-0.00986096635594739,0.));
#2276=CARTESIAN_POINT('',(0.000734935109489972,-0.00489361156329889,0.));
#2277=CARTESIAN_POINT('',(0.00623669676322872,-0.0115359663559474,0.0025));
#2278=CARTESIAN_POINT('',(0.00515641222240801,0.00350027686870365,0.0025));
#2279=CARTESIAN_POINT('',(0.00515641222240801,0.00350027686870365,0.00344507379315395));
#2280=CARTESIAN_POINT('',(0.00515641222240801,0.00350027686870365,0.));
#2281=CARTESIAN_POINT('',(0.00515641222240801,0.00350027686870365,0.00344507379315395));
#2282=CARTESIAN_POINT('',(0.00358968481307657,0.00338771474964946,0.00347404829320533));
#2283=CARTESIAN_POINT('',(0.00131731781351941,0.00286332159082499,0.00351997031717252));
#2284=CARTESIAN_POINT('',(-0.00150439549243609,0.00147050839497939,0.00358429467787508));
#2285=CARTESIAN_POINT('',(-0.00277462205588849,0.000574712594627917,0.00361586662792638));
#2286=CARTESIAN_POINT('',(-0.00337944946824379,7.37432293496111E-5,0.00363162649034478));
#2287=CARTESIAN_POINT('',(0.00623669676322872,-0.0115359663559474,0.));
#2288=CARTESIAN_POINT('',(0.00563638399082395,-0.00318034474362187,0.0025));
#2289=CARTESIAN_POINT('',(0.00563638399082395,-0.00318034474362187,0.005));
#2290=CARTESIAN_POINT('',(0.00611618901743832,-0.00985864551343819,0.005));
#2291=CARTESIAN_POINT('',(0.00541614398625117,-0.000114872498653275,0.005));
#2292=CARTESIAN_POINT('',(0.00541614398625117,-0.000114872498653275,0.005));
#2293=CARTESIAN_POINT('',(0.00531850809810592,0.00124409998140406,0.005));
#2294=CARTESIAN_POINT('',(0.00522369051316764,0.00256384511820193,0.00443245624783928));
#2295=CARTESIAN_POINT('',(0.005156412222408,0.00350027686870366,0.00344507379315397));
#2296=CARTESIAN_POINT('',(0.00563638399082395,-0.00318034474362187,0.));
#2297=CARTESIAN_POINT('',(0.0061163557592399,-0.00986096635594738,0.));
#2298=CARTESIAN_POINT('',(0.0061163557592399,-0.00986096635594738,0.0025));
#2299=CARTESIAN_POINT('',(0.00611627238833911,-0.00985980593469279,0.0025));
#2300=CARTESIAN_POINT('',(0.00611618901743832,-0.00985864551343819,0.005));
#2301=CARTESIAN_POINT('',(0.00623669676322873,-0.0115359663559474,0.0025));
#2302=CARTESIAN_POINT('',(-0.00463549636973964,-0.00109321568960303,0.0025));
#2303=CARTESIAN_POINT('',(-0.00463549636973964,-0.00109321568960303,0.00366559810887833));
#2304=CARTESIAN_POINT('',(-0.00463549636973964,-0.00109321568960303,0.));
#2305=CARTESIAN_POINT('',(-0.00463549636973964,-0.00109321568960303,0.00366559810887833));
#2306=CARTESIAN_POINT('',(-0.00463572193433981,-0.00109345053020924,0.00366560445886826));
#2307=CARTESIAN_POINT('',(-0.00463594749133172,-0.00109368537812442,0.00366561080879493));
#2308=CARTESIAN_POINT('',(-0.00463617304071537,-0.00109392023334858,0.00366561715865834));
#2309=CARTESIAN_POINT('',(-0.00463617304071537,-0.00109392023334858,0.00366561715865834));
#2310=CARTESIAN_POINT('',(-0.00463617304071537,-0.00109392023334858,0.005));
#2311=CARTESIAN_POINT('',(-0.00874495868601986,-0.00986096635594739,0.0025));
#2312=CARTESIAN_POINT('',(-0.00874495868601986,-0.00986096635594739,0.));
#2313=CARTESIAN_POINT('',(0.00623669676322873,-0.0115359663559474,0.));
#2314=CARTESIAN_POINT('',(-7.13407352750922E-5,-0.00547709102277521,0.0025));
#2315=CARTESIAN_POINT('',(-7.13407352750922E-5,-0.00547709102277521,0.005));
#2316=CARTESIAN_POINT('',(0.0044903986155112,-0.00985864551343819,0.005));
#2317=CARTESIAN_POINT('',(-0.00218233290624895,-0.00344948126359627,0.005));
#2318=CARTESIAN_POINT('',(-0.00218233290624895,-0.00344948126359627,0.005));
#2319=CARTESIAN_POINT('',(-0.00308935427181008,-0.00257828647761696,0.005));
#2320=CARTESIAN_POINT('',(-0.00397046933510806,-0.00173197471679296,0.00452082477273889));
#2321=CARTESIAN_POINT('',(-0.00463549636973964,-0.00109321568960303,0.00366559810887833));
#2322=CARTESIAN_POINT('',(-7.13407352750922E-5,-0.00547709102277521,0.));
#2323=CARTESIAN_POINT('',(0.00449281489918946,-0.00986096635594739,0.));
#2324=CARTESIAN_POINT('',(0.00449281489918946,-0.00986096635594739,0.0025));
#2325=CARTESIAN_POINT('',(0.00449160675735033,-0.00985980593469279,0.0025));
#2326=CARTESIAN_POINT('',(0.0044903986155112,-0.00985864551343819,0.005));
#2327=CARTESIAN_POINT('',(0.0141091967632287,-0.0544159663559474,0.0025));
#2328=CARTESIAN_POINT('',(0.00690669676322874,-0.0544159663559474,0.0025));
#2329=CARTESIAN_POINT('',(0.00690669676322874,-0.0544159663559474,0.00347608457894798));
#2330=CARTESIAN_POINT('',(0.00690669676322874,-0.0544159663559474,0.));
#2331=CARTESIAN_POINT('',(0.00690669676322874,-0.0544159663559474,0.00347608457894798));
#2332=CARTESIAN_POINT('',(0.0212052199981623,-0.0544159663559474,0.00347608457894798));
#2333=CARTESIAN_POINT('',(0.0176112199981623,-0.0544159663559474,0.));
#2334=CARTESIAN_POINT('',(0.0213116967632287,-0.0544159663559474,0.00336250973399393));
#2335=CARTESIAN_POINT('',(0.0213116967632287,-0.0544159663559474,0.0025));
#2336=CARTESIAN_POINT('',(0.0213116967632287,-0.0544159663559474,0.));
#2337=CARTESIAN_POINT('',(0.0141091967632287,-0.0544159663559474,0.));
#2338=CARTESIAN_POINT('',(0.00690669676322874,-0.0443659663559474,0.0025));
#2339=CARTESIAN_POINT('',(0.00690669676322874,-0.0544136455134382,0.005));
#2340=CARTESIAN_POINT('',(0.00690669676322874,-0.0544136455134382,0.00347848254698024));
#2341=CARTESIAN_POINT('',(0.00690669676322874,-0.0508219663559474,0.));
#2342=CARTESIAN_POINT('',(0.00690669676322874,-0.0443659663559474,0.));
#2343=CARTESIAN_POINT('',(0.00690669676322874,-0.0343159663559474,0.));
#2344=CARTESIAN_POINT('',(0.00690669676322874,-0.0343159663559474,0.0025));
#2345=CARTESIAN_POINT('',(0.0141091967632287,-0.0343159663559474,0.0025));
#2346=CARTESIAN_POINT('',(0.0213116967632287,-0.0343159663559474,0.0025));
#2347=CARTESIAN_POINT('',(0.0213116967632287,-0.0343159663559474,0.00336250973399393));
#2348=CARTESIAN_POINT('',(0.0213116967632287,-0.0343159663559474,0.));
#2349=CARTESIAN_POINT('',(0.0176112199981623,-0.0343159663559474,0.));
#2350=CARTESIAN_POINT('',(0.0213078702915238,-0.0343159663559474,0.00336671599761404));
#2351=CARTESIAN_POINT('',(0.0213078702915238,-0.0343159663559474,0.005));
#2352=CARTESIAN_POINT('',(0.0141091967632287,-0.0343159663559474,0.));
#2353=CARTESIAN_POINT('',(-0.00163580323677126,-0.0316359663559474,0.0025));
#2354=CARTESIAN_POINT('',(-0.00883830323677126,-0.0316359663559474,0.0025));
#2355=CARTESIAN_POINT('',(-0.00883830323677126,-0.0316359663559474,0.00384852387286347));
#2356=CARTESIAN_POINT('',(-0.00883830323677126,-0.0316359663559474,0.));
#2357=CARTESIAN_POINT('',(-0.00564630323677126,-0.0316359663559474,0.));
#2358=CARTESIAN_POINT('',(-0.00564630323677126,-0.0316359663559474,0.005));
#2359=CARTESIAN_POINT('',(-0.00163580323677126,-0.0316359663559474,0.005));
#2360=CARTESIAN_POINT('',(0.00556669676322873,-0.0316359663559474,0.005));
#2361=CARTESIAN_POINT('',(0.00556669676322873,-0.0316359663559474,0.0025));
#2362=CARTESIAN_POINT('',(0.00556669676322873,-0.0316359663559474,0.));
#2363=CARTESIAN_POINT('',(-0.00163580323677126,-0.0316359663559474,0.));
#2364=CARTESIAN_POINT('',(-0.00883830323677127,-0.0215859663559474,0.0025));
#2365=CARTESIAN_POINT('',(-0.00883830323677127,-0.0316336455134382,0.005));
#2366=CARTESIAN_POINT('',(-0.00883830323677127,-0.0316336455134382,0.00384852387286346));
#2367=CARTESIAN_POINT('',(-0.00883830323677127,-0.0316336455134382,0.00384852387286346));
#2368=CARTESIAN_POINT('',(-0.00883830323677127,-0.0215859663559474,0.));
#2369=CARTESIAN_POINT('',(-0.00883830323677128,-0.0115359663559474,0.));
#2370=CARTESIAN_POINT('',(-0.00883830323677128,-0.0115359663559474,0.0025));
#2371=CARTESIAN_POINT('',(-0.00163580323677127,-0.0115359663559474,0.0025));
#2372=CARTESIAN_POINT('',(-0.00163580323677127,-0.0115359663559474,0.));
#2373=CARTESIAN_POINT('',(0.00556669676322873,-0.0115359663559474,0.));
#2374=CARTESIAN_POINT('',(0.00556669676322873,-0.0115359663559474,0.0025));
#2375=CARTESIAN_POINT('',(0.00556669676322873,-0.0115359663559474,0.005));
#2376=CARTESIAN_POINT('',(-0.00163580323677127,-0.0115359663559474,0.005));
#2377=CARTESIAN_POINT('',(0.00556287029152387,-0.0115359663559474,0.005));
#2378=CARTESIAN_POINT('',(0.00556287029152387,-0.0115359663559474,0.005));
#2379=CARTESIAN_POINT('',(0.00556669676322873,-0.0443659663559474,0.0025));
#2380=CARTESIAN_POINT('',(0.00556669676322873,-0.0544159663559474,0.0025));
#2381=CARTESIAN_POINT('',(0.00556669676322873,-0.0544159663559474,0.00347608457894798));
#2382=CARTESIAN_POINT('',(0.00556669676322873,-0.0544159663559474,0.));
#2383=CARTESIAN_POINT('',(0.00556669676322873,-0.0508219663559474,0.));
#2384=CARTESIAN_POINT('',(0.00556669676322873,-0.0508219663559474,0.005));
#2385=CARTESIAN_POINT('',(0.00556669676322873,-0.0443659663559474,0.005));
#2386=CARTESIAN_POINT('',(0.00556669676322874,-0.0343159663559474,0.005));
#2387=CARTESIAN_POINT('',(0.00556669676322874,-0.0343159663559474,0.0025));
#2388=CARTESIAN_POINT('',(0.00556669676322874,-0.0343159663559474,0.));
#2389=CARTESIAN_POINT('',(0.00556669676322873,-0.0443659663559474,0.));
#2390=CARTESIAN_POINT('',(-0.00163580323677127,-0.0544159663559474,0.0025));
#2391=CARTESIAN_POINT('',(-0.00883830323677127,-0.0544159663559474,0.0025));
#2392=CARTESIAN_POINT('',(-0.00883830323677127,-0.0544159663559474,0.00347608457894798));
#2393=CARTESIAN_POINT('',(-0.00883830323677127,-0.0544159663559474,0.));
#2394=CARTESIAN_POINT('',(-0.00883830323677127,-0.0544159663559474,0.00347608457894798));
#2395=CARTESIAN_POINT('',(-0.00163580323677127,-0.0544159663559474,0.));
#2396=CARTESIAN_POINT('',(-0.00883830323677127,-0.0443659663559474,0.0025));
#2397=CARTESIAN_POINT('',(-0.00883830323677127,-0.0544136455134382,0.005));
#2398=CARTESIAN_POINT('',(-0.00883830323677127,-0.0544136455134382,0.00347848254698024));
#2399=CARTESIAN_POINT('',(-0.00883830323677127,-0.0508219663559474,0.));
#2400=CARTESIAN_POINT('',(-0.00883830323677127,-0.0443659663559474,0.));
#2401=CARTESIAN_POINT('',(-0.00883830323677127,-0.0343159663559474,0.));
#2402=CARTESIAN_POINT('',(-0.00883830323677127,-0.0343159663559474,0.0025));
#2403=CARTESIAN_POINT('',(0.0213116967632287,-0.0215859663559474,0.0025));
#2404=CARTESIAN_POINT('',(0.0213116967632287,-0.0316359663559474,0.0025));
#2405=CARTESIAN_POINT('',(0.0213116967632287,-0.0316359663559474,0.00336250973399393));
#2406=CARTESIAN_POINT('',(0.0213116967632287,-0.0316359663559474,0.));
#2407=CARTESIAN_POINT('',(0.0213116967632287,-0.0316359663559474,0.00336250973399393));
#2408=CARTESIAN_POINT('',(0.0213116967632287,-0.011729836328236,0.00336250973399397));
#2409=CARTESIAN_POINT('',(0.0213116967632287,-0.011729836328236,0.00336250973399395));
#2410=CARTESIAN_POINT('',(0.0213116967632287,-0.0116652743803375,0.00336250973399395));
#2411=CARTESIAN_POINT('',(0.0213116967632287,-0.0116006512132302,0.00336206101664366));
#2412=CARTESIAN_POINT('',(0.0213116967632287,-0.0115359663559474,0.0033611601299077));
#2413=CARTESIAN_POINT('',(0.0213116967632287,-0.0115359663559474,0.0033611601299077));
#2414=CARTESIAN_POINT('',(0.0213116967632287,-0.0115359663559474,0.0025));
#2415=CARTESIAN_POINT('',(0.0213116967632287,-0.0115359663559474,0.));
#2416=CARTESIAN_POINT('',(0.0213116967632287,-0.0215859663559474,0.));
#2417=CARTESIAN_POINT('',(0.0141091967632287,-0.0316359663559474,0.0025));
#2418=CARTESIAN_POINT('',(0.0141091967632287,-0.0316359663559474,0.005));
#2419=CARTESIAN_POINT('',(0.00690669676322874,-0.0316359663559474,0.005));
#2420=CARTESIAN_POINT('',(0.0176112199981623,-0.0316359663559474,0.005));
#2421=CARTESIAN_POINT('',(0.0176112199981623,-0.0316359663559474,0.));
#2422=CARTESIAN_POINT('',(0.0141091967632287,-0.0316359663559474,0.));
#2423=CARTESIAN_POINT('',(0.00690669676322874,-0.0316359663559474,0.));
#2424=CARTESIAN_POINT('',(0.00690669676322874,-0.0316359663559474,0.0025));
#2425=CARTESIAN_POINT('',(0.00690669676322874,-0.0215859663559474,0.0025));
#2426=CARTESIAN_POINT('',(0.00690669676322874,-0.0215859663559474,0.));
#2427=CARTESIAN_POINT('',(0.00690669676322874,-0.0115359663559474,0.));
#2428=CARTESIAN_POINT('',(0.00690669676322874,-0.0115359663559474,0.0025));
#2429=CARTESIAN_POINT('',(0.00690669676322874,-0.0316336455134382,0.005));
#2430=CARTESIAN_POINT('',(0.00690669676322874,-0.0316336455134382,0.005));
#2431=CARTESIAN_POINT('',(0.00690669676322874,-0.0215859663559474,0.005));
#2432=CARTESIAN_POINT('',(0.00623669676322868,-0.0115359663559474,0.0025));
#2433=CARTESIAN_POINT('',(0.0212183522124773,-0.00986096635594739,0.0025));
#2434=CARTESIAN_POINT('',(0.0212183522124773,-0.00986096635594739,0.0033394229893785));
#2435=CARTESIAN_POINT('',(0.0212183522124773,-0.00986096635594739,0.));
#2436=CARTESIAN_POINT('',(0.0212183522124773,-0.00986096635594739,0.0033394229893785));
#2437=CARTESIAN_POINT('',(0.0210309035402498,-0.00818437446237642,0.00331928588813726));
#2438=CARTESIAN_POINT('',(0.0203387151844255,-0.005763740133503,0.00329759082792306));
#2439=CARTESIAN_POINT('',(0.0186449236454007,-0.00285317680729355,0.00328765132959193));
#2440=CARTESIAN_POINT('',(0.017580690792474,-0.00157197884503112,0.00328930314651105));
#2441=CARTESIAN_POINT('',(0.0169894481750735,-0.000970268931022211,0.0032918035527805));
#2442=CARTESIAN_POINT('',(0.0169894481750735,-0.000970268931022212,0.0032918035527805));
#2443=CARTESIAN_POINT('',(0.0169894481750735,-0.000970268931022212,0.005));
#2444=CARTESIAN_POINT('',(0.0169891476164187,-0.000970086635331459,0.0025));
#2445=CARTESIAN_POINT('',(0.0169894481750735,-0.000970268931022212,0.0025));
#2446=CARTESIAN_POINT('',(0.0169894481750735,-0.000970268931022212,0.));
#2447=CARTESIAN_POINT('',(0.00623669676322868,-0.0115359663559474,0.));
#2448=CARTESIAN_POINT('',(0.0144757431794507,-0.00986096635594739,0.0025));
#2449=CARTESIAN_POINT('',(0.0144757431794507,-0.00986096635594739,0.005));
#2450=CARTESIAN_POINT('',(0.00773313414642415,-0.00986096635594739,0.005));
#2451=CARTESIAN_POINT('',(0.0174600636092503,-0.00986096635594739,0.005));
#2452=CARTESIAN_POINT('',(0.0174600636092503,-0.00986096635594739,0.005));
#2453=CARTESIAN_POINT('',(0.0188817889744526,-0.00986096635594739,0.005));
#2454=CARTESIAN_POINT('',(0.0202646741695988,-0.00986096635594739,0.00439425910715599));
#2455=CARTESIAN_POINT('',(0.0212183522124773,-0.00986096635594739,0.0033394229893785));
#2456=CARTESIAN_POINT('',(0.0144757431794507,-0.00986096635594739,0.));
#2457=CARTESIAN_POINT('',(0.00773313414642415,-0.00986096635594739,0.));
#2458=CARTESIAN_POINT('',(0.00773313414642415,-0.00986096635594739,0.0025));
#2459=CARTESIAN_POINT('',(0.00773283317897411,-0.00986078333400829,0.0025));
#2460=CARTESIAN_POINT('',(0.00773313414642415,-0.00986096635594739,0.005));
#2461=CARTESIAN_POINT('',(0.00623669676322873,-0.0115359663559474,0.0025));
#2462=CARTESIAN_POINT('',(0.00623669676322873,-0.0115359663559474,0.));
#2463=CARTESIAN_POINT('',(0.0157053152766292,0.000194374152652032,0.));
#2464=CARTESIAN_POINT('',(0.00731698130404932,0.00350027686870365,0.));
#2465=CARTESIAN_POINT('',(0.0157053152766292,0.000194374152652032,0.0025));
#2466=CARTESIAN_POINT('',(0.0157034020407763,0.00019553457390709,0.0025));
#2467=CARTESIAN_POINT('',(0.00623669676322873,-0.0115359663559474,0.0025));
#2468=CARTESIAN_POINT('',(0.0140525388482143,0.00135465959869765,0.0025));
#2469=CARTESIAN_POINT('',(0.00623287029152385,-0.0115336455134382,0.0025));
#2470=CARTESIAN_POINT('',(0.00731506806819626,0.00350143728995829,0.0025));
#2471=CARTESIAN_POINT('',(0.00731698130404932,0.00350027686870365,0.0025));
#2472=CARTESIAN_POINT('',(0.0115409723175094,-0.00483329610164768,0.0025));
#2473=CARTESIAN_POINT('',(0.0115409723175094,-0.00483329610164768,0.));
#2474=CARTESIAN_POINT('',(0.00737662935838954,-0.00986096635594739,0.));
#2475=CARTESIAN_POINT('',(0.00737662935838954,-0.00986096635594739,0.0025));
#2476=CARTESIAN_POINT('',(0.00737471612253699,-0.00985980593469279,0.0025));
#2477=CARTESIAN_POINT('',(0.0115409723175094,-0.00483329610164768,0.0025));
#2478=CARTESIAN_POINT('',(0.00686683356280354,-0.00986096635594739,0.0025));
#2479=CARTESIAN_POINT('',(0.00686683356280354,-0.00986096635594739,0.));
#2480=CARTESIAN_POINT('',(0.00635703776721754,-0.00986096635594739,0.));
#2481=CARTESIAN_POINT('',(0.00635703776721754,-0.00986096635594739,0.0025));
#2482=CARTESIAN_POINT('',(0.00635512453136503,-0.00985980593469278,0.0025));
#2483=CARTESIAN_POINT('',(0.00686683356280354,-0.00986096635594739,0.0025));
#2484=CARTESIAN_POINT('',(-0.00372158586978913,0.0697869256138802,0.0025));
#2485=CARTESIAN_POINT('',(-0.00372158586978913,0.0697869256138802,0.));
#2486=CARTESIAN_POINT('',(-0.0724715858697891,0.0697869256138802,0.));
#2487=CARTESIAN_POINT('',(0.0650284141302109,0.0697869256138802,0.));
#2488=CARTESIAN_POINT('',(-0.0724715858697891,0.0697869256138802,0.0025));
#2489=CARTESIAN_POINT('',(-0.0724715858697891,0.0697869256138802,0.0025));
#2490=CARTESIAN_POINT('',(-0.00372158586978913,0.0697869256138802,0.0025));
#2491=CARTESIAN_POINT('',(0.0650284141302109,0.0697869256138802,0.0025));
#2492=CARTESIAN_POINT('',(0.0650284141302109,0.0697869256138802,0.0025));
#2493=CARTESIAN_POINT('',(-0.0724715858697891,0.00103692561388016,0.0025));
#2494=CARTESIAN_POINT('',(-0.0724715858697891,0.00103692561388016,0.0015));
#2495=CARTESIAN_POINT('',(-0.0724715858697891,0.024729630361172,0.0015));
#2496=CARTESIAN_POINT('',(-0.0724715858697891,0.022229630361172,0.0015));
#2497=CARTESIAN_POINT('',(-0.0724715858697891,0.022229630361172,0.0015));
#2498=CARTESIAN_POINT('',(-0.0724715858697891,0.022229630361172,0.));
#2499=CARTESIAN_POINT('',(-0.0724715858697891,0.00103692561388016,0.));
#2500=CARTESIAN_POINT('',(-0.0724715858697891,-0.0677130743861198,0.));
#2501=CARTESIAN_POINT('',(-0.0724715858697891,-0.0677130743861198,0.0025));
#2502=CARTESIAN_POINT('',(-0.0724715858697891,-0.0677130743861198,0.0025));
#2503=CARTESIAN_POINT('',(-0.0724715858697891,0.00103692561388016,0.0025));
#2504=CARTESIAN_POINT('',(-0.0724715858697891,0.00103692561388016,0.));
#2505=CARTESIAN_POINT('',(-0.0724715858697891,0.024729630361172,0.));
#2506=CARTESIAN_POINT('',(-0.0724715858697891,0.024729630361172,0.0015));
#2507=CARTESIAN_POINT('',(-0.00372158586978913,-0.0677130743861198,0.0025));
#2508=CARTESIAN_POINT('',(-0.00372158586978913,-0.0677130743861198,0.));
#2509=CARTESIAN_POINT('',(0.0650284141302109,-0.0677130743861198,0.));
#2510=CARTESIAN_POINT('',(0.0650284141302109,-0.0677130743861198,0.0025));
#2511=CARTESIAN_POINT('',(0.0650284141302109,-0.0677130743861198,0.0025));
#2512=CARTESIAN_POINT('',(-0.00372158586978913,-0.0677130743861198,0.0025));
#2513=CARTESIAN_POINT('',(-0.00212607189341521,-0.00986096635594739,0.0025));
#2514=CARTESIAN_POINT('',(-0.00212607189341521,-0.00986096635594739,0.));
#2515=CARTESIAN_POINT('',(-0.00212607189341521,-0.00986096635594739,0.0025));
#2516=CARTESIAN_POINT('',(0.0213116967632287,-0.0443659663559474,0.0025));
#2517=CARTESIAN_POINT('',(0.0213116967632287,-0.0544159663559474,0.00336250973399393));
#2518=CARTESIAN_POINT('',(0.0213116967632287,-0.0443659663559474,0.));
#2519=CARTESIAN_POINT('',(0.00556669676322873,-0.0215859663559474,0.0025));
#2520=CARTESIAN_POINT('',(0.00556669676322873,-0.0215859663559474,0.));
#2521=CARTESIAN_POINT('',(0.00556669676322873,-0.0215859663559474,0.005));
#2522=CARTESIAN_POINT('',(-0.00163580323677126,-0.0343159663559474,0.0025));
#2523=CARTESIAN_POINT('',(-0.00163580323677126,-0.0343159663559474,0.));
#2524=CARTESIAN_POINT('',(-0.00163580323677126,-0.0343159663559474,0.005));
#2525=CARTESIAN_POINT('',(0.00556287029152387,-0.0343159663559474,0.005));
#2526=CARTESIAN_POINT('',(0.00556287029152387,-0.0343159663559474,0.005));
#2527=CARTESIAN_POINT('',(0.0141091967632287,-0.0115359663559474,0.0025));
#2528=CARTESIAN_POINT('',(0.0213116967632287,-0.0115359663559474,0.0033611601299077));
#2529=CARTESIAN_POINT('',(0.0213104220707326,-0.0115359663559474,0.00336256385811625));
#2530=CARTESIAN_POINT('',(0.0213091465801642,-0.0115359663559474,0.00336396686078552));
#2531=CARTESIAN_POINT('',(0.0213078702915238,-0.0115359663559474,0.0033653691379157));
#2532=CARTESIAN_POINT('',(0.0213078702915238,-0.0115359663559474,0.0033653691379157));
#2533=CARTESIAN_POINT('',(0.0213078702915238,-0.0115359663559474,0.005));
#2534=CARTESIAN_POINT('',(0.0141091967632287,-0.0115359663559474,0.));
#2535=CARTESIAN_POINT('',(0.0123612911607488,-0.0054156176434848,0.0025));
#2536=CARTESIAN_POINT('',(0.0123612911607488,-0.0054156176434848,0.));
#2537=CARTESIAN_POINT('',(0.0123612911607488,-0.0054156176434848,0.0025));
#2538=CARTESIAN_POINT('',(0.00683700953563343,-0.00318034474362187,0.0025));
#2539=CARTESIAN_POINT('',(0.00683700953563343,-0.00318034474362187,0.));
#2540=CARTESIAN_POINT('',(0.00683700953563343,-0.00318034474362187,0.0025));
#2541=CARTESIAN_POINT('',(0.0650284141302109,0.00103692561388016,0.0025));
#2542=CARTESIAN_POINT('',(0.0650284141302109,0.00103692561388016,0.));
#2543=CARTESIAN_POINT('',(0.0650284141302109,0.00103692561388016,0.0025));
#2544=CARTESIAN_POINT('',(0.00548283772323182,-0.00986096635594739,0.0025));
#2545=CARTESIAN_POINT('',(0.00548283772323182,-0.00986096635594739,0.));
#2546=CARTESIAN_POINT('',(0.00548283772323182,-0.00986096635594739,0.0025));
#2547=CARTESIAN_POINT('',(-0.00372158586978913,0.00103692561388016,0.0025));
#2548=CARTESIAN_POINT('',(0.00598245838069555,-0.0551520933748696,0.0025));
#2549=CARTESIAN_POINT('',(0.0219413470170845,-0.0551520933748696,0.0025));
#2550=CARTESIAN_POINT('',(-0.00997643025569345,-0.0551520933748696,0.0025));
#2551=CARTESIAN_POINT('',(-0.00997643025569345,-0.0551520933748696,0.0025));
#2552=CARTESIAN_POINT('',(-0.00997643025569345,-0.011729836328236,0.0025));
#2553=CARTESIAN_POINT('',(0.00598245838069555,-0.011729836328236,0.0025));
#2554=CARTESIAN_POINT('',(0.0219413470170845,-0.011729836328236,0.0025));
#2555=CARTESIAN_POINT('',(0.0219413470170845,-0.011729836328236,0.0025));
#2556=CARTESIAN_POINT('',(-0.00372158586978913,0.00103692561388016,0.));
#2557=CARTESIAN_POINT('',(0.0375284141302109,0.023479630361172,0.));
#2558=CARTESIAN_POINT('',(0.0375284141302109,0.024729630361172,0.));
#2559=CARTESIAN_POINT('',(0.0375284141302109,0.022229630361172,0.));
#2560=CARTESIAN_POINT('',(-0.0174715858697891,0.024729630361172,0.));
#2561=CARTESIAN_POINT('',(-0.0174715858697891,0.022229630361172,0.));
#2562=CARTESIAN_POINT('',(0.00623287029152374,-0.00985864551343819,0.005));
#2563=CARTESIAN_POINT('',(0.00623287029152374,-0.00985864551343819,0.005));
#2564=CARTESIAN_POINT('',(0.00623287029152385,-0.0115336455134382,0.005));
#2565=CARTESIAN_POINT('',(-0.00463932284144453,-0.00109089484709385,0.005));
#2566=CARTESIAN_POINT('',(-0.00463932284144453,-0.00109089484709385,0.00366156170165281));
#2567=CARTESIAN_POINT('',(-0.00463932284144453,-0.00109089484709385,0.00366156170165281));
#2568=CARTESIAN_POINT('',(-0.00578764857307591,-0.00228644375300526,0.00369385630060271));
#2569=CARTESIAN_POINT('',(-0.0071848423133332,-0.00432358032750712,0.0037389972854065));
#2570=CARTESIAN_POINT('',(-0.00834210777058536,-0.00742775807362383,0.00379141315911115));
#2571=CARTESIAN_POINT('',(-0.00865668000456082,-0.009034831979228,0.00381393940792169));
#2572=CARTESIAN_POINT('',(-0.00874878515772474,-0.00985864551343819,0.00382441385235102));
#2573=CARTESIAN_POINT('',(-0.00874878515772474,-0.00985864551343819,0.00382441385235102));
#2574=CARTESIAN_POINT('',(-0.00874878515772474,-0.00985864551343819,0.005));
#2575=CARTESIAN_POINT('',(-7.51672069799797E-5,-0.00547477018026602,0.005));
#2576=CARTESIAN_POINT('',(-0.00463617304071537,-0.00109392023334858,0.00366561715865834));
#2577=CARTESIAN_POINT('',(-0.00463722355530437,-0.00109291121320057,0.00366426620723575));
#2578=CARTESIAN_POINT('',(-0.0046382734888809,-0.00109190275111552,0.00366291438823413));
#2579=CARTESIAN_POINT('',(-0.00463932284144453,-0.00109089484709385,0.00366156170165281));
#2580=CARTESIAN_POINT('',(0.0141053702915239,-0.0544136455134382,0.005));
#2581=CARTESIAN_POINT('',(0.00690287029152387,-0.0544136455134382,0.005));
#2582=CARTESIAN_POINT('',(0.00690287029152387,-0.0544136455134382,0.00347848254698024));
#2583=CARTESIAN_POINT('',(0.00690287029152387,-0.0544136455134382,0.00347848254698024));
#2584=CARTESIAN_POINT('',(0.00690287029152387,-0.0443636455134382,0.005));
#2585=CARTESIAN_POINT('',(0.00690287029152387,-0.0443636455134382,0.005));
#2586=CARTESIAN_POINT('',(0.00690287029152387,-0.0508219663559474,0.005));
#2587=CARTESIAN_POINT('',(0.00690287029152387,-0.0343136455134382,0.005));
#2588=CARTESIAN_POINT('',(0.00690287029152387,-0.0508219663559474,0.));
#2589=CARTESIAN_POINT('',(0.00690287029152387,-0.0343136455134382,0.005));
#2590=CARTESIAN_POINT('',(0.0141053702915239,-0.0343136455134382,0.005));
#2591=CARTESIAN_POINT('',(0.0213078702915238,-0.0343136455134382,0.005));
#2592=CARTESIAN_POINT('',(0.0213078702915238,-0.0343136455134382,0.00336671599761404));
#2593=CARTESIAN_POINT('',(0.0176112199981623,-0.0343136455134382,0.));
#2594=CARTESIAN_POINT('',(0.0176112199981623,-0.0343136455134382,0.005));
#2595=CARTESIAN_POINT('',(0.0141053702915239,-0.0343136455134382,0.005));
#2596=CARTESIAN_POINT('',(0.0213078702915238,-0.0443636455134382,0.005));
#2597=CARTESIAN_POINT('',(0.0213078702915238,-0.0343159663559474,0.00336671599761404));
#2598=CARTESIAN_POINT('',(-0.00163962970847614,-0.0316336455134382,0.005));
#2599=CARTESIAN_POINT('',(-0.00884212970847614,-0.0316336455134382,0.005));
#2600=CARTESIAN_POINT('',(-0.00884212970847614,-0.0316336455134382,0.0038453469495938));
#2601=CARTESIAN_POINT('',(-0.00564630323677126,-0.0316336455134382,0.));
#2602=CARTESIAN_POINT('',(-0.00884212970847614,-0.0215836455134382,0.005));
#2603=CARTESIAN_POINT('',(-0.00884212970847615,-0.0115336455134382,0.005));
#2604=CARTESIAN_POINT('',(-0.00884212970847615,-0.0115336455134382,0.00384426769848835));
#2605=CARTESIAN_POINT('',(-0.00884212970847615,-0.0115336455134382,0.00384426769848835));
#2606=CARTESIAN_POINT('',(-0.00884212970847615,-0.0115990404716412,0.0038449873930432));
#2607=CARTESIAN_POINT('',(-0.00884212970847614,-0.0116644374109733,0.0038453469495938));
#2608=CARTESIAN_POINT('',(-0.00884212970847614,-0.011729836328236,0.0038453469495938));
#2609=CARTESIAN_POINT('',(-0.00884212970847615,-0.011729836328236,0.0038453469495938));
#2610=CARTESIAN_POINT('',(-0.00884212970847615,-0.0115336455134382,0.0038453469495938));
#2611=CARTESIAN_POINT('',(-0.00163962970847614,-0.0115336455134382,0.005));
#2612=CARTESIAN_POINT('',(-0.00163962970847614,-0.0115336455134382,0.005));
#2613=CARTESIAN_POINT('',(0.00556287029152387,-0.0115336455134382,0.005));
#2614=CARTESIAN_POINT('',(-0.0056446481346873,-0.0115336455134382,0.005));
#2615=CARTESIAN_POINT('',(-0.0056446481346873,-0.0115336455134382,0.005));
#2616=CARTESIAN_POINT('',(-0.00681276966616274,-0.0115336455134382,0.005));
#2617=CARTESIAN_POINT('',(-0.00794398099693538,-0.0115336455134382,0.00459115687465173));
#2618=CARTESIAN_POINT('',(-0.00884212970847615,-0.0115336455134382,0.00384426769848834));
#2619=CARTESIAN_POINT('',(0.00556287029152387,-0.0115336455134382,0.005));
#2620=CARTESIAN_POINT('',(0.00556287029152387,-0.0215836455134382,0.005));
#2621=CARTESIAN_POINT('',(0.00556287029152387,-0.0215836455134382,0.005));
#2622=CARTESIAN_POINT('',(-0.00163962970847614,-0.0544136455134382,0.005));
#2623=CARTESIAN_POINT('',(-0.00884212970847613,-0.0544136455134382,0.005));
#2624=CARTESIAN_POINT('',(-0.00884212970847613,-0.0544136455134382,0.00347848254698024));
#2625=CARTESIAN_POINT('',(-0.00884212970847613,-0.0544136455134382,0.00347848254698024));
#2626=CARTESIAN_POINT('',(-0.00884212970847613,-0.0443636455134382,0.005));
#2627=CARTESIAN_POINT('',(-0.00884212970847614,-0.0343136455134382,0.0038453469495938));
#2628=CARTESIAN_POINT('',(-0.00884212970847614,-0.0343136455134382,0.0038453469495938));
#2629=CARTESIAN_POINT('',(-0.00884212970847614,-0.0540177928276523,0.0038453469495938));
#2630=CARTESIAN_POINT('',(-0.00884212970847613,-0.0508219663559474,0.));
#2631=CARTESIAN_POINT('',(-0.00884212970847614,-0.0343136455134382,0.005));
#2632=CARTESIAN_POINT('',(-0.00163962970847614,-0.0343136455134382,0.005));
#2633=CARTESIAN_POINT('',(-0.00163962970847614,-0.0343136455134382,0.005));
#2634=CARTESIAN_POINT('',(-0.00564630323677126,-0.0343136455134382,0.005));
#2635=CARTESIAN_POINT('',(0.00556287029152387,-0.0343136455134382,0.005));
#2636=CARTESIAN_POINT('',(-0.00564630323677126,-0.0343136455134382,0.));
#2637=CARTESIAN_POINT('',(0.00556287029152387,-0.0343136455134382,0.005));
#2638=CARTESIAN_POINT('',(0.0141053702915239,-0.0316336455134382,0.005));
#2639=CARTESIAN_POINT('',(0.00690287029152387,-0.0316336455134382,0.005));
#2640=CARTESIAN_POINT('',(0.00690287029152387,-0.0316336455134382,0.005));
#2641=CARTESIAN_POINT('',(0.0141053702915239,-0.0316336455134382,0.005));
#2642=CARTESIAN_POINT('',(0.00690287029152387,-0.0215836455134382,0.005));
#2643=CARTESIAN_POINT('',(0.00690287029152387,-0.0115336455134382,0.005));
#2644=CARTESIAN_POINT('',(0.00690287029152387,-0.0115336455134382,0.005));
#2645=CARTESIAN_POINT('',(0.00690287029152387,-0.0215836455134382,0.005));
#2646=CARTESIAN_POINT('',(0.0141053702915239,-0.0115336455134382,0.005));
#2647=CARTESIAN_POINT('',(0.0213078702915238,-0.0115336455134382,0.005));
#2648=CARTESIAN_POINT('',(0.0213078702915238,-0.0115336455134382,0.00336533668720831));
#2649=CARTESIAN_POINT('',(0.0213078702915238,-0.0115336455134382,0.00336533668720831));
#2650=CARTESIAN_POINT('',(0.0203662931293837,-0.0115336455134382,0.00439987762991174));
#2651=CARTESIAN_POINT('',(0.0190084337208939,-0.0115336455134382,0.005));
#2652=CARTESIAN_POINT('',(0.0176095648960784,-0.0115336455134382,0.005));
#2653=CARTESIAN_POINT('',(0.0176095648960784,-0.0115336455134382,0.005));
#2654=CARTESIAN_POINT('',(0.0141053702915239,-0.0115336455134382,0.005));
#2655=CARTESIAN_POINT('',(0.0213078702915238,-0.0215836455134382,0.005));
#2656=CARTESIAN_POINT('',(0.0213078702915238,-0.0115359663559474,0.0033653691379157));
#2657=CARTESIAN_POINT('',(0.0213078702915238,-0.0115351927408768,0.00336535838544517));
#2658=CARTESIAN_POINT('',(0.0213078702915238,-0.011534419126707,0.00336534756854357));
#2659=CARTESIAN_POINT('',(0.0213078702915238,-0.0115336455134382,0.00336533668720831));
#2660=CARTESIAN_POINT('',(0.0123612911607488,-0.0054156176434848,0.005));
#2661=CARTESIAN_POINT('',(0.00773555043010241,-0.00985864551343819,0.005));
#2662=CARTESIAN_POINT('',(0.00773555043010241,-0.00985864551343819,0.005));
#2663=CARTESIAN_POINT('',(0.0123612911607488,-0.0054156176434848,0.005));
#2664=CARTESIAN_POINT('',(0.0144719167077459,-0.00985864551343819,0.005));
#2665=CARTESIAN_POINT('',(0.00772930767471927,-0.00985864551343819,0.005));
#2666=CARTESIAN_POINT('',(0.00772930767471927,-0.00985864551343819,0.005));
#2667=CARTESIAN_POINT('',(0.0144719167077459,-0.00985864551343819,0.005));
#2668=CARTESIAN_POINT('',(0.0123574646890439,-0.00541329680097561,0.005));
#2669=CARTESIAN_POINT('',(0.0169856217033686,-0.000967948088513022,0.005));
#2670=CARTESIAN_POINT('',(0.0169856217033686,-0.000967948088513022,0.00329307603111916));
#2671=CARTESIAN_POINT('',(0.0169856217033686,-0.000967948088513022,0.00329307603111916));
#2672=CARTESIAN_POINT('',(0.0163057298787536,-0.00162098475900884,0.00437009985914405));
#2673=CARTESIAN_POINT('',(0.0153042859685794,-0.00258287247865996,0.005));
#2674=CARTESIAN_POINT('',(0.0142720060215291,-0.00357437823771651,0.005));
#2675=CARTESIAN_POINT('',(0.0142720060215291,-0.00357437823771651,0.005));
#2676=CARTESIAN_POINT('',(0.0123574646890439,-0.00541329680097561,0.005));
#2677=CARTESIAN_POINT('',(0.00623287029152384,-0.0115336455134382,0.005));
#2678=CARTESIAN_POINT('',(0.0169886523738503,-0.000971033298767722,0.005));
#2679=CARTESIAN_POINT('',(0.0169886523738503,-0.000971033298767722,0.00329306462710142));
#2680=CARTESIAN_POINT('',(0.0169886523738503,-0.000971033298767722,0.00329306462710142));
#2681=CARTESIAN_POINT('',(0.0169876422978629,-0.000970004750432692,0.00329306842359858));
#2682=CARTESIAN_POINT('',(0.016986632074369,-0.000968976347014459,0.00329307222493788));
#2683=CARTESIAN_POINT('',(0.0169856217033687,-0.000967948088513024,0.00329307603111919));
#2684=CARTESIAN_POINT('',(0.0123612911607488,-0.0054156176434848,0.005));
#2685=CARTESIAN_POINT('',(0.0169894481750735,-0.000970268931022212,0.0032918035527805));
#2686=CARTESIAN_POINT('',(0.0169891829587994,-0.000970523671477018,0.00329222397252004));
#2687=CARTESIAN_POINT('',(0.016988917691725,-0.000970778460725521,0.00329264433062701));
#2688=CARTESIAN_POINT('',(0.0169886523738503,-0.000971033298767723,0.00329306462710142));
#2689=CARTESIAN_POINT('',(0.00623287029152385,-0.0115336455134382,0.005));
#2690=CARTESIAN_POINT('',(0.0157014888049232,0.000196694995162148,0.005));
#2691=CARTESIAN_POINT('',(0.0157014888049232,0.000196694995162148,0.00329997338573163));
#2692=CARTESIAN_POINT('',(0.0157014888049232,0.000196694995162148,0.00329997338573163));
#2693=CARTESIAN_POINT('',(0.0145043812984953,0.00116298870927747,0.00330812615693959));
#2694=CARTESIAN_POINT('',(0.0118638920342498,0.00269763514677259,0.00333470957307498));
#2695=CARTESIAN_POINT('',(0.00884744267695557,0.0033923662248677,0.00337920796171071));
#2696=CARTESIAN_POINT('',(0.0073131548323432,0.00350259771121294,0.0034047103974639));
#2697=CARTESIAN_POINT('',(0.0073131548323432,0.00350259771121293,0.0034047103974639));
#2698=CARTESIAN_POINT('',(0.0073131548323432,0.00350259771121293,0.005));
#2699=CARTESIAN_POINT('',(0.0115371458458038,-0.00483097525913802,0.005));
#2700=CARTESIAN_POINT('',(0.0115371458458038,-0.00483097525913802,0.005));
#2701=CARTESIAN_POINT('',(0.0133052600777831,-0.00269630589650547,0.005));
#2702=CARTESIAN_POINT('',(0.00737280288668443,-0.00985864551343819,0.005));
#2703=CARTESIAN_POINT('',(0.0133052600777831,-0.00269630589650547,0.005));
#2704=CARTESIAN_POINT('',(0.0142163081569663,-0.00159638464292182,0.005));
#2705=CARTESIAN_POINT('',(0.0151001905425321,-0.000529260916121775,0.00437294475834717));
#2706=CARTESIAN_POINT('',(0.0157014888049232,0.000196694995162147,0.00329997338573163));
#2707=CARTESIAN_POINT('',(0.00737280288668443,-0.00985864551343819,0.005));
#2708=CARTESIAN_POINT('',(0.00686300709109848,-0.00985864551343819,0.005));
#2709=CARTESIAN_POINT('',(0.00635321129551253,-0.00985864551343818,0.005));
#2710=CARTESIAN_POINT('',(0.00635321129551253,-0.00985864551343818,0.005));
#2711=CARTESIAN_POINT('',(0.00686300709109848,-0.00985864551343819,0.005));
#2712=CARTESIAN_POINT('',(-0.00212989836512009,-0.00985864551343819,0.005));
#2713=CARTESIAN_POINT('',(-0.00874878515772474,-0.00985864551343819,0.00382441385235102));
#2714=CARTESIAN_POINT('',(-0.00783626332759722,-0.00985864551343819,0.00458679637407466));
#2715=CARTESIAN_POINT('',(-0.00668358094243122,-0.00985864551343819,0.005));
#2716=CARTESIAN_POINT('',(-0.00549476870996035,-0.00985864551343819,0.005));
#2717=CARTESIAN_POINT('',(-0.00549476870996035,-0.00985864551343819,0.005));
#2718=CARTESIAN_POINT('',(-0.00212989836512009,-0.00985864551343819,0.005));
#2719=CARTESIAN_POINT('',(0.00556287029152387,-0.0443636455134382,0.005));
#2720=CARTESIAN_POINT('',(0.00556287029152387,-0.0443636455134382,0.005));
#2721=CARTESIAN_POINT('',(0.00683318306392786,-0.00317802390111263,0.005));
#2722=CARTESIAN_POINT('',(0.0073131548323432,0.00350259771121293,0.0034047103974639));
#2723=CARTESIAN_POINT('',(0.00724576276476594,0.00256458232617811,0.0044160040915133));
#2724=CARTESIAN_POINT('',(0.00714967719513617,0.00122718838898764,0.005));
#2725=CARTESIAN_POINT('',(0.00705071494299913,-0.00015024546011958,0.005));
#2726=CARTESIAN_POINT('',(0.00705071494299913,-0.00015024546011958,0.005));
#2727=CARTESIAN_POINT('',(0.00683318306392786,-0.00317802390111263,0.005));
#2728=CARTESIAN_POINT('',(-0.00372158586978913,0.00103692561388016,0.005));
#2729=CARTESIAN_POINT('',(-0.00372158586978913,-0.0508219663559474,0.005));
#2730=CARTESIAN_POINT('',(0.0176112199981623,-0.011729836328236,0.005));
#2731=CARTESIAN_POINT('',(0.00598245838069555,-0.011729836328236,0.005));
#2732=CARTESIAN_POINT('',(0.00598245838069555,-0.011729836328236,0.005));
#2733=CARTESIAN_POINT('',(0.00598245838069555,-0.011729836328236,0.005));
#2734=CARTESIAN_POINT('',(0.00598245838069555,-0.011729836328236,0.005));
#2735=CARTESIAN_POINT('',(0.00598245838069555,-0.011729836328236,0.005));
#2736=CARTESIAN_POINT('',(-0.00564630323677126,0.00103692561388016,0.005));
#2737=CARTESIAN_POINT('',(0.00598245838069555,-0.011729836328236,0.));
#2738=CARTESIAN_POINT('',(0.0176112199981623,-0.011729836328236,0.));
#2739=CARTESIAN_POINT('',(-0.00564630323677126,-0.011729836328236,0.));
#2740=CARTESIAN_POINT('',(0.0176112199981623,0.00103692561388016,0.));
#2741=CARTESIAN_POINT('',(0.0176112199981623,-0.0508219663559474,0.));
#2742=CARTESIAN_POINT('',(-0.00564630323677126,-0.0337759013420917,0.));
#2743=CARTESIAN_POINT('',(-0.00564630323677126,-0.0508219663559474,0.));
#2744=CARTESIAN_POINT('',(0.00598245838069555,-0.0508219663559474,0.));
#2745=CARTESIAN_POINT('',(-0.0174715858697891,0.024729630361172,0.0015));
#2746=CARTESIAN_POINT('',(0.0375284141302109,0.024729630361172,0.0015));
#2747=CARTESIAN_POINT('',(0.0375284141302109,0.024729630361172,0.0015));
#2748=CARTESIAN_POINT('',(-0.0174715858697891,0.024729630361172,0.0015));
#2749=CARTESIAN_POINT('',(0.0375284141302109,0.023479630361172,0.0015));
#2750=CARTESIAN_POINT('',(0.0375284141302109,0.022229630361172,0.0015));
#2751=CARTESIAN_POINT('',(0.0375284141302109,0.022229630361172,0.0015));
#2752=CARTESIAN_POINT('',(0.0375284141302109,0.023479630361172,0.0015));
#2753=CARTESIAN_POINT('',(-0.0174715858697891,0.022229630361172,0.0015));
#2754=CARTESIAN_POINT('',(-0.0174715858697891,0.022229630361172,0.0015));
#2755=CARTESIAN_POINT('',(-0.00372158586978913,0.00103692561388016,0.0015));
#2756=MECHANICAL_DESIGN_GEOMETRIC_PRESENTATION_REPRESENTATION('',(#1669),
#2757);
#2757=(
GEOMETRIC_REPRESENTATION_CONTEXT(3)
GLOBAL_UNCERTAINTY_ASSIGNED_CONTEXT((#2758))
GLOBAL_UNIT_ASSIGNED_CONTEXT((#2761,#2760,#2759))
REPRESENTATION_CONTEXT('Part 1','TOP_LEVEL_ASSEMBLY_PART')
);
#2758=UNCERTAINTY_MEASURE_WITH_UNIT(LENGTH_MEASURE(2.44752872168883E-5),
#2761,'DISTANCE_ACCURACY_VALUE','Maximum Tolerance applied to model');
#2759=(
NAMED_UNIT(*)
SI_UNIT($,.STERADIAN.)
SOLID_ANGLE_UNIT()
);
#2760=(
NAMED_UNIT(*)
PLANE_ANGLE_UNIT()
SI_UNIT($,.RADIAN.)
);
#2761=(
LENGTH_UNIT()
NAMED_UNIT(*)
SI_UNIT($,.METRE.)
);
#2762=PRODUCT_DEFINITION_SHAPE('','',#2763);
#2763=PRODUCT_DEFINITION('','',#2765,#2764);
#2764=PRODUCT_DEFINITION_CONTEXT('',#2771,'design');
#2765=PRODUCT_DEFINITION_FORMATION_WITH_SPECIFIED_SOURCE('','',#2767,
 .NOT_KNOWN.);
#2766=PRODUCT_RELATED_PRODUCT_CATEGORY('','',(#2767));
#2767=PRODUCT('Part 1','Part 1','Part 1',(#2769));
#2768=PRODUCT_CATEGORY('','');
#2769=PRODUCT_CONTEXT('',#2771,'mechanical');
#2770=APPLICATION_PROTOCOL_DEFINITION('international standard',
'ap242_managed_model_based_3d_engineering',2020,#2771);
#2771=APPLICATION_CONTEXT('managed model based 3d engineering');
ENDSEC;
END-ISO-10303-21;
