ISO-10303-21;
HEADER;
/* Generated by software containing ST-Developer
 * from STEP Tools, Inc. (www.steptools.com) 
 */
/* OPTION: using custom renumber hook */

FILE_DESCRIPTION(
/* description */ ('STEP AP242 Edition 2',
'CAx-IF Rec.Pracs.---Representation and Presentation of Product Manufa
cturing Information (PMI)---4.0---2014-10-13',
'CAx-IF Rec.Pracs.---3D Tessellated Geometry---0.4---2014-09-14','2;1',
'CAx-IF Rec.Pracs.---User Defined Attributes---1.5---2016-08-15'),
/* implementation_level */ '2;1');

FILE_NAME(
/* name */ 'balcony',
/* time_stamp */ '2026-09-14T00:17:13Z',
/* author */ (''),
/* organization */ (''),
/* preprocessor_version */ 'ST-DEVELOPER v20',
/* originating_system */ 'ONSHAPE BY PTC INC, 1.220',
/* authorisation */ '  ');

FILE_SCHEMA (('AP242_MANAGED_MODEL_BASED_3D_ENGINEERING_MIM_LF { 1 0 10303 442 3 1 4 }'));
ENDSEC;

DATA;
#10=SHAPE_REPRESENTATION_RELATIONSHIP('','',#2311,#11);
#11=ADVANCED_BREP_SHAPE_REPRESENTATION('',(#2309),#3597);
#12=CYLINDRICAL_SURFACE('',#2330,0.005);
#13=CYLINDRICAL_SURFACE('',#2331,0.005);
#14=CYLINDRICAL_SURFACE('',#2332,0.005);
#15=CYLINDRICAL_SURFACE('',#2333,0.005);
#16=CYLINDRICAL_SURFACE('',#2343,0.005);
#17=CYLINDRICAL_SURFACE('',#2344,0.005);
#18=CIRCLE('',#2315,0.005);
#19=CIRCLE('',#2316,0.005);
#20=CIRCLE('',#2317,0.005);
#21=CIRCLE('',#2318,0.005);
#22=CIRCLE('',#2326,0.005);
#23=CIRCLE('',#2327,0.005);
#24=CIRCLE('',#2328,0.005);
#25=CIRCLE('',#2329,0.005);
#26=CIRCLE('',#2335,0.005);
#27=CIRCLE('',#2336,0.005);
#28=CIRCLE('',#2339,0.005);
#29=CIRCLE('',#2340,0.005);
#30=ORIENTED_EDGE('',*,*,#706,.F.);
#31=ORIENTED_EDGE('',*,*,#707,.F.);
#32=ORIENTED_EDGE('',*,*,#708,.T.);
#33=ORIENTED_EDGE('',*,*,#709,.T.);
#34=ORIENTED_EDGE('',*,*,#710,.F.);
#35=ORIENTED_EDGE('',*,*,#711,.T.);
#36=ORIENTED_EDGE('',*,*,#712,.F.);
#37=ORIENTED_EDGE('',*,*,#713,.T.);
#38=ORIENTED_EDGE('',*,*,#714,.T.);
#39=ORIENTED_EDGE('',*,*,#715,.F.);
#40=ORIENTED_EDGE('',*,*,#716,.F.);
#41=ORIENTED_EDGE('',*,*,#717,.T.);
#42=ORIENTED_EDGE('',*,*,#718,.T.);
#43=ORIENTED_EDGE('',*,*,#719,.F.);
#44=ORIENTED_EDGE('',*,*,#720,.F.);
#45=ORIENTED_EDGE('',*,*,#721,.T.);
#46=ORIENTED_EDGE('',*,*,#722,.T.);
#47=ORIENTED_EDGE('',*,*,#723,.F.);
#48=ORIENTED_EDGE('',*,*,#724,.F.);
#49=ORIENTED_EDGE('',*,*,#725,.T.);
#50=ORIENTED_EDGE('',*,*,#726,.T.);
#51=ORIENTED_EDGE('',*,*,#727,.F.);
#52=ORIENTED_EDGE('',*,*,#728,.F.);
#53=ORIENTED_EDGE('',*,*,#729,.T.);
#54=ORIENTED_EDGE('',*,*,#730,.T.);
#55=ORIENTED_EDGE('',*,*,#731,.F.);
#56=ORIENTED_EDGE('',*,*,#732,.F.);
#57=ORIENTED_EDGE('',*,*,#708,.F.);
#58=ORIENTED_EDGE('',*,*,#733,.F.);
#59=ORIENTED_EDGE('',*,*,#734,.T.);
#60=ORIENTED_EDGE('',*,*,#735,.T.);
#61=ORIENTED_EDGE('',*,*,#736,.F.);
#62=ORIENTED_EDGE('',*,*,#737,.T.);
#63=ORIENTED_EDGE('',*,*,#738,.F.);
#64=ORIENTED_EDGE('',*,*,#739,.F.);
#65=ORIENTED_EDGE('',*,*,#740,.T.);
#66=ORIENTED_EDGE('',*,*,#741,.F.);
#67=ORIENTED_EDGE('',*,*,#742,.T.);
#68=ORIENTED_EDGE('',*,*,#743,.T.);
#69=ORIENTED_EDGE('',*,*,#744,.T.);
#70=ORIENTED_EDGE('',*,*,#745,.F.);
#71=ORIENTED_EDGE('',*,*,#746,.T.);
#72=ORIENTED_EDGE('',*,*,#747,.T.);
#73=ORIENTED_EDGE('',*,*,#748,.T.);
#74=ORIENTED_EDGE('',*,*,#749,.F.);
#75=ORIENTED_EDGE('',*,*,#750,.T.);
#76=ORIENTED_EDGE('',*,*,#751,.T.);
#77=ORIENTED_EDGE('',*,*,#752,.T.);
#78=ORIENTED_EDGE('',*,*,#753,.F.);
#79=ORIENTED_EDGE('',*,*,#754,.T.);
#80=ORIENTED_EDGE('',*,*,#755,.T.);
#81=ORIENTED_EDGE('',*,*,#756,.T.);
#82=ORIENTED_EDGE('',*,*,#757,.F.);
#83=ORIENTED_EDGE('',*,*,#758,.T.);
#84=ORIENTED_EDGE('',*,*,#759,.T.);
#85=ORIENTED_EDGE('',*,*,#760,.T.);
#86=ORIENTED_EDGE('',*,*,#761,.T.);
#87=ORIENTED_EDGE('',*,*,#762,.T.);
#88=ORIENTED_EDGE('',*,*,#763,.T.);
#89=ORIENTED_EDGE('',*,*,#764,.T.);
#90=ORIENTED_EDGE('',*,*,#765,.F.);
#91=ORIENTED_EDGE('',*,*,#766,.T.);
#92=ORIENTED_EDGE('',*,*,#767,.T.);
#93=ORIENTED_EDGE('',*,*,#768,.T.);
#94=ORIENTED_EDGE('',*,*,#769,.F.);
#95=ORIENTED_EDGE('',*,*,#770,.T.);
#96=ORIENTED_EDGE('',*,*,#771,.T.);
#97=ORIENTED_EDGE('',*,*,#772,.T.);
#98=ORIENTED_EDGE('',*,*,#773,.F.);
#99=ORIENTED_EDGE('',*,*,#774,.T.);
#100=ORIENTED_EDGE('',*,*,#775,.T.);
#101=ORIENTED_EDGE('',*,*,#776,.T.);
#102=ORIENTED_EDGE('',*,*,#777,.F.);
#103=ORIENTED_EDGE('',*,*,#778,.T.);
#104=ORIENTED_EDGE('',*,*,#779,.T.);
#105=ORIENTED_EDGE('',*,*,#780,.T.);
#106=ORIENTED_EDGE('',*,*,#781,.F.);
#107=ORIENTED_EDGE('',*,*,#782,.T.);
#108=ORIENTED_EDGE('',*,*,#783,.T.);
#109=ORIENTED_EDGE('',*,*,#784,.T.);
#110=ORIENTED_EDGE('',*,*,#785,.F.);
#111=ORIENTED_EDGE('',*,*,#786,.T.);
#112=ORIENTED_EDGE('',*,*,#787,.T.);
#113=ORIENTED_EDGE('',*,*,#788,.T.);
#114=ORIENTED_EDGE('',*,*,#789,.F.);
#115=ORIENTED_EDGE('',*,*,#790,.T.);
#116=ORIENTED_EDGE('',*,*,#791,.T.);
#117=ORIENTED_EDGE('',*,*,#792,.T.);
#118=ORIENTED_EDGE('',*,*,#793,.F.);
#119=ORIENTED_EDGE('',*,*,#794,.T.);
#120=ORIENTED_EDGE('',*,*,#795,.T.);
#121=ORIENTED_EDGE('',*,*,#796,.T.);
#122=ORIENTED_EDGE('',*,*,#797,.F.);
#123=ORIENTED_EDGE('',*,*,#798,.T.);
#124=ORIENTED_EDGE('',*,*,#799,.T.);
#125=ORIENTED_EDGE('',*,*,#800,.T.);
#126=ORIENTED_EDGE('',*,*,#801,.T.);
#127=ORIENTED_EDGE('',*,*,#802,.T.);
#128=ORIENTED_EDGE('',*,*,#734,.F.);
#129=ORIENTED_EDGE('',*,*,#803,.F.);
#130=ORIENTED_EDGE('',*,*,#804,.F.);
#131=ORIENTED_EDGE('',*,*,#805,.F.);
#132=ORIENTED_EDGE('',*,*,#806,.T.);
#133=ORIENTED_EDGE('',*,*,#807,.F.);
#134=ORIENTED_EDGE('',*,*,#808,.T.);
#135=ORIENTED_EDGE('',*,*,#736,.T.);
#136=ORIENTED_EDGE('',*,*,#809,.T.);
#137=ORIENTED_EDGE('',*,*,#738,.T.);
#138=ORIENTED_EDGE('',*,*,#810,.T.);
#139=ORIENTED_EDGE('',*,*,#811,.F.);
#140=ORIENTED_EDGE('',*,*,#812,.T.);
#141=ORIENTED_EDGE('',*,*,#813,.T.);
#142=ORIENTED_EDGE('',*,*,#814,.F.);
#143=ORIENTED_EDGE('',*,*,#815,.F.);
#144=ORIENTED_EDGE('',*,*,#740,.F.);
#145=ORIENTED_EDGE('',*,*,#816,.T.);
#146=ORIENTED_EDGE('',*,*,#817,.F.);
#147=ORIENTED_EDGE('',*,*,#818,.T.);
#148=ORIENTED_EDGE('',*,*,#819,.F.);
#149=ORIENTED_EDGE('',*,*,#820,.T.);
#150=ORIENTED_EDGE('',*,*,#821,.T.);
#151=ORIENTED_EDGE('',*,*,#760,.F.);
#152=ORIENTED_EDGE('',*,*,#822,.F.);
#153=ORIENTED_EDGE('',*,*,#823,.F.);
#154=ORIENTED_EDGE('',*,*,#824,.T.);
#155=ORIENTED_EDGE('',*,*,#825,.T.);
#156=ORIENTED_EDGE('',*,*,#744,.F.);
#157=ORIENTED_EDGE('',*,*,#826,.F.);
#158=ORIENTED_EDGE('',*,*,#827,.F.);
#159=ORIENTED_EDGE('',*,*,#828,.T.);
#160=ORIENTED_EDGE('',*,*,#748,.F.);
#161=ORIENTED_EDGE('',*,*,#829,.F.);
#162=ORIENTED_EDGE('',*,*,#830,.F.);
#163=ORIENTED_EDGE('',*,*,#831,.T.);
#164=ORIENTED_EDGE('',*,*,#752,.F.);
#165=ORIENTED_EDGE('',*,*,#832,.F.);
#166=ORIENTED_EDGE('',*,*,#833,.F.);
#167=ORIENTED_EDGE('',*,*,#834,.T.);
#168=ORIENTED_EDGE('',*,*,#756,.F.);
#169=ORIENTED_EDGE('',*,*,#835,.F.);
#170=ORIENTED_EDGE('',*,*,#836,.F.);
#171=ORIENTED_EDGE('',*,*,#837,.T.);
#172=ORIENTED_EDGE('',*,*,#838,.T.);
#173=ORIENTED_EDGE('',*,*,#839,.T.);
#174=ORIENTED_EDGE('',*,*,#840,.T.);
#175=ORIENTED_EDGE('',*,*,#841,.F.);
#176=ORIENTED_EDGE('',*,*,#798,.F.);
#177=ORIENTED_EDGE('',*,*,#842,.T.);
#178=ORIENTED_EDGE('',*,*,#843,.T.);
#179=ORIENTED_EDGE('',*,*,#844,.F.);
#180=ORIENTED_EDGE('',*,*,#794,.F.);
#181=ORIENTED_EDGE('',*,*,#845,.T.);
#182=ORIENTED_EDGE('',*,*,#846,.T.);
#183=ORIENTED_EDGE('',*,*,#847,.F.);
#184=ORIENTED_EDGE('',*,*,#790,.F.);
#185=ORIENTED_EDGE('',*,*,#848,.T.);
#186=ORIENTED_EDGE('',*,*,#849,.T.);
#187=ORIENTED_EDGE('',*,*,#850,.F.);
#188=ORIENTED_EDGE('',*,*,#786,.F.);
#189=ORIENTED_EDGE('',*,*,#851,.T.);
#190=ORIENTED_EDGE('',*,*,#852,.T.);
#191=ORIENTED_EDGE('',*,*,#853,.F.);
#192=ORIENTED_EDGE('',*,*,#782,.F.);
#193=ORIENTED_EDGE('',*,*,#854,.T.);
#194=ORIENTED_EDGE('',*,*,#855,.T.);
#195=ORIENTED_EDGE('',*,*,#856,.F.);
#196=ORIENTED_EDGE('',*,*,#778,.F.);
#197=ORIENTED_EDGE('',*,*,#857,.T.);
#198=ORIENTED_EDGE('',*,*,#858,.T.);
#199=ORIENTED_EDGE('',*,*,#859,.F.);
#200=ORIENTED_EDGE('',*,*,#774,.F.);
#201=ORIENTED_EDGE('',*,*,#860,.T.);
#202=ORIENTED_EDGE('',*,*,#861,.T.);
#203=ORIENTED_EDGE('',*,*,#862,.F.);
#204=ORIENTED_EDGE('',*,*,#770,.F.);
#205=ORIENTED_EDGE('',*,*,#863,.T.);
#206=ORIENTED_EDGE('',*,*,#864,.T.);
#207=ORIENTED_EDGE('',*,*,#865,.F.);
#208=ORIENTED_EDGE('',*,*,#766,.F.);
#209=ORIENTED_EDGE('',*,*,#866,.T.);
#210=ORIENTED_EDGE('',*,*,#867,.T.);
#211=ORIENTED_EDGE('',*,*,#868,.F.);
#212=ORIENTED_EDGE('',*,*,#762,.F.);
#213=ORIENTED_EDGE('',*,*,#869,.T.);
#214=ORIENTED_EDGE('',*,*,#870,.T.);
#215=ORIENTED_EDGE('',*,*,#732,.T.);
#216=ORIENTED_EDGE('',*,*,#871,.T.);
#217=ORIENTED_EDGE('',*,*,#872,.T.);
#218=ORIENTED_EDGE('',*,*,#873,.F.);
#219=ORIENTED_EDGE('',*,*,#728,.T.);
#220=ORIENTED_EDGE('',*,*,#874,.T.);
#221=ORIENTED_EDGE('',*,*,#875,.T.);
#222=ORIENTED_EDGE('',*,*,#876,.F.);
#223=ORIENTED_EDGE('',*,*,#724,.T.);
#224=ORIENTED_EDGE('',*,*,#877,.T.);
#225=ORIENTED_EDGE('',*,*,#878,.T.);
#226=ORIENTED_EDGE('',*,*,#879,.F.);
#227=ORIENTED_EDGE('',*,*,#720,.T.);
#228=ORIENTED_EDGE('',*,*,#880,.T.);
#229=ORIENTED_EDGE('',*,*,#881,.T.);
#230=ORIENTED_EDGE('',*,*,#882,.F.);
#231=ORIENTED_EDGE('',*,*,#716,.T.);
#232=ORIENTED_EDGE('',*,*,#883,.T.);
#233=ORIENTED_EDGE('',*,*,#884,.T.);
#234=ORIENTED_EDGE('',*,*,#885,.F.);
#235=ORIENTED_EDGE('',*,*,#712,.T.);
#236=ORIENTED_EDGE('',*,*,#886,.T.);
#237=ORIENTED_EDGE('',*,*,#887,.F.);
#238=ORIENTED_EDGE('',*,*,#709,.F.);
#239=ORIENTED_EDGE('',*,*,#887,.T.);
#240=ORIENTED_EDGE('',*,*,#888,.T.);
#241=ORIENTED_EDGE('',*,*,#870,.F.);
#242=ORIENTED_EDGE('',*,*,#889,.T.);
#243=ORIENTED_EDGE('',*,*,#820,.F.);
#244=ORIENTED_EDGE('',*,*,#890,.T.);
#245=ORIENTED_EDGE('',*,*,#811,.T.);
#246=ORIENTED_EDGE('',*,*,#891,.T.);
#247=ORIENTED_EDGE('',*,*,#807,.T.);
#248=ORIENTED_EDGE('',*,*,#892,.T.);
#249=ORIENTED_EDGE('',*,*,#801,.F.);
#250=ORIENTED_EDGE('',*,*,#893,.F.);
#251=ORIENTED_EDGE('',*,*,#894,.T.);
#252=ORIENTED_EDGE('',*,*,#706,.T.);
#253=ORIENTED_EDGE('',*,*,#737,.F.);
#254=ORIENTED_EDGE('',*,*,#808,.F.);
#255=ORIENTED_EDGE('',*,*,#891,.F.);
#256=ORIENTED_EDGE('',*,*,#810,.F.);
#257=ORIENTED_EDGE('',*,*,#735,.F.);
#258=ORIENTED_EDGE('',*,*,#802,.F.);
#259=ORIENTED_EDGE('',*,*,#892,.F.);
#260=ORIENTED_EDGE('',*,*,#809,.F.);
#261=ORIENTED_EDGE('',*,*,#711,.F.);
#262=ORIENTED_EDGE('',*,*,#838,.F.);
#263=ORIENTED_EDGE('',*,*,#888,.F.);
#264=ORIENTED_EDGE('',*,*,#886,.F.);
#265=ORIENTED_EDGE('',*,*,#761,.F.);
#266=ORIENTED_EDGE('',*,*,#821,.F.);
#267=ORIENTED_EDGE('',*,*,#889,.F.);
#268=ORIENTED_EDGE('',*,*,#869,.F.);
#269=ORIENTED_EDGE('',*,*,#895,.F.);
#270=ORIENTED_EDGE('',*,*,#896,.T.);
#271=ORIENTED_EDGE('',*,*,#897,.T.);
#272=ORIENTED_EDGE('',*,*,#840,.F.);
#273=ORIENTED_EDGE('',*,*,#898,.F.);
#274=ORIENTED_EDGE('',*,*,#899,.T.);
#275=ORIENTED_EDGE('',*,*,#900,.T.);
#276=ORIENTED_EDGE('',*,*,#843,.F.);
#277=ORIENTED_EDGE('',*,*,#901,.F.);
#278=ORIENTED_EDGE('',*,*,#902,.T.);
#279=ORIENTED_EDGE('',*,*,#903,.T.);
#280=ORIENTED_EDGE('',*,*,#846,.F.);
#281=ORIENTED_EDGE('',*,*,#904,.F.);
#282=ORIENTED_EDGE('',*,*,#905,.T.);
#283=ORIENTED_EDGE('',*,*,#906,.T.);
#284=ORIENTED_EDGE('',*,*,#849,.F.);
#285=ORIENTED_EDGE('',*,*,#907,.F.);
#286=ORIENTED_EDGE('',*,*,#908,.T.);
#287=ORIENTED_EDGE('',*,*,#909,.T.);
#288=ORIENTED_EDGE('',*,*,#852,.F.);
#289=ORIENTED_EDGE('',*,*,#910,.F.);
#290=ORIENTED_EDGE('',*,*,#911,.T.);
#291=ORIENTED_EDGE('',*,*,#912,.T.);
#292=ORIENTED_EDGE('',*,*,#855,.F.);
#293=ORIENTED_EDGE('',*,*,#913,.F.);
#294=ORIENTED_EDGE('',*,*,#914,.T.);
#295=ORIENTED_EDGE('',*,*,#915,.T.);
#296=ORIENTED_EDGE('',*,*,#858,.F.);
#297=ORIENTED_EDGE('',*,*,#916,.F.);
#298=ORIENTED_EDGE('',*,*,#917,.T.);
#299=ORIENTED_EDGE('',*,*,#918,.T.);
#300=ORIENTED_EDGE('',*,*,#861,.F.);
#301=ORIENTED_EDGE('',*,*,#919,.F.);
#302=ORIENTED_EDGE('',*,*,#920,.T.);
#303=ORIENTED_EDGE('',*,*,#921,.T.);
#304=ORIENTED_EDGE('',*,*,#864,.F.);
#305=ORIENTED_EDGE('',*,*,#922,.F.);
#306=ORIENTED_EDGE('',*,*,#923,.T.);
#307=ORIENTED_EDGE('',*,*,#924,.T.);
#308=ORIENTED_EDGE('',*,*,#867,.F.);
#309=ORIENTED_EDGE('',*,*,#823,.T.);
#310=ORIENTED_EDGE('',*,*,#925,.T.);
#311=ORIENTED_EDGE('',*,*,#926,.T.);
#312=ORIENTED_EDGE('',*,*,#927,.F.);
#313=ORIENTED_EDGE('',*,*,#836,.T.);
#314=ORIENTED_EDGE('',*,*,#928,.T.);
#315=ORIENTED_EDGE('',*,*,#929,.T.);
#316=ORIENTED_EDGE('',*,*,#930,.F.);
#317=ORIENTED_EDGE('',*,*,#833,.T.);
#318=ORIENTED_EDGE('',*,*,#931,.T.);
#319=ORIENTED_EDGE('',*,*,#932,.T.);
#320=ORIENTED_EDGE('',*,*,#933,.F.);
#321=ORIENTED_EDGE('',*,*,#830,.T.);
#322=ORIENTED_EDGE('',*,*,#934,.T.);
#323=ORIENTED_EDGE('',*,*,#935,.T.);
#324=ORIENTED_EDGE('',*,*,#936,.F.);
#325=ORIENTED_EDGE('',*,*,#827,.T.);
#326=ORIENTED_EDGE('',*,*,#937,.T.);
#327=ORIENTED_EDGE('',*,*,#938,.T.);
#328=ORIENTED_EDGE('',*,*,#939,.F.);
#329=ORIENTED_EDGE('',*,*,#817,.T.);
#330=ORIENTED_EDGE('',*,*,#940,.F.);
#331=ORIENTED_EDGE('',*,*,#941,.F.);
#332=ORIENTED_EDGE('',*,*,#942,.F.);
#333=ORIENTED_EDGE('',*,*,#943,.F.);
#334=ORIENTED_EDGE('',*,*,#944,.F.);
#335=ORIENTED_EDGE('',*,*,#945,.T.);
#336=ORIENTED_EDGE('',*,*,#946,.T.);
#337=ORIENTED_EDGE('',*,*,#947,.F.);
#338=ORIENTED_EDGE('',*,*,#948,.F.);
#339=ORIENTED_EDGE('',*,*,#949,.T.);
#340=ORIENTED_EDGE('',*,*,#950,.T.);
#341=ORIENTED_EDGE('',*,*,#951,.F.);
#342=ORIENTED_EDGE('',*,*,#952,.F.);
#343=ORIENTED_EDGE('',*,*,#953,.T.);
#344=ORIENTED_EDGE('',*,*,#954,.T.);
#345=ORIENTED_EDGE('',*,*,#955,.F.);
#346=ORIENTED_EDGE('',*,*,#956,.F.);
#347=ORIENTED_EDGE('',*,*,#957,.T.);
#348=ORIENTED_EDGE('',*,*,#958,.T.);
#349=ORIENTED_EDGE('',*,*,#959,.F.);
#350=ORIENTED_EDGE('',*,*,#960,.F.);
#351=ORIENTED_EDGE('',*,*,#961,.T.);
#352=ORIENTED_EDGE('',*,*,#962,.T.);
#353=ORIENTED_EDGE('',*,*,#963,.F.);
#354=ORIENTED_EDGE('',*,*,#964,.T.);
#355=ORIENTED_EDGE('',*,*,#965,.T.);
#356=ORIENTED_EDGE('',*,*,#966,.T.);
#357=ORIENTED_EDGE('',*,*,#967,.F.);
#358=ORIENTED_EDGE('',*,*,#968,.T.);
#359=ORIENTED_EDGE('',*,*,#969,.T.);
#360=ORIENTED_EDGE('',*,*,#959,.T.);
#361=ORIENTED_EDGE('',*,*,#970,.F.);
#362=ORIENTED_EDGE('',*,*,#971,.T.);
#363=ORIENTED_EDGE('',*,*,#972,.T.);
#364=ORIENTED_EDGE('',*,*,#955,.T.);
#365=ORIENTED_EDGE('',*,*,#973,.F.);
#366=ORIENTED_EDGE('',*,*,#974,.T.);
#367=ORIENTED_EDGE('',*,*,#975,.T.);
#368=ORIENTED_EDGE('',*,*,#951,.T.);
#369=ORIENTED_EDGE('',*,*,#976,.F.);
#370=ORIENTED_EDGE('',*,*,#977,.T.);
#371=ORIENTED_EDGE('',*,*,#978,.T.);
#372=ORIENTED_EDGE('',*,*,#947,.T.);
#373=ORIENTED_EDGE('',*,*,#979,.F.);
#374=ORIENTED_EDGE('',*,*,#980,.T.);
#375=ORIENTED_EDGE('',*,*,#981,.T.);
#376=ORIENTED_EDGE('',*,*,#943,.T.);
#377=ORIENTED_EDGE('',*,*,#982,.T.);
#378=ORIENTED_EDGE('',*,*,#707,.T.);
#379=ORIENTED_EDGE('',*,*,#894,.F.);
#380=ORIENTED_EDGE('',*,*,#983,.F.);
#381=ORIENTED_EDGE('',*,*,#984,.F.);
#382=ORIENTED_EDGE('',*,*,#985,.T.);
#383=ORIENTED_EDGE('',*,*,#963,.T.);
#384=ORIENTED_EDGE('',*,*,#825,.F.);
#385=ORIENTED_EDGE('',*,*,#986,.T.);
#386=ORIENTED_EDGE('',*,*,#987,.F.);
#387=ORIENTED_EDGE('',*,*,#988,.T.);
#388=ORIENTED_EDGE('',*,*,#984,.T.);
#389=ORIENTED_EDGE('',*,*,#989,.T.);
#390=ORIENTED_EDGE('',*,*,#805,.T.);
#391=ORIENTED_EDGE('',*,*,#990,.T.);
#392=ORIENTED_EDGE('',*,*,#813,.F.);
#393=ORIENTED_EDGE('',*,*,#991,.F.);
#394=ORIENTED_EDGE('',*,*,#987,.T.);
#395=ORIENTED_EDGE('',*,*,#992,.T.);
#396=ORIENTED_EDGE('',*,*,#965,.F.);
#397=ORIENTED_EDGE('',*,*,#993,.T.);
#398=ORIENTED_EDGE('',*,*,#990,.F.);
#399=ORIENTED_EDGE('',*,*,#804,.T.);
#400=ORIENTED_EDGE('',*,*,#941,.T.);
#401=ORIENTED_EDGE('',*,*,#814,.T.);
#402=ORIENTED_EDGE('',*,*,#966,.F.);
#403=ORIENTED_EDGE('',*,*,#992,.F.);
#404=ORIENTED_EDGE('',*,*,#986,.F.);
#405=ORIENTED_EDGE('',*,*,#824,.F.);
#406=ORIENTED_EDGE('',*,*,#964,.F.);
#407=ORIENTED_EDGE('',*,*,#985,.F.);
#408=ORIENTED_EDGE('',*,*,#988,.F.);
#409=ORIENTED_EDGE('',*,*,#993,.F.);
#410=ORIENTED_EDGE('',*,*,#819,.T.);
#411=ORIENTED_EDGE('',*,*,#991,.T.);
#412=ORIENTED_EDGE('',*,*,#812,.F.);
#413=ORIENTED_EDGE('',*,*,#890,.F.);
#414=ORIENTED_EDGE('',*,*,#816,.F.);
#415=ORIENTED_EDGE('',*,*,#739,.T.);
#416=ORIENTED_EDGE('',*,*,#815,.T.);
#417=ORIENTED_EDGE('',*,*,#940,.T.);
#418=ORIENTED_EDGE('',*,*,#983,.T.);
#419=ORIENTED_EDGE('',*,*,#893,.T.);
#420=ORIENTED_EDGE('',*,*,#806,.F.);
#421=ORIENTED_EDGE('',*,*,#989,.F.);
#422=ORIENTED_EDGE('',*,*,#803,.T.);
#423=ORIENTED_EDGE('',*,*,#733,.T.);
#424=ORIENTED_EDGE('',*,*,#982,.F.);
#425=ORIENTED_EDGE('',*,*,#942,.T.);
#426=ORIENTED_EDGE('',*,*,#839,.F.);
#427=ORIENTED_EDGE('',*,*,#710,.T.);
#428=ORIENTED_EDGE('',*,*,#994,.T.);
#429=ORIENTED_EDGE('',*,*,#895,.T.);
#430=ORIENTED_EDGE('',*,*,#799,.F.);
#431=ORIENTED_EDGE('',*,*,#841,.T.);
#432=ORIENTED_EDGE('',*,*,#897,.F.);
#433=ORIENTED_EDGE('',*,*,#995,.F.);
#434=ORIENTED_EDGE('',*,*,#800,.F.);
#435=ORIENTED_EDGE('',*,*,#995,.T.);
#436=ORIENTED_EDGE('',*,*,#896,.F.);
#437=ORIENTED_EDGE('',*,*,#994,.F.);
#438=ORIENTED_EDGE('',*,*,#795,.F.);
#439=ORIENTED_EDGE('',*,*,#844,.T.);
#440=ORIENTED_EDGE('',*,*,#900,.F.);
#441=ORIENTED_EDGE('',*,*,#996,.F.);
#442=ORIENTED_EDGE('',*,*,#842,.F.);
#443=ORIENTED_EDGE('',*,*,#797,.T.);
#444=ORIENTED_EDGE('',*,*,#997,.T.);
#445=ORIENTED_EDGE('',*,*,#898,.T.);
#446=ORIENTED_EDGE('',*,*,#796,.F.);
#447=ORIENTED_EDGE('',*,*,#996,.T.);
#448=ORIENTED_EDGE('',*,*,#899,.F.);
#449=ORIENTED_EDGE('',*,*,#997,.F.);
#450=ORIENTED_EDGE('',*,*,#791,.F.);
#451=ORIENTED_EDGE('',*,*,#847,.T.);
#452=ORIENTED_EDGE('',*,*,#903,.F.);
#453=ORIENTED_EDGE('',*,*,#998,.F.);
#454=ORIENTED_EDGE('',*,*,#845,.F.);
#455=ORIENTED_EDGE('',*,*,#793,.T.);
#456=ORIENTED_EDGE('',*,*,#999,.T.);
#457=ORIENTED_EDGE('',*,*,#901,.T.);
#458=ORIENTED_EDGE('',*,*,#792,.F.);
#459=ORIENTED_EDGE('',*,*,#998,.T.);
#460=ORIENTED_EDGE('',*,*,#902,.F.);
#461=ORIENTED_EDGE('',*,*,#999,.F.);
#462=ORIENTED_EDGE('',*,*,#787,.F.);
#463=ORIENTED_EDGE('',*,*,#850,.T.);
#464=ORIENTED_EDGE('',*,*,#906,.F.);
#465=ORIENTED_EDGE('',*,*,#1000,.F.);
#466=ORIENTED_EDGE('',*,*,#848,.F.);
#467=ORIENTED_EDGE('',*,*,#789,.T.);
#468=ORIENTED_EDGE('',*,*,#1001,.T.);
#469=ORIENTED_EDGE('',*,*,#904,.T.);
#470=ORIENTED_EDGE('',*,*,#788,.F.);
#471=ORIENTED_EDGE('',*,*,#1000,.T.);
#472=ORIENTED_EDGE('',*,*,#905,.F.);
#473=ORIENTED_EDGE('',*,*,#1001,.F.);
#474=ORIENTED_EDGE('',*,*,#783,.F.);
#475=ORIENTED_EDGE('',*,*,#853,.T.);
#476=ORIENTED_EDGE('',*,*,#909,.F.);
#477=ORIENTED_EDGE('',*,*,#1002,.F.);
#478=ORIENTED_EDGE('',*,*,#851,.F.);
#479=ORIENTED_EDGE('',*,*,#785,.T.);
#480=ORIENTED_EDGE('',*,*,#1003,.T.);
#481=ORIENTED_EDGE('',*,*,#907,.T.);
#482=ORIENTED_EDGE('',*,*,#784,.F.);
#483=ORIENTED_EDGE('',*,*,#1002,.T.);
#484=ORIENTED_EDGE('',*,*,#908,.F.);
#485=ORIENTED_EDGE('',*,*,#1003,.F.);
#486=ORIENTED_EDGE('',*,*,#779,.F.);
#487=ORIENTED_EDGE('',*,*,#856,.T.);
#488=ORIENTED_EDGE('',*,*,#912,.F.);
#489=ORIENTED_EDGE('',*,*,#1004,.F.);
#490=ORIENTED_EDGE('',*,*,#854,.F.);
#491=ORIENTED_EDGE('',*,*,#781,.T.);
#492=ORIENTED_EDGE('',*,*,#1005,.T.);
#493=ORIENTED_EDGE('',*,*,#910,.T.);
#494=ORIENTED_EDGE('',*,*,#780,.F.);
#495=ORIENTED_EDGE('',*,*,#1004,.T.);
#496=ORIENTED_EDGE('',*,*,#911,.F.);
#497=ORIENTED_EDGE('',*,*,#1005,.F.);
#498=ORIENTED_EDGE('',*,*,#775,.F.);
#499=ORIENTED_EDGE('',*,*,#859,.T.);
#500=ORIENTED_EDGE('',*,*,#915,.F.);
#501=ORIENTED_EDGE('',*,*,#1006,.F.);
#502=ORIENTED_EDGE('',*,*,#857,.F.);
#503=ORIENTED_EDGE('',*,*,#777,.T.);
#504=ORIENTED_EDGE('',*,*,#1007,.T.);
#505=ORIENTED_EDGE('',*,*,#913,.T.);
#506=ORIENTED_EDGE('',*,*,#776,.F.);
#507=ORIENTED_EDGE('',*,*,#1006,.T.);
#508=ORIENTED_EDGE('',*,*,#914,.F.);
#509=ORIENTED_EDGE('',*,*,#1007,.F.);
#510=ORIENTED_EDGE('',*,*,#771,.F.);
#511=ORIENTED_EDGE('',*,*,#862,.T.);
#512=ORIENTED_EDGE('',*,*,#918,.F.);
#513=ORIENTED_EDGE('',*,*,#1008,.F.);
#514=ORIENTED_EDGE('',*,*,#860,.F.);
#515=ORIENTED_EDGE('',*,*,#773,.T.);
#516=ORIENTED_EDGE('',*,*,#1009,.T.);
#517=ORIENTED_EDGE('',*,*,#916,.T.);
#518=ORIENTED_EDGE('',*,*,#772,.F.);
#519=ORIENTED_EDGE('',*,*,#1008,.T.);
#520=ORIENTED_EDGE('',*,*,#917,.F.);
#521=ORIENTED_EDGE('',*,*,#1009,.F.);
#522=ORIENTED_EDGE('',*,*,#767,.F.);
#523=ORIENTED_EDGE('',*,*,#865,.T.);
#524=ORIENTED_EDGE('',*,*,#921,.F.);
#525=ORIENTED_EDGE('',*,*,#1010,.F.);
#526=ORIENTED_EDGE('',*,*,#863,.F.);
#527=ORIENTED_EDGE('',*,*,#769,.T.);
#528=ORIENTED_EDGE('',*,*,#1011,.T.);
#529=ORIENTED_EDGE('',*,*,#919,.T.);
#530=ORIENTED_EDGE('',*,*,#768,.F.);
#531=ORIENTED_EDGE('',*,*,#1010,.T.);
#532=ORIENTED_EDGE('',*,*,#920,.F.);
#533=ORIENTED_EDGE('',*,*,#1011,.F.);
#534=ORIENTED_EDGE('',*,*,#763,.F.);
#535=ORIENTED_EDGE('',*,*,#868,.T.);
#536=ORIENTED_EDGE('',*,*,#924,.F.);
#537=ORIENTED_EDGE('',*,*,#1012,.F.);
#538=ORIENTED_EDGE('',*,*,#866,.F.);
#539=ORIENTED_EDGE('',*,*,#765,.T.);
#540=ORIENTED_EDGE('',*,*,#1013,.T.);
#541=ORIENTED_EDGE('',*,*,#922,.T.);
#542=ORIENTED_EDGE('',*,*,#764,.F.);
#543=ORIENTED_EDGE('',*,*,#1012,.T.);
#544=ORIENTED_EDGE('',*,*,#923,.F.);
#545=ORIENTED_EDGE('',*,*,#1013,.F.);
#546=ORIENTED_EDGE('',*,*,#980,.F.);
#547=ORIENTED_EDGE('',*,*,#1014,.T.);
#548=ORIENTED_EDGE('',*,*,#872,.F.);
#549=ORIENTED_EDGE('',*,*,#1015,.F.);
#550=ORIENTED_EDGE('',*,*,#871,.F.);
#551=ORIENTED_EDGE('',*,*,#731,.T.);
#552=ORIENTED_EDGE('',*,*,#1016,.T.);
#553=ORIENTED_EDGE('',*,*,#944,.T.);
#554=ORIENTED_EDGE('',*,*,#981,.F.);
#555=ORIENTED_EDGE('',*,*,#1015,.T.);
#556=ORIENTED_EDGE('',*,*,#729,.F.);
#557=ORIENTED_EDGE('',*,*,#873,.T.);
#558=ORIENTED_EDGE('',*,*,#1014,.F.);
#559=ORIENTED_EDGE('',*,*,#979,.T.);
#560=ORIENTED_EDGE('',*,*,#946,.F.);
#561=ORIENTED_EDGE('',*,*,#1017,.F.);
#562=ORIENTED_EDGE('',*,*,#730,.F.);
#563=ORIENTED_EDGE('',*,*,#1017,.T.);
#564=ORIENTED_EDGE('',*,*,#945,.F.);
#565=ORIENTED_EDGE('',*,*,#1016,.F.);
#566=ORIENTED_EDGE('',*,*,#977,.F.);
#567=ORIENTED_EDGE('',*,*,#1018,.T.);
#568=ORIENTED_EDGE('',*,*,#875,.F.);
#569=ORIENTED_EDGE('',*,*,#1019,.F.);
#570=ORIENTED_EDGE('',*,*,#725,.F.);
#571=ORIENTED_EDGE('',*,*,#876,.T.);
#572=ORIENTED_EDGE('',*,*,#1018,.F.);
#573=ORIENTED_EDGE('',*,*,#976,.T.);
#574=ORIENTED_EDGE('',*,*,#950,.F.);
#575=ORIENTED_EDGE('',*,*,#1020,.F.);
#576=ORIENTED_EDGE('',*,*,#874,.F.);
#577=ORIENTED_EDGE('',*,*,#727,.T.);
#578=ORIENTED_EDGE('',*,*,#1021,.T.);
#579=ORIENTED_EDGE('',*,*,#948,.T.);
#580=ORIENTED_EDGE('',*,*,#978,.F.);
#581=ORIENTED_EDGE('',*,*,#1019,.T.);
#582=ORIENTED_EDGE('',*,*,#726,.F.);
#583=ORIENTED_EDGE('',*,*,#1020,.T.);
#584=ORIENTED_EDGE('',*,*,#949,.F.);
#585=ORIENTED_EDGE('',*,*,#1021,.F.);
#586=ORIENTED_EDGE('',*,*,#974,.F.);
#587=ORIENTED_EDGE('',*,*,#1022,.T.);
#588=ORIENTED_EDGE('',*,*,#878,.F.);
#589=ORIENTED_EDGE('',*,*,#1023,.F.);
#590=ORIENTED_EDGE('',*,*,#721,.F.);
#591=ORIENTED_EDGE('',*,*,#879,.T.);
#592=ORIENTED_EDGE('',*,*,#1022,.F.);
#593=ORIENTED_EDGE('',*,*,#973,.T.);
#594=ORIENTED_EDGE('',*,*,#954,.F.);
#595=ORIENTED_EDGE('',*,*,#1024,.F.);
#596=ORIENTED_EDGE('',*,*,#877,.F.);
#597=ORIENTED_EDGE('',*,*,#723,.T.);
#598=ORIENTED_EDGE('',*,*,#1025,.T.);
#599=ORIENTED_EDGE('',*,*,#952,.T.);
#600=ORIENTED_EDGE('',*,*,#975,.F.);
#601=ORIENTED_EDGE('',*,*,#1023,.T.);
#602=ORIENTED_EDGE('',*,*,#722,.F.);
#603=ORIENTED_EDGE('',*,*,#1024,.T.);
#604=ORIENTED_EDGE('',*,*,#953,.F.);
#605=ORIENTED_EDGE('',*,*,#1025,.F.);
#606=ORIENTED_EDGE('',*,*,#971,.F.);
#607=ORIENTED_EDGE('',*,*,#1026,.T.);
#608=ORIENTED_EDGE('',*,*,#881,.F.);
#609=ORIENTED_EDGE('',*,*,#1027,.F.);
#610=ORIENTED_EDGE('',*,*,#717,.F.);
#611=ORIENTED_EDGE('',*,*,#882,.T.);
#612=ORIENTED_EDGE('',*,*,#1026,.F.);
#613=ORIENTED_EDGE('',*,*,#970,.T.);
#614=ORIENTED_EDGE('',*,*,#958,.F.);
#615=ORIENTED_EDGE('',*,*,#1028,.F.);
#616=ORIENTED_EDGE('',*,*,#880,.F.);
#617=ORIENTED_EDGE('',*,*,#719,.T.);
#618=ORIENTED_EDGE('',*,*,#1029,.T.);
#619=ORIENTED_EDGE('',*,*,#956,.T.);
#620=ORIENTED_EDGE('',*,*,#972,.F.);
#621=ORIENTED_EDGE('',*,*,#1027,.T.);
#622=ORIENTED_EDGE('',*,*,#718,.F.);
#623=ORIENTED_EDGE('',*,*,#1028,.T.);
#624=ORIENTED_EDGE('',*,*,#957,.F.);
#625=ORIENTED_EDGE('',*,*,#1029,.F.);
#626=ORIENTED_EDGE('',*,*,#968,.F.);
#627=ORIENTED_EDGE('',*,*,#1030,.T.);
#628=ORIENTED_EDGE('',*,*,#884,.F.);
#629=ORIENTED_EDGE('',*,*,#1031,.F.);
#630=ORIENTED_EDGE('',*,*,#713,.F.);
#631=ORIENTED_EDGE('',*,*,#885,.T.);
#632=ORIENTED_EDGE('',*,*,#1030,.F.);
#633=ORIENTED_EDGE('',*,*,#967,.T.);
#634=ORIENTED_EDGE('',*,*,#962,.F.);
#635=ORIENTED_EDGE('',*,*,#1032,.F.);
#636=ORIENTED_EDGE('',*,*,#883,.F.);
#637=ORIENTED_EDGE('',*,*,#715,.T.);
#638=ORIENTED_EDGE('',*,*,#1033,.T.);
#639=ORIENTED_EDGE('',*,*,#960,.T.);
#640=ORIENTED_EDGE('',*,*,#969,.F.);
#641=ORIENTED_EDGE('',*,*,#1031,.T.);
#642=ORIENTED_EDGE('',*,*,#714,.F.);
#643=ORIENTED_EDGE('',*,*,#1032,.T.);
#644=ORIENTED_EDGE('',*,*,#961,.F.);
#645=ORIENTED_EDGE('',*,*,#1033,.F.);
#646=ORIENTED_EDGE('',*,*,#1034,.T.);
#647=ORIENTED_EDGE('',*,*,#741,.T.);
#648=ORIENTED_EDGE('',*,*,#818,.F.);
#649=ORIENTED_EDGE('',*,*,#939,.T.);
#650=ORIENTED_EDGE('',*,*,#743,.F.);
#651=ORIENTED_EDGE('',*,*,#1035,.F.);
#652=ORIENTED_EDGE('',*,*,#937,.F.);
#653=ORIENTED_EDGE('',*,*,#826,.T.);
#654=ORIENTED_EDGE('',*,*,#742,.F.);
#655=ORIENTED_EDGE('',*,*,#1034,.F.);
#656=ORIENTED_EDGE('',*,*,#938,.F.);
#657=ORIENTED_EDGE('',*,*,#1035,.T.);
#658=ORIENTED_EDGE('',*,*,#747,.F.);
#659=ORIENTED_EDGE('',*,*,#1036,.F.);
#660=ORIENTED_EDGE('',*,*,#934,.F.);
#661=ORIENTED_EDGE('',*,*,#829,.T.);
#662=ORIENTED_EDGE('',*,*,#1037,.T.);
#663=ORIENTED_EDGE('',*,*,#745,.T.);
#664=ORIENTED_EDGE('',*,*,#828,.F.);
#665=ORIENTED_EDGE('',*,*,#936,.T.);
#666=ORIENTED_EDGE('',*,*,#746,.F.);
#667=ORIENTED_EDGE('',*,*,#1037,.F.);
#668=ORIENTED_EDGE('',*,*,#935,.F.);
#669=ORIENTED_EDGE('',*,*,#1036,.T.);
#670=ORIENTED_EDGE('',*,*,#751,.F.);
#671=ORIENTED_EDGE('',*,*,#1038,.F.);
#672=ORIENTED_EDGE('',*,*,#931,.F.);
#673=ORIENTED_EDGE('',*,*,#832,.T.);
#674=ORIENTED_EDGE('',*,*,#1039,.T.);
#675=ORIENTED_EDGE('',*,*,#749,.T.);
#676=ORIENTED_EDGE('',*,*,#831,.F.);
#677=ORIENTED_EDGE('',*,*,#933,.T.);
#678=ORIENTED_EDGE('',*,*,#750,.F.);
#679=ORIENTED_EDGE('',*,*,#1039,.F.);
#680=ORIENTED_EDGE('',*,*,#932,.F.);
#681=ORIENTED_EDGE('',*,*,#1038,.T.);
#682=ORIENTED_EDGE('',*,*,#755,.F.);
#683=ORIENTED_EDGE('',*,*,#1040,.F.);
#684=ORIENTED_EDGE('',*,*,#928,.F.);
#685=ORIENTED_EDGE('',*,*,#835,.T.);
#686=ORIENTED_EDGE('',*,*,#1041,.T.);
#687=ORIENTED_EDGE('',*,*,#753,.T.);
#688=ORIENTED_EDGE('',*,*,#834,.F.);
#689=ORIENTED_EDGE('',*,*,#930,.T.);
#690=ORIENTED_EDGE('',*,*,#754,.F.);
#691=ORIENTED_EDGE('',*,*,#1041,.F.);
#692=ORIENTED_EDGE('',*,*,#929,.F.);
#693=ORIENTED_EDGE('',*,*,#1040,.T.);
#694=ORIENTED_EDGE('',*,*,#759,.F.);
#695=ORIENTED_EDGE('',*,*,#1042,.F.);
#696=ORIENTED_EDGE('',*,*,#925,.F.);
#697=ORIENTED_EDGE('',*,*,#822,.T.);
#698=ORIENTED_EDGE('',*,*,#1043,.T.);
#699=ORIENTED_EDGE('',*,*,#757,.T.);
#700=ORIENTED_EDGE('',*,*,#837,.F.);
#701=ORIENTED_EDGE('',*,*,#927,.T.);
#702=ORIENTED_EDGE('',*,*,#758,.F.);
#703=ORIENTED_EDGE('',*,*,#1043,.F.);
#704=ORIENTED_EDGE('',*,*,#926,.F.);
#705=ORIENTED_EDGE('',*,*,#1042,.T.);
#706=EDGE_CURVE('',#1044,#1045,#1268,.T.);
#707=EDGE_CURVE('',#1046,#1044,#1269,.T.);
#708=EDGE_CURVE('',#1046,#1047,#1270,.T.);
#709=EDGE_CURVE('',#1047,#1045,#1271,.T.);
#710=EDGE_CURVE('',#1048,#1049,#1272,.T.);
#711=EDGE_CURVE('',#1048,#1050,#18,.T.);
#712=EDGE_CURVE('',#1051,#1050,#1273,.T.);
#713=EDGE_CURVE('',#1051,#1052,#1274,.T.);
#714=EDGE_CURVE('',#1052,#1053,#1275,.T.);
#715=EDGE_CURVE('',#1054,#1053,#1276,.T.);
#716=EDGE_CURVE('',#1055,#1054,#1277,.T.);
#717=EDGE_CURVE('',#1055,#1056,#1278,.T.);
#718=EDGE_CURVE('',#1056,#1057,#1279,.T.);
#719=EDGE_CURVE('',#1058,#1057,#1280,.T.);
#720=EDGE_CURVE('',#1059,#1058,#1281,.T.);
#721=EDGE_CURVE('',#1059,#1060,#1282,.T.);
#722=EDGE_CURVE('',#1060,#1061,#1283,.T.);
#723=EDGE_CURVE('',#1062,#1061,#1284,.T.);
#724=EDGE_CURVE('',#1063,#1062,#1285,.T.);
#725=EDGE_CURVE('',#1063,#1064,#1286,.T.);
#726=EDGE_CURVE('',#1064,#1065,#1287,.T.);
#727=EDGE_CURVE('',#1066,#1065,#1288,.T.);
#728=EDGE_CURVE('',#1067,#1066,#1289,.T.);
#729=EDGE_CURVE('',#1067,#1068,#1290,.T.);
#730=EDGE_CURVE('',#1068,#1069,#1291,.T.);
#731=EDGE_CURVE('',#1070,#1069,#1292,.T.);
#732=EDGE_CURVE('',#1047,#1070,#1293,.T.);
#733=EDGE_CURVE('',#1071,#1046,#1294,.T.);
#734=EDGE_CURVE('',#1071,#1072,#1295,.T.);
#735=EDGE_CURVE('',#1072,#1073,#19,.F.);
#736=EDGE_CURVE('',#1074,#1073,#1296,.T.);
#737=EDGE_CURVE('',#1074,#1075,#20,.F.);
#738=EDGE_CURVE('',#1076,#1075,#1297,.T.);
#739=EDGE_CURVE('',#1077,#1076,#1298,.T.);
#740=EDGE_CURVE('',#1077,#1078,#1299,.T.);
#741=EDGE_CURVE('',#1079,#1078,#1300,.T.);
#742=EDGE_CURVE('',#1079,#1080,#1301,.T.);
#743=EDGE_CURVE('',#1080,#1081,#1302,.T.);
#744=EDGE_CURVE('',#1081,#1082,#1303,.T.);
#745=EDGE_CURVE('',#1083,#1082,#1304,.T.);
#746=EDGE_CURVE('',#1083,#1084,#1305,.T.);
#747=EDGE_CURVE('',#1084,#1085,#1306,.T.);
#748=EDGE_CURVE('',#1085,#1086,#1307,.T.);
#749=EDGE_CURVE('',#1087,#1086,#1308,.T.);
#750=EDGE_CURVE('',#1087,#1088,#1309,.T.);
#751=EDGE_CURVE('',#1088,#1089,#1310,.T.);
#752=EDGE_CURVE('',#1089,#1090,#1311,.T.);
#753=EDGE_CURVE('',#1091,#1090,#1312,.T.);
#754=EDGE_CURVE('',#1091,#1092,#1313,.T.);
#755=EDGE_CURVE('',#1092,#1093,#1314,.T.);
#756=EDGE_CURVE('',#1093,#1094,#1315,.T.);
#757=EDGE_CURVE('',#1095,#1094,#1316,.T.);
#758=EDGE_CURVE('',#1095,#1096,#1317,.T.);
#759=EDGE_CURVE('',#1096,#1097,#1318,.T.);
#760=EDGE_CURVE('',#1097,#1098,#1319,.T.);
#761=EDGE_CURVE('',#1098,#1099,#21,.T.);
#762=EDGE_CURVE('',#1099,#1100,#1320,.T.);
#763=EDGE_CURVE('',#1100,#1101,#1321,.T.);
#764=EDGE_CURVE('',#1101,#1102,#1322,.T.);
#765=EDGE_CURVE('',#1103,#1102,#1323,.T.);
#766=EDGE_CURVE('',#1103,#1104,#1324,.T.);
#767=EDGE_CURVE('',#1104,#1105,#1325,.T.);
#768=EDGE_CURVE('',#1105,#1106,#1326,.T.);
#769=EDGE_CURVE('',#1107,#1106,#1327,.T.);
#770=EDGE_CURVE('',#1107,#1108,#1328,.T.);
#771=EDGE_CURVE('',#1108,#1109,#1329,.T.);
#772=EDGE_CURVE('',#1109,#1110,#1330,.T.);
#773=EDGE_CURVE('',#1111,#1110,#1331,.T.);
#774=EDGE_CURVE('',#1111,#1112,#1332,.T.);
#775=EDGE_CURVE('',#1112,#1113,#1333,.T.);
#776=EDGE_CURVE('',#1113,#1114,#1334,.T.);
#777=EDGE_CURVE('',#1115,#1114,#1335,.T.);
#778=EDGE_CURVE('',#1115,#1116,#1336,.T.);
#779=EDGE_CURVE('',#1116,#1117,#1337,.T.);
#780=EDGE_CURVE('',#1117,#1118,#1338,.T.);
#781=EDGE_CURVE('',#1119,#1118,#1339,.T.);
#782=EDGE_CURVE('',#1119,#1120,#1340,.T.);
#783=EDGE_CURVE('',#1120,#1121,#1341,.T.);
#784=EDGE_CURVE('',#1121,#1122,#1342,.T.);
#785=EDGE_CURVE('',#1123,#1122,#1343,.T.);
#786=EDGE_CURVE('',#1123,#1124,#1344,.T.);
#787=EDGE_CURVE('',#1124,#1125,#1345,.T.);
#788=EDGE_CURVE('',#1125,#1126,#1346,.T.);
#789=EDGE_CURVE('',#1127,#1126,#1347,.T.);
#790=EDGE_CURVE('',#1127,#1128,#1348,.T.);
#791=EDGE_CURVE('',#1128,#1129,#1349,.T.);
#792=EDGE_CURVE('',#1129,#1130,#1350,.T.);
#793=EDGE_CURVE('',#1131,#1130,#1351,.T.);
#794=EDGE_CURVE('',#1131,#1132,#1352,.T.);
#795=EDGE_CURVE('',#1132,#1133,#1353,.T.);
#796=EDGE_CURVE('',#1133,#1134,#1354,.T.);
#797=EDGE_CURVE('',#1135,#1134,#1355,.T.);
#798=EDGE_CURVE('',#1135,#1136,#1356,.T.);
#799=EDGE_CURVE('',#1136,#1137,#1357,.T.);
#800=EDGE_CURVE('',#1137,#1049,#1358,.T.);
#801=EDGE_CURVE('',#1138,#1139,#1359,.T.);
#802=EDGE_CURVE('',#1139,#1072,#1360,.F.);
#803=EDGE_CURVE('',#1140,#1071,#1361,.T.);
#804=EDGE_CURVE('',#1141,#1140,#1362,.T.);
#805=EDGE_CURVE('',#1142,#1141,#1363,.T.);
#806=EDGE_CURVE('',#1142,#1138,#1364,.T.);
#807=EDGE_CURVE('',#1143,#1144,#1365,.T.);
#808=EDGE_CURVE('',#1143,#1074,#1366,.F.);
#809=EDGE_CURVE('',#1073,#1144,#1367,.T.);
#810=EDGE_CURVE('',#1075,#1145,#1368,.T.);
#811=EDGE_CURVE('',#1146,#1145,#1369,.T.);
#812=EDGE_CURVE('',#1146,#1147,#1370,.T.);
#813=EDGE_CURVE('',#1147,#1148,#1371,.T.);
#814=EDGE_CURVE('',#1149,#1148,#1372,.T.);
#815=EDGE_CURVE('',#1076,#1149,#1373,.T.);
#816=EDGE_CURVE('',#1077,#1150,#1374,.T.);
#817=EDGE_CURVE('',#1151,#1150,#1375,.T.);
#818=EDGE_CURVE('',#1151,#1078,#1376,.T.);
#819=EDGE_CURVE('',#1152,#1153,#1377,.T.);
#820=EDGE_CURVE('',#1152,#1154,#1378,.T.);
#821=EDGE_CURVE('',#1154,#1098,#1379,.F.);
#822=EDGE_CURVE('',#1155,#1097,#1380,.T.);
#823=EDGE_CURVE('',#1156,#1155,#1381,.T.);
#824=EDGE_CURVE('',#1156,#1157,#1382,.T.);
#825=EDGE_CURVE('',#1157,#1153,#1383,.T.);
#826=EDGE_CURVE('',#1158,#1081,#1384,.T.);
#827=EDGE_CURVE('',#1159,#1158,#1385,.T.);
#828=EDGE_CURVE('',#1159,#1082,#1386,.T.);
#829=EDGE_CURVE('',#1160,#1085,#1387,.T.);
#830=EDGE_CURVE('',#1161,#1160,#1388,.T.);
#831=EDGE_CURVE('',#1161,#1086,#1389,.T.);
#832=EDGE_CURVE('',#1162,#1089,#1390,.T.);
#833=EDGE_CURVE('',#1163,#1162,#1391,.T.);
#834=EDGE_CURVE('',#1163,#1090,#1392,.T.);
#835=EDGE_CURVE('',#1164,#1093,#1393,.T.);
#836=EDGE_CURVE('',#1165,#1164,#1394,.T.);
#837=EDGE_CURVE('',#1165,#1094,#1395,.T.);
#838=EDGE_CURVE('',#1166,#1048,#1396,.F.);
#839=EDGE_CURVE('',#1048,#1167,#1397,.T.);
#840=EDGE_CURVE('',#1167,#1168,#1398,.T.);
#841=EDGE_CURVE('',#1136,#1168,#1399,.T.);
#842=EDGE_CURVE('',#1135,#1169,#1400,.T.);
#843=EDGE_CURVE('',#1169,#1170,#1401,.T.);
#844=EDGE_CURVE('',#1132,#1170,#1402,.T.);
#845=EDGE_CURVE('',#1131,#1171,#1403,.T.);
#846=EDGE_CURVE('',#1171,#1172,#1404,.T.);
#847=EDGE_CURVE('',#1128,#1172,#1405,.T.);
#848=EDGE_CURVE('',#1127,#1173,#1406,.T.);
#849=EDGE_CURVE('',#1173,#1174,#1407,.T.);
#850=EDGE_CURVE('',#1124,#1174,#1408,.T.);
#851=EDGE_CURVE('',#1123,#1175,#1409,.T.);
#852=EDGE_CURVE('',#1175,#1176,#1410,.T.);
#853=EDGE_CURVE('',#1120,#1176,#1411,.T.);
#854=EDGE_CURVE('',#1119,#1177,#1412,.T.);
#855=EDGE_CURVE('',#1177,#1178,#1413,.T.);
#856=EDGE_CURVE('',#1116,#1178,#1414,.T.);
#857=EDGE_CURVE('',#1115,#1179,#1415,.T.);
#858=EDGE_CURVE('',#1179,#1180,#1416,.T.);
#859=EDGE_CURVE('',#1112,#1180,#1417,.T.);
#860=EDGE_CURVE('',#1111,#1181,#1418,.T.);
#861=EDGE_CURVE('',#1181,#1182,#1419,.T.);
#862=EDGE_CURVE('',#1108,#1182,#1420,.T.);
#863=EDGE_CURVE('',#1107,#1183,#1421,.T.);
#864=EDGE_CURVE('',#1183,#1184,#1422,.T.);
#865=EDGE_CURVE('',#1104,#1184,#1423,.T.);
#866=EDGE_CURVE('',#1103,#1185,#1424,.T.);
#867=EDGE_CURVE('',#1185,#1186,#1425,.T.);
#868=EDGE_CURVE('',#1100,#1186,#1426,.T.);
#869=EDGE_CURVE('',#1099,#1187,#1427,.T.);
#870=EDGE_CURVE('',#1187,#1166,#1428,.T.);
#871=EDGE_CURVE('',#1070,#1188,#1429,.T.);
#872=EDGE_CURVE('',#1188,#1189,#1430,.T.);
#873=EDGE_CURVE('',#1067,#1189,#1431,.T.);
#874=EDGE_CURVE('',#1066,#1190,#1432,.T.);
#875=EDGE_CURVE('',#1190,#1191,#1433,.T.);
#876=EDGE_CURVE('',#1063,#1191,#1434,.T.);
#877=EDGE_CURVE('',#1062,#1192,#1435,.T.);
#878=EDGE_CURVE('',#1192,#1193,#1436,.T.);
#879=EDGE_CURVE('',#1059,#1193,#1437,.T.);
#880=EDGE_CURVE('',#1058,#1194,#1438,.T.);
#881=EDGE_CURVE('',#1194,#1195,#1439,.T.);
#882=EDGE_CURVE('',#1055,#1195,#1440,.T.);
#883=EDGE_CURVE('',#1054,#1196,#1441,.T.);
#884=EDGE_CURVE('',#1196,#1197,#1442,.T.);
#885=EDGE_CURVE('',#1051,#1197,#1443,.T.);
#886=EDGE_CURVE('',#1050,#1198,#1444,.T.);
#887=EDGE_CURVE('',#1045,#1198,#1445,.T.);
#888=EDGE_CURVE('',#1198,#1166,#22,.F.);
#889=EDGE_CURVE('',#1187,#1154,#23,.F.);
#890=EDGE_CURVE('',#1152,#1146,#1446,.T.);
#891=EDGE_CURVE('',#1145,#1143,#24,.T.);
#892=EDGE_CURVE('',#1144,#1139,#25,.T.);
#893=EDGE_CURVE('',#1199,#1138,#1447,.T.);
#894=EDGE_CURVE('',#1199,#1044,#1448,.T.);
#895=EDGE_CURVE('',#1200,#1167,#1449,.T.);
#896=EDGE_CURVE('',#1200,#1201,#1450,.T.);
#897=EDGE_CURVE('',#1201,#1168,#1451,.T.);
#898=EDGE_CURVE('',#1202,#1169,#1452,.T.);
#899=EDGE_CURVE('',#1202,#1203,#1453,.T.);
#900=EDGE_CURVE('',#1203,#1170,#1454,.T.);
#901=EDGE_CURVE('',#1204,#1171,#1455,.T.);
#902=EDGE_CURVE('',#1204,#1205,#1456,.T.);
#903=EDGE_CURVE('',#1205,#1172,#1457,.T.);
#904=EDGE_CURVE('',#1206,#1173,#1458,.T.);
#905=EDGE_CURVE('',#1206,#1207,#1459,.T.);
#906=EDGE_CURVE('',#1207,#1174,#1460,.T.);
#907=EDGE_CURVE('',#1208,#1175,#1461,.T.);
#908=EDGE_CURVE('',#1208,#1209,#1462,.T.);
#909=EDGE_CURVE('',#1209,#1176,#1463,.T.);
#910=EDGE_CURVE('',#1210,#1177,#1464,.T.);
#911=EDGE_CURVE('',#1210,#1211,#1465,.T.);
#912=EDGE_CURVE('',#1211,#1178,#1466,.T.);
#913=EDGE_CURVE('',#1212,#1179,#1467,.T.);
#914=EDGE_CURVE('',#1212,#1213,#1468,.T.);
#915=EDGE_CURVE('',#1213,#1180,#1469,.T.);
#916=EDGE_CURVE('',#1214,#1181,#1470,.T.);
#917=EDGE_CURVE('',#1214,#1215,#1471,.T.);
#918=EDGE_CURVE('',#1215,#1182,#1472,.T.);
#919=EDGE_CURVE('',#1216,#1183,#1473,.T.);
#920=EDGE_CURVE('',#1216,#1217,#1474,.T.);
#921=EDGE_CURVE('',#1217,#1184,#1475,.T.);
#922=EDGE_CURVE('',#1218,#1185,#1476,.T.);
#923=EDGE_CURVE('',#1218,#1219,#1477,.T.);
#924=EDGE_CURVE('',#1219,#1186,#1478,.T.);
#925=EDGE_CURVE('',#1155,#1220,#1479,.T.);
#926=EDGE_CURVE('',#1220,#1221,#1480,.T.);
#927=EDGE_CURVE('',#1165,#1221,#1481,.T.);
#928=EDGE_CURVE('',#1164,#1222,#1482,.T.);
#929=EDGE_CURVE('',#1222,#1223,#1483,.T.);
#930=EDGE_CURVE('',#1163,#1223,#1484,.T.);
#931=EDGE_CURVE('',#1162,#1224,#1485,.T.);
#932=EDGE_CURVE('',#1224,#1225,#1486,.T.);
#933=EDGE_CURVE('',#1161,#1225,#1487,.T.);
#934=EDGE_CURVE('',#1160,#1226,#1488,.T.);
#935=EDGE_CURVE('',#1226,#1227,#1489,.T.);
#936=EDGE_CURVE('',#1159,#1227,#1490,.T.);
#937=EDGE_CURVE('',#1158,#1228,#1491,.T.);
#938=EDGE_CURVE('',#1228,#1229,#1492,.T.);
#939=EDGE_CURVE('',#1151,#1229,#1493,.T.);
#940=EDGE_CURVE('',#1149,#1150,#1494,.T.);
#941=EDGE_CURVE('',#1140,#1149,#1495,.T.);
#942=EDGE_CURVE('',#1230,#1140,#1496,.T.);
#943=EDGE_CURVE('',#1231,#1230,#1497,.T.);
#944=EDGE_CURVE('',#1232,#1231,#1498,.T.);
#945=EDGE_CURVE('',#1232,#1233,#1499,.T.);
#946=EDGE_CURVE('',#1233,#1234,#1500,.T.);
#947=EDGE_CURVE('',#1235,#1234,#1501,.T.);
#948=EDGE_CURVE('',#1236,#1235,#1502,.T.);
#949=EDGE_CURVE('',#1236,#1237,#1503,.T.);
#950=EDGE_CURVE('',#1237,#1238,#1504,.T.);
#951=EDGE_CURVE('',#1239,#1238,#1505,.T.);
#952=EDGE_CURVE('',#1240,#1239,#1506,.T.);
#953=EDGE_CURVE('',#1240,#1241,#1507,.T.);
#954=EDGE_CURVE('',#1241,#1242,#1508,.T.);
#955=EDGE_CURVE('',#1243,#1242,#1509,.T.);
#956=EDGE_CURVE('',#1244,#1243,#1510,.T.);
#957=EDGE_CURVE('',#1244,#1245,#1511,.T.);
#958=EDGE_CURVE('',#1245,#1246,#1512,.T.);
#959=EDGE_CURVE('',#1247,#1246,#1513,.T.);
#960=EDGE_CURVE('',#1248,#1247,#1514,.T.);
#961=EDGE_CURVE('',#1248,#1249,#1515,.T.);
#962=EDGE_CURVE('',#1249,#1250,#1516,.T.);
#963=EDGE_CURVE('',#1251,#1250,#1517,.T.);
#964=EDGE_CURVE('',#1251,#1252,#26,.T.);
#965=EDGE_CURVE('',#1252,#1253,#1518,.T.);
#966=EDGE_CURVE('',#1253,#1156,#27,.T.);
#967=EDGE_CURVE('',#1254,#1250,#1519,.T.);
#968=EDGE_CURVE('',#1254,#1255,#1520,.T.);
#969=EDGE_CURVE('',#1255,#1247,#1521,.T.);
#970=EDGE_CURVE('',#1256,#1246,#1522,.T.);
#971=EDGE_CURVE('',#1256,#1257,#1523,.T.);
#972=EDGE_CURVE('',#1257,#1243,#1524,.T.);
#973=EDGE_CURVE('',#1258,#1242,#1525,.T.);
#974=EDGE_CURVE('',#1258,#1259,#1526,.T.);
#975=EDGE_CURVE('',#1259,#1239,#1527,.T.);
#976=EDGE_CURVE('',#1260,#1238,#1528,.T.);
#977=EDGE_CURVE('',#1260,#1261,#1529,.T.);
#978=EDGE_CURVE('',#1261,#1235,#1530,.T.);
#979=EDGE_CURVE('',#1262,#1234,#1531,.T.);
#980=EDGE_CURVE('',#1262,#1263,#1532,.T.);
#981=EDGE_CURVE('',#1263,#1231,#1533,.T.);
#982=EDGE_CURVE('',#1230,#1046,#1534,.T.);
#983=EDGE_CURVE('',#1264,#1199,#1535,.T.);
#984=EDGE_CURVE('',#1265,#1264,#1536,.T.);
#985=EDGE_CURVE('',#1265,#1251,#1537,.F.);
#986=EDGE_CURVE('',#1157,#1266,#28,.F.);
#987=EDGE_CURVE('',#1267,#1266,#1538,.T.);
#988=EDGE_CURVE('',#1267,#1265,#29,.F.);
#989=EDGE_CURVE('',#1264,#1142,#1539,.T.);
#990=EDGE_CURVE('',#1141,#1148,#1540,.T.);
#991=EDGE_CURVE('',#1153,#1147,#1541,.T.);
#992=EDGE_CURVE('',#1266,#1253,#1542,.F.);
#993=EDGE_CURVE('',#1252,#1267,#1543,.T.);
#994=EDGE_CURVE('',#1049,#1200,#1544,.T.);
#995=EDGE_CURVE('',#1137,#1201,#1545,.T.);
#996=EDGE_CURVE('',#1133,#1203,#1546,.T.);
#997=EDGE_CURVE('',#1134,#1202,#1547,.T.);
#998=EDGE_CURVE('',#1129,#1205,#1548,.T.);
#999=EDGE_CURVE('',#1130,#1204,#1549,.T.);
#1000=EDGE_CURVE('',#1125,#1207,#1550,.T.);
#1001=EDGE_CURVE('',#1126,#1206,#1551,.T.);
#1002=EDGE_CURVE('',#1121,#1209,#1552,.T.);
#1003=EDGE_CURVE('',#1122,#1208,#1553,.T.);
#1004=EDGE_CURVE('',#1117,#1211,#1554,.T.);
#1005=EDGE_CURVE('',#1118,#1210,#1555,.T.);
#1006=EDGE_CURVE('',#1113,#1213,#1556,.T.);
#1007=EDGE_CURVE('',#1114,#1212,#1557,.T.);
#1008=EDGE_CURVE('',#1109,#1215,#1558,.T.);
#1009=EDGE_CURVE('',#1110,#1214,#1559,.T.);
#1010=EDGE_CURVE('',#1105,#1217,#1560,.T.);
#1011=EDGE_CURVE('',#1106,#1216,#1561,.T.);
#1012=EDGE_CURVE('',#1101,#1219,#1562,.T.);
#1013=EDGE_CURVE('',#1102,#1218,#1563,.T.);
#1014=EDGE_CURVE('',#1262,#1189,#1564,.T.);
#1015=EDGE_CURVE('',#1263,#1188,#1565,.T.);
#1016=EDGE_CURVE('',#1069,#1232,#1566,.T.);
#1017=EDGE_CURVE('',#1068,#1233,#1567,.T.);
#1018=EDGE_CURVE('',#1260,#1191,#1568,.T.);
#1019=EDGE_CURVE('',#1261,#1190,#1569,.T.);
#1020=EDGE_CURVE('',#1064,#1237,#1570,.T.);
#1021=EDGE_CURVE('',#1065,#1236,#1571,.T.);
#1022=EDGE_CURVE('',#1258,#1193,#1572,.T.);
#1023=EDGE_CURVE('',#1259,#1192,#1573,.T.);
#1024=EDGE_CURVE('',#1060,#1241,#1574,.T.);
#1025=EDGE_CURVE('',#1061,#1240,#1575,.T.);
#1026=EDGE_CURVE('',#1256,#1195,#1576,.T.);
#1027=EDGE_CURVE('',#1257,#1194,#1577,.T.);
#1028=EDGE_CURVE('',#1056,#1245,#1578,.T.);
#1029=EDGE_CURVE('',#1057,#1244,#1579,.T.);
#1030=EDGE_CURVE('',#1254,#1197,#1580,.T.);
#1031=EDGE_CURVE('',#1255,#1196,#1581,.T.);
#1032=EDGE_CURVE('',#1052,#1249,#1582,.T.);
#1033=EDGE_CURVE('',#1053,#1248,#1583,.T.);
#1034=EDGE_CURVE('',#1229,#1079,#1584,.T.);
#1035=EDGE_CURVE('',#1228,#1080,#1585,.T.);
#1036=EDGE_CURVE('',#1226,#1084,#1586,.T.);
#1037=EDGE_CURVE('',#1227,#1083,#1587,.T.);
#1038=EDGE_CURVE('',#1224,#1088,#1588,.T.);
#1039=EDGE_CURVE('',#1225,#1087,#1589,.T.);
#1040=EDGE_CURVE('',#1222,#1092,#1590,.T.);
#1041=EDGE_CURVE('',#1223,#1091,#1591,.T.);
#1042=EDGE_CURVE('',#1220,#1096,#1592,.T.);
#1043=EDGE_CURVE('',#1221,#1095,#1593,.T.);
#1044=VERTEX_POINT('',#2947);
#1045=VERTEX_POINT('',#2948);
#1046=VERTEX_POINT('',#2950);
#1047=VERTEX_POINT('',#2952);
#1048=VERTEX_POINT('',#2956);
#1049=VERTEX_POINT('',#2957);
#1050=VERTEX_POINT('',#2959);
#1051=VERTEX_POINT('',#2961);
#1052=VERTEX_POINT('',#2963);
#1053=VERTEX_POINT('',#2965);
#1054=VERTEX_POINT('',#2967);
#1055=VERTEX_POINT('',#2969);
#1056=VERTEX_POINT('',#2971);
#1057=VERTEX_POINT('',#2973);
#1058=VERTEX_POINT('',#2975);
#1059=VERTEX_POINT('',#2977);
#1060=VERTEX_POINT('',#2979);
#1061=VERTEX_POINT('',#2981);
#1062=VERTEX_POINT('',#2983);
#1063=VERTEX_POINT('',#2985);
#1064=VERTEX_POINT('',#2987);
#1065=VERTEX_POINT('',#2989);
#1066=VERTEX_POINT('',#2991);
#1067=VERTEX_POINT('',#2993);
#1068=VERTEX_POINT('',#2995);
#1069=VERTEX_POINT('',#2997);
#1070=VERTEX_POINT('',#2999);
#1071=VERTEX_POINT('',#3002);
#1072=VERTEX_POINT('',#3004);
#1073=VERTEX_POINT('',#3006);
#1074=VERTEX_POINT('',#3008);
#1075=VERTEX_POINT('',#3010);
#1076=VERTEX_POINT('',#3012);
#1077=VERTEX_POINT('',#3014);
#1078=VERTEX_POINT('',#3016);
#1079=VERTEX_POINT('',#3018);
#1080=VERTEX_POINT('',#3020);
#1081=VERTEX_POINT('',#3022);
#1082=VERTEX_POINT('',#3024);
#1083=VERTEX_POINT('',#3026);
#1084=VERTEX_POINT('',#3028);
#1085=VERTEX_POINT('',#3030);
#1086=VERTEX_POINT('',#3032);
#1087=VERTEX_POINT('',#3034);
#1088=VERTEX_POINT('',#3036);
#1089=VERTEX_POINT('',#3038);
#1090=VERTEX_POINT('',#3040);
#1091=VERTEX_POINT('',#3042);
#1092=VERTEX_POINT('',#3044);
#1093=VERTEX_POINT('',#3046);
#1094=VERTEX_POINT('',#3048);
#1095=VERTEX_POINT('',#3050);
#1096=VERTEX_POINT('',#3052);
#1097=VERTEX_POINT('',#3054);
#1098=VERTEX_POINT('',#3056);
#1099=VERTEX_POINT('',#3058);
#1100=VERTEX_POINT('',#3060);
#1101=VERTEX_POINT('',#3062);
#1102=VERTEX_POINT('',#3064);
#1103=VERTEX_POINT('',#3066);
#1104=VERTEX_POINT('',#3068);
#1105=VERTEX_POINT('',#3070);
#1106=VERTEX_POINT('',#3072);
#1107=VERTEX_POINT('',#3074);
#1108=VERTEX_POINT('',#3076);
#1109=VERTEX_POINT('',#3078);
#1110=VERTEX_POINT('',#3080);
#1111=VERTEX_POINT('',#3082);
#1112=VERTEX_POINT('',#3084);
#1113=VERTEX_POINT('',#3086);
#1114=VERTEX_POINT('',#3088);
#1115=VERTEX_POINT('',#3090);
#1116=VERTEX_POINT('',#3092);
#1117=VERTEX_POINT('',#3094);
#1118=VERTEX_POINT('',#3096);
#1119=VERTEX_POINT('',#3098);
#1120=VERTEX_POINT('',#3100);
#1121=VERTEX_POINT('',#3102);
#1122=VERTEX_POINT('',#3104);
#1123=VERTEX_POINT('',#3106);
#1124=VERTEX_POINT('',#3108);
#1125=VERTEX_POINT('',#3110);
#1126=VERTEX_POINT('',#3112);
#1127=VERTEX_POINT('',#3114);
#1128=VERTEX_POINT('',#3116);
#1129=VERTEX_POINT('',#3118);
#1130=VERTEX_POINT('',#3120);
#1131=VERTEX_POINT('',#3122);
#1132=VERTEX_POINT('',#3124);
#1133=VERTEX_POINT('',#3126);
#1134=VERTEX_POINT('',#3128);
#1135=VERTEX_POINT('',#3130);
#1136=VERTEX_POINT('',#3132);
#1137=VERTEX_POINT('',#3134);
#1138=VERTEX_POINT('',#3138);
#1139=VERTEX_POINT('',#3139);
#1140=VERTEX_POINT('',#3142);
#1141=VERTEX_POINT('',#3144);
#1142=VERTEX_POINT('',#3146);
#1143=VERTEX_POINT('',#3150);
#1144=VERTEX_POINT('',#3151);
#1145=VERTEX_POINT('',#3156);
#1146=VERTEX_POINT('',#3158);
#1147=VERTEX_POINT('',#3160);
#1148=VERTEX_POINT('',#3162);
#1149=VERTEX_POINT('',#3164);
#1150=VERTEX_POINT('',#3168);
#1151=VERTEX_POINT('',#3170);
#1152=VERTEX_POINT('',#3173);
#1153=VERTEX_POINT('',#3174);
#1154=VERTEX_POINT('',#3176);
#1155=VERTEX_POINT('',#3179);
#1156=VERTEX_POINT('',#3181);
#1157=VERTEX_POINT('',#3183);
#1158=VERTEX_POINT('',#3186);
#1159=VERTEX_POINT('',#3188);
#1160=VERTEX_POINT('',#3191);
#1161=VERTEX_POINT('',#3193);
#1162=VERTEX_POINT('',#3196);
#1163=VERTEX_POINT('',#3198);
#1164=VERTEX_POINT('',#3201);
#1165=VERTEX_POINT('',#3203);
#1166=VERTEX_POINT('',#3207);
#1167=VERTEX_POINT('',#3209);
#1168=VERTEX_POINT('',#3211);
#1169=VERTEX_POINT('',#3214);
#1170=VERTEX_POINT('',#3216);
#1171=VERTEX_POINT('',#3219);
#1172=VERTEX_POINT('',#3221);
#1173=VERTEX_POINT('',#3224);
#1174=VERTEX_POINT('',#3226);
#1175=VERTEX_POINT('',#3229);
#1176=VERTEX_POINT('',#3231);
#1177=VERTEX_POINT('',#3234);
#1178=VERTEX_POINT('',#3236);
#1179=VERTEX_POINT('',#3239);
#1180=VERTEX_POINT('',#3241);
#1181=VERTEX_POINT('',#3244);
#1182=VERTEX_POINT('',#3246);
#1183=VERTEX_POINT('',#3249);
#1184=VERTEX_POINT('',#3251);
#1185=VERTEX_POINT('',#3254);
#1186=VERTEX_POINT('',#3256);
#1187=VERTEX_POINT('',#3259);
#1188=VERTEX_POINT('',#3263);
#1189=VERTEX_POINT('',#3265);
#1190=VERTEX_POINT('',#3268);
#1191=VERTEX_POINT('',#3270);
#1192=VERTEX_POINT('',#3273);
#1193=VERTEX_POINT('',#3275);
#1194=VERTEX_POINT('',#3278);
#1195=VERTEX_POINT('',#3280);
#1196=VERTEX_POINT('',#3283);
#1197=VERTEX_POINT('',#3285);
#1198=VERTEX_POINT('',#3288);
#1199=VERTEX_POINT('',#3297);
#1200=VERTEX_POINT('',#3305);
#1201=VERTEX_POINT('',#3307);
#1202=VERTEX_POINT('',#3310);
#1203=VERTEX_POINT('',#3312);
#1204=VERTEX_POINT('',#3315);
#1205=VERTEX_POINT('',#3317);
#1206=VERTEX_POINT('',#3320);
#1207=VERTEX_POINT('',#3322);
#1208=VERTEX_POINT('',#3325);
#1209=VERTEX_POINT('',#3327);
#1210=VERTEX_POINT('',#3330);
#1211=VERTEX_POINT('',#3332);
#1212=VERTEX_POINT('',#3335);
#1213=VERTEX_POINT('',#3337);
#1214=VERTEX_POINT('',#3340);
#1215=VERTEX_POINT('',#3342);
#1216=VERTEX_POINT('',#3345);
#1217=VERTEX_POINT('',#3347);
#1218=VERTEX_POINT('',#3350);
#1219=VERTEX_POINT('',#3352);
#1220=VERTEX_POINT('',#3355);
#1221=VERTEX_POINT('',#3357);
#1222=VERTEX_POINT('',#3360);
#1223=VERTEX_POINT('',#3362);
#1224=VERTEX_POINT('',#3365);
#1225=VERTEX_POINT('',#3367);
#1226=VERTEX_POINT('',#3370);
#1227=VERTEX_POINT('',#3372);
#1228=VERTEX_POINT('',#3375);
#1229=VERTEX_POINT('',#3377);
#1230=VERTEX_POINT('',#3382);
#1231=VERTEX_POINT('',#3384);
#1232=VERTEX_POINT('',#3386);
#1233=VERTEX_POINT('',#3388);
#1234=VERTEX_POINT('',#3390);
#1235=VERTEX_POINT('',#3392);
#1236=VERTEX_POINT('',#3394);
#1237=VERTEX_POINT('',#3396);
#1238=VERTEX_POINT('',#3398);
#1239=VERTEX_POINT('',#3400);
#1240=VERTEX_POINT('',#3402);
#1241=VERTEX_POINT('',#3404);
#1242=VERTEX_POINT('',#3406);
#1243=VERTEX_POINT('',#3408);
#1244=VERTEX_POINT('',#3410);
#1245=VERTEX_POINT('',#3412);
#1246=VERTEX_POINT('',#3414);
#1247=VERTEX_POINT('',#3416);
#1248=VERTEX_POINT('',#3418);
#1249=VERTEX_POINT('',#3420);
#1250=VERTEX_POINT('',#3422);
#1251=VERTEX_POINT('',#3424);
#1252=VERTEX_POINT('',#3426);
#1253=VERTEX_POINT('',#3428);
#1254=VERTEX_POINT('',#3432);
#1255=VERTEX_POINT('',#3434);
#1256=VERTEX_POINT('',#3437);
#1257=VERTEX_POINT('',#3439);
#1258=VERTEX_POINT('',#3442);
#1259=VERTEX_POINT('',#3444);
#1260=VERTEX_POINT('',#3447);
#1261=VERTEX_POINT('',#3449);
#1262=VERTEX_POINT('',#3452);
#1263=VERTEX_POINT('',#3454);
#1264=VERTEX_POINT('',#3458);
#1265=VERTEX_POINT('',#3460);
#1266=VERTEX_POINT('',#3464);
#1267=VERTEX_POINT('',#3466);
#1268=LINE('',#2946,#1594);
#1269=LINE('',#2949,#1595);
#1270=LINE('',#2951,#1596);
#1271=LINE('',#2953,#1597);
#1272=LINE('',#2955,#1598);
#1273=LINE('',#2960,#1599);
#1274=LINE('',#2962,#1600);
#1275=LINE('',#2964,#1601);
#1276=LINE('',#2966,#1602);
#1277=LINE('',#2968,#1603);
#1278=LINE('',#2970,#1604);
#1279=LINE('',#2972,#1605);
#1280=LINE('',#2974,#1606);
#1281=LINE('',#2976,#1607);
#1282=LINE('',#2978,#1608);
#1283=LINE('',#2980,#1609);
#1284=LINE('',#2982,#1610);
#1285=LINE('',#2984,#1611);
#1286=LINE('',#2986,#1612);
#1287=LINE('',#2988,#1613);
#1288=LINE('',#2990,#1614);
#1289=LINE('',#2992,#1615);
#1290=LINE('',#2994,#1616);
#1291=LINE('',#2996,#1617);
#1292=LINE('',#2998,#1618);
#1293=LINE('',#3000,#1619);
#1294=LINE('',#3001,#1620);
#1295=LINE('',#3003,#1621);
#1296=LINE('',#3007,#1622);
#1297=LINE('',#3011,#1623);
#1298=LINE('',#3013,#1624);
#1299=LINE('',#3015,#1625);
#1300=LINE('',#3017,#1626);
#1301=LINE('',#3019,#1627);
#1302=LINE('',#3021,#1628);
#1303=LINE('',#3023,#1629);
#1304=LINE('',#3025,#1630);
#1305=LINE('',#3027,#1631);
#1306=LINE('',#3029,#1632);
#1307=LINE('',#3031,#1633);
#1308=LINE('',#3033,#1634);
#1309=LINE('',#3035,#1635);
#1310=LINE('',#3037,#1636);
#1311=LINE('',#3039,#1637);
#1312=LINE('',#3041,#1638);
#1313=LINE('',#3043,#1639);
#1314=LINE('',#3045,#1640);
#1315=LINE('',#3047,#1641);
#1316=LINE('',#3049,#1642);
#1317=LINE('',#3051,#1643);
#1318=LINE('',#3053,#1644);
#1319=LINE('',#3055,#1645);
#1320=LINE('',#3059,#1646);
#1321=LINE('',#3061,#1647);
#1322=LINE('',#3063,#1648);
#1323=LINE('',#3065,#1649);
#1324=LINE('',#3067,#1650);
#1325=LINE('',#3069,#1651);
#1326=LINE('',#3071,#1652);
#1327=LINE('',#3073,#1653);
#1328=LINE('',#3075,#1654);
#1329=LINE('',#3077,#1655);
#1330=LINE('',#3079,#1656);
#1331=LINE('',#3081,#1657);
#1332=LINE('',#3083,#1658);
#1333=LINE('',#3085,#1659);
#1334=LINE('',#3087,#1660);
#1335=LINE('',#3089,#1661);
#1336=LINE('',#3091,#1662);
#1337=LINE('',#3093,#1663);
#1338=LINE('',#3095,#1664);
#1339=LINE('',#3097,#1665);
#1340=LINE('',#3099,#1666);
#1341=LINE('',#3101,#1667);
#1342=LINE('',#3103,#1668);
#1343=LINE('',#3105,#1669);
#1344=LINE('',#3107,#1670);
#1345=LINE('',#3109,#1671);
#1346=LINE('',#3111,#1672);
#1347=LINE('',#3113,#1673);
#1348=LINE('',#3115,#1674);
#1349=LINE('',#3117,#1675);
#1350=LINE('',#3119,#1676);
#1351=LINE('',#3121,#1677);
#1352=LINE('',#3123,#1678);
#1353=LINE('',#3125,#1679);
#1354=LINE('',#3127,#1680);
#1355=LINE('',#3129,#1681);
#1356=LINE('',#3131,#1682);
#1357=LINE('',#3133,#1683);
#1358=LINE('',#3135,#1684);
#1359=LINE('',#3137,#1685);
#1360=LINE('',#3140,#1686);
#1361=LINE('',#3141,#1687);
#1362=LINE('',#3143,#1688);
#1363=LINE('',#3145,#1689);
#1364=LINE('',#3147,#1690);
#1365=LINE('',#3149,#1691);
#1366=LINE('',#3152,#1692);
#1367=LINE('',#3153,#1693);
#1368=LINE('',#3155,#1694);
#1369=LINE('',#3157,#1695);
#1370=LINE('',#3159,#1696);
#1371=LINE('',#3161,#1697);
#1372=LINE('',#3163,#1698);
#1373=LINE('',#3165,#1699);
#1374=LINE('',#3167,#1700);
#1375=LINE('',#3169,#1701);
#1376=LINE('',#3171,#1702);
#1377=LINE('',#3172,#1703);
#1378=LINE('',#3175,#1704);
#1379=LINE('',#3177,#1705);
#1380=LINE('',#3178,#1706);
#1381=LINE('',#3180,#1707);
#1382=LINE('',#3182,#1708);
#1383=LINE('',#3184,#1709);
#1384=LINE('',#3185,#1710);
#1385=LINE('',#3187,#1711);
#1386=LINE('',#3189,#1712);
#1387=LINE('',#3190,#1713);
#1388=LINE('',#3192,#1714);
#1389=LINE('',#3194,#1715);
#1390=LINE('',#3195,#1716);
#1391=LINE('',#3197,#1717);
#1392=LINE('',#3199,#1718);
#1393=LINE('',#3200,#1719);
#1394=LINE('',#3202,#1720);
#1395=LINE('',#3204,#1721);
#1396=LINE('',#3206,#1722);
#1397=LINE('',#3208,#1723);
#1398=LINE('',#3210,#1724);
#1399=LINE('',#3212,#1725);
#1400=LINE('',#3213,#1726);
#1401=LINE('',#3215,#1727);
#1402=LINE('',#3217,#1728);
#1403=LINE('',#3218,#1729);
#1404=LINE('',#3220,#1730);
#1405=LINE('',#3222,#1731);
#1406=LINE('',#3223,#1732);
#1407=LINE('',#3225,#1733);
#1408=LINE('',#3227,#1734);
#1409=LINE('',#3228,#1735);
#1410=LINE('',#3230,#1736);
#1411=LINE('',#3232,#1737);
#1412=LINE('',#3233,#1738);
#1413=LINE('',#3235,#1739);
#1414=LINE('',#3237,#1740);
#1415=LINE('',#3238,#1741);
#1416=LINE('',#3240,#1742);
#1417=LINE('',#3242,#1743);
#1418=LINE('',#3243,#1744);
#1419=LINE('',#3245,#1745);
#1420=LINE('',#3247,#1746);
#1421=LINE('',#3248,#1747);
#1422=LINE('',#3250,#1748);
#1423=LINE('',#3252,#1749);
#1424=LINE('',#3253,#1750);
#1425=LINE('',#3255,#1751);
#1426=LINE('',#3257,#1752);
#1427=LINE('',#3258,#1753);
#1428=LINE('',#3260,#1754);
#1429=LINE('',#3262,#1755);
#1430=LINE('',#3264,#1756);
#1431=LINE('',#3266,#1757);
#1432=LINE('',#3267,#1758);
#1433=LINE('',#3269,#1759);
#1434=LINE('',#3271,#1760);
#1435=LINE('',#3272,#1761);
#1436=LINE('',#3274,#1762);
#1437=LINE('',#3276,#1763);
#1438=LINE('',#3277,#1764);
#1439=LINE('',#3279,#1765);
#1440=LINE('',#3281,#1766);
#1441=LINE('',#3282,#1767);
#1442=LINE('',#3284,#1768);
#1443=LINE('',#3286,#1769);
#1444=LINE('',#3287,#1770);
#1445=LINE('',#3289,#1771);
#1446=LINE('',#3293,#1772);
#1447=LINE('',#3296,#1773);
#1448=LINE('',#3298,#1774);
#1449=LINE('',#3304,#1775);
#1450=LINE('',#3306,#1776);
#1451=LINE('',#3308,#1777);
#1452=LINE('',#3309,#1778);
#1453=LINE('',#3311,#1779);
#1454=LINE('',#3313,#1780);
#1455=LINE('',#3314,#1781);
#1456=LINE('',#3316,#1782);
#1457=LINE('',#3318,#1783);
#1458=LINE('',#3319,#1784);
#1459=LINE('',#3321,#1785);
#1460=LINE('',#3323,#1786);
#1461=LINE('',#3324,#1787);
#1462=LINE('',#3326,#1788);
#1463=LINE('',#3328,#1789);
#1464=LINE('',#3329,#1790);
#1465=LINE('',#3331,#1791);
#1466=LINE('',#3333,#1792);
#1467=LINE('',#3334,#1793);
#1468=LINE('',#3336,#1794);
#1469=LINE('',#3338,#1795);
#1470=LINE('',#3339,#1796);
#1471=LINE('',#3341,#1797);
#1472=LINE('',#3343,#1798);
#1473=LINE('',#3344,#1799);
#1474=LINE('',#3346,#1800);
#1475=LINE('',#3348,#1801);
#1476=LINE('',#3349,#1802);
#1477=LINE('',#3351,#1803);
#1478=LINE('',#3353,#1804);
#1479=LINE('',#3354,#1805);
#1480=LINE('',#3356,#1806);
#1481=LINE('',#3358,#1807);
#1482=LINE('',#3359,#1808);
#1483=LINE('',#3361,#1809);
#1484=LINE('',#3363,#1810);
#1485=LINE('',#3364,#1811);
#1486=LINE('',#3366,#1812);
#1487=LINE('',#3368,#1813);
#1488=LINE('',#3369,#1814);
#1489=LINE('',#3371,#1815);
#1490=LINE('',#3373,#1816);
#1491=LINE('',#3374,#1817);
#1492=LINE('',#3376,#1818);
#1493=LINE('',#3378,#1819);
#1494=LINE('',#3379,#1820);
#1495=LINE('',#3380,#1821);
#1496=LINE('',#3381,#1822);
#1497=LINE('',#3383,#1823);
#1498=LINE('',#3385,#1824);
#1499=LINE('',#3387,#1825);
#1500=LINE('',#3389,#1826);
#1501=LINE('',#3391,#1827);
#1502=LINE('',#3393,#1828);
#1503=LINE('',#3395,#1829);
#1504=LINE('',#3397,#1830);
#1505=LINE('',#3399,#1831);
#1506=LINE('',#3401,#1832);
#1507=LINE('',#3403,#1833);
#1508=LINE('',#3405,#1834);
#1509=LINE('',#3407,#1835);
#1510=LINE('',#3409,#1836);
#1511=LINE('',#3411,#1837);
#1512=LINE('',#3413,#1838);
#1513=LINE('',#3415,#1839);
#1514=LINE('',#3417,#1840);
#1515=LINE('',#3419,#1841);
#1516=LINE('',#3421,#1842);
#1517=LINE('',#3423,#1843);
#1518=LINE('',#3427,#1844);
#1519=LINE('',#3431,#1845);
#1520=LINE('',#3433,#1846);
#1521=LINE('',#3435,#1847);
#1522=LINE('',#3436,#1848);
#1523=LINE('',#3438,#1849);
#1524=LINE('',#3440,#1850);
#1525=LINE('',#3441,#1851);
#1526=LINE('',#3443,#1852);
#1527=LINE('',#3445,#1853);
#1528=LINE('',#3446,#1854);
#1529=LINE('',#3448,#1855);
#1530=LINE('',#3450,#1856);
#1531=LINE('',#3451,#1857);
#1532=LINE('',#3453,#1858);
#1533=LINE('',#3455,#1859);
#1534=LINE('',#3456,#1860);
#1535=LINE('',#3457,#1861);
#1536=LINE('',#3459,#1862);
#1537=LINE('',#3461,#1863);
#1538=LINE('',#3465,#1864);
#1539=LINE('',#3468,#1865);
#1540=LINE('',#3469,#1866);
#1541=LINE('',#3470,#1867);
#1542=LINE('',#3472,#1868);
#1543=LINE('',#3473,#1869);
#1544=LINE('',#3482,#1870);
#1545=LINE('',#3484,#1871);
#1546=LINE('',#3487,#1872);
#1547=LINE('',#3489,#1873);
#1548=LINE('',#3492,#1874);
#1549=LINE('',#3494,#1875);
#1550=LINE('',#3497,#1876);
#1551=LINE('',#3499,#1877);
#1552=LINE('',#3502,#1878);
#1553=LINE('',#3504,#1879);
#1554=LINE('',#3507,#1880);
#1555=LINE('',#3509,#1881);
#1556=LINE('',#3512,#1882);
#1557=LINE('',#3514,#1883);
#1558=LINE('',#3517,#1884);
#1559=LINE('',#3519,#1885);
#1560=LINE('',#3522,#1886);
#1561=LINE('',#3524,#1887);
#1562=LINE('',#3527,#1888);
#1563=LINE('',#3529,#1889);
#1564=LINE('',#3532,#1890);
#1565=LINE('',#3533,#1891);
#1566=LINE('',#3535,#1892);
#1567=LINE('',#3537,#1893);
#1568=LINE('',#3540,#1894);
#1569=LINE('',#3541,#1895);
#1570=LINE('',#3543,#1896);
#1571=LINE('',#3545,#1897);
#1572=LINE('',#3548,#1898);
#1573=LINE('',#3549,#1899);
#1574=LINE('',#3551,#1900);
#1575=LINE('',#3553,#1901);
#1576=LINE('',#3556,#1902);
#1577=LINE('',#3557,#1903);
#1578=LINE('',#3559,#1904);
#1579=LINE('',#3561,#1905);
#1580=LINE('',#3564,#1906);
#1581=LINE('',#3565,#1907);
#1582=LINE('',#3567,#1908);
#1583=LINE('',#3569,#1909);
#1584=LINE('',#3572,#1910);
#1585=LINE('',#3574,#1911);
#1586=LINE('',#3577,#1912);
#1587=LINE('',#3579,#1913);
#1588=LINE('',#3582,#1914);
#1589=LINE('',#3584,#1915);
#1590=LINE('',#3587,#1916);
#1591=LINE('',#3589,#1917);
#1592=LINE('',#3592,#1918);
#1593=LINE('',#3594,#1919);
#1594=VECTOR('',#2418,1.);
#1595=VECTOR('',#2419,1.);
#1596=VECTOR('',#2420,1.);
#1597=VECTOR('',#2421,1.);
#1598=VECTOR('',#2424,1.);
#1599=VECTOR('',#2427,1.);
#1600=VECTOR('',#2428,1.);
#1601=VECTOR('',#2429,1.);
#1602=VECTOR('',#2430,1.);
#1603=VECTOR('',#2431,1.);
#1604=VECTOR('',#2432,1.);
#1605=VECTOR('',#2433,1.);
#1606=VECTOR('',#2434,1.);
#1607=VECTOR('',#2435,1.);
#1608=VECTOR('',#2436,1.);
#1609=VECTOR('',#2437,1.);
#1610=VECTOR('',#2438,1.);
#1611=VECTOR('',#2439,1.);
#1612=VECTOR('',#2440,1.);
#1613=VECTOR('',#2441,1.);
#1614=VECTOR('',#2442,1.);
#1615=VECTOR('',#2443,1.);
#1616=VECTOR('',#2444,1.);
#1617=VECTOR('',#2445,1.);
#1618=VECTOR('',#2446,1.);
#1619=VECTOR('',#2447,1.);
#1620=VECTOR('',#2448,1.);
#1621=VECTOR('',#2449,1.);
#1622=VECTOR('',#2452,1.);
#1623=VECTOR('',#2455,1.);
#1624=VECTOR('',#2456,1.);
#1625=VECTOR('',#2457,1.);
#1626=VECTOR('',#2458,1.);
#1627=VECTOR('',#2459,1.);
#1628=VECTOR('',#2460,1.);
#1629=VECTOR('',#2461,1.);
#1630=VECTOR('',#2462,1.);
#1631=VECTOR('',#2463,1.);
#1632=VECTOR('',#2464,1.);
#1633=VECTOR('',#2465,1.);
#1634=VECTOR('',#2466,1.);
#1635=VECTOR('',#2467,1.);
#1636=VECTOR('',#2468,1.);
#1637=VECTOR('',#2469,1.);
#1638=VECTOR('',#2470,1.);
#1639=VECTOR('',#2471,1.);
#1640=VECTOR('',#2472,1.);
#1641=VECTOR('',#2473,1.);
#1642=VECTOR('',#2474,1.);
#1643=VECTOR('',#2475,1.);
#1644=VECTOR('',#2476,1.);
#1645=VECTOR('',#2477,1.);
#1646=VECTOR('',#2480,1.);
#1647=VECTOR('',#2481,1.);
#1648=VECTOR('',#2482,1.);
#1649=VECTOR('',#2483,1.);
#1650=VECTOR('',#2484,1.);
#1651=VECTOR('',#2485,1.);
#1652=VECTOR('',#2486,1.);
#1653=VECTOR('',#2487,1.);
#1654=VECTOR('',#2488,1.);
#1655=VECTOR('',#2489,1.);
#1656=VECTOR('',#2490,1.);
#1657=VECTOR('',#2491,1.);
#1658=VECTOR('',#2492,1.);
#1659=VECTOR('',#2493,1.);
#1660=VECTOR('',#2494,1.);
#1661=VECTOR('',#2495,1.);
#1662=VECTOR('',#2496,1.);
#1663=VECTOR('',#2497,1.);
#1664=VECTOR('',#2498,1.);
#1665=VECTOR('',#2499,1.);
#1666=VECTOR('',#2500,1.);
#1667=VECTOR('',#2501,1.);
#1668=VECTOR('',#2502,1.);
#1669=VECTOR('',#2503,1.);
#1670=VECTOR('',#2504,1.);
#1671=VECTOR('',#2505,1.);
#1672=VECTOR('',#2506,1.);
#1673=VECTOR('',#2507,1.);
#1674=VECTOR('',#2508,1.);
#1675=VECTOR('',#2509,1.);
#1676=VECTOR('',#2510,1.);
#1677=VECTOR('',#2511,1.);
#1678=VECTOR('',#2512,1.);
#1679=VECTOR('',#2513,1.);
#1680=VECTOR('',#2514,1.);
#1681=VECTOR('',#2515,1.);
#1682=VECTOR('',#2516,1.);
#1683=VECTOR('',#2517,1.);
#1684=VECTOR('',#2518,1.);
#1685=VECTOR('',#2521,1.);
#1686=VECTOR('',#2522,1.);
#1687=VECTOR('',#2523,1.);
#1688=VECTOR('',#2524,1.);
#1689=VECTOR('',#2525,1.);
#1690=VECTOR('',#2526,1.);
#1691=VECTOR('',#2529,1.);
#1692=VECTOR('',#2530,1.);
#1693=VECTOR('',#2531,1.);
#1694=VECTOR('',#2534,1.);
#1695=VECTOR('',#2535,1.);
#1696=VECTOR('',#2536,1.);
#1697=VECTOR('',#2537,1.);
#1698=VECTOR('',#2538,1.);
#1699=VECTOR('',#2539,1.);
#1700=VECTOR('',#2542,1.);
#1701=VECTOR('',#2543,1.);
#1702=VECTOR('',#2544,1.);
#1703=VECTOR('',#2545,1.);
#1704=VECTOR('',#2546,1.);
#1705=VECTOR('',#2547,1.);
#1706=VECTOR('',#2548,1.);
#1707=VECTOR('',#2549,1.);
#1708=VECTOR('',#2550,1.);
#1709=VECTOR('',#2551,1.);
#1710=VECTOR('',#2552,1.);
#1711=VECTOR('',#2553,1.);
#1712=VECTOR('',#2554,1.);
#1713=VECTOR('',#2555,1.);
#1714=VECTOR('',#2556,1.);
#1715=VECTOR('',#2557,1.);
#1716=VECTOR('',#2558,1.);
#1717=VECTOR('',#2559,1.);
#1718=VECTOR('',#2560,1.);
#1719=VECTOR('',#2561,1.);
#1720=VECTOR('',#2562,1.);
#1721=VECTOR('',#2563,1.);
#1722=VECTOR('',#2566,1.);
#1723=VECTOR('',#2567,1.);
#1724=VECTOR('',#2568,1.);
#1725=VECTOR('',#2569,1.);
#1726=VECTOR('',#2570,1.);
#1727=VECTOR('',#2571,1.);
#1728=VECTOR('',#2572,1.);
#1729=VECTOR('',#2573,1.);
#1730=VECTOR('',#2574,1.);
#1731=VECTOR('',#2575,1.);
#1732=VECTOR('',#2576,1.);
#1733=VECTOR('',#2577,1.);
#1734=VECTOR('',#2578,1.);
#1735=VECTOR('',#2579,1.);
#1736=VECTOR('',#2580,1.);
#1737=VECTOR('',#2581,1.);
#1738=VECTOR('',#2582,1.);
#1739=VECTOR('',#2583,1.);
#1740=VECTOR('',#2584,1.);
#1741=VECTOR('',#2585,1.);
#1742=VECTOR('',#2586,1.);
#1743=VECTOR('',#2587,1.);
#1744=VECTOR('',#2588,1.);
#1745=VECTOR('',#2589,1.);
#1746=VECTOR('',#2590,1.);
#1747=VECTOR('',#2591,1.);
#1748=VECTOR('',#2592,1.);
#1749=VECTOR('',#2593,1.);
#1750=VECTOR('',#2594,1.);
#1751=VECTOR('',#2595,1.);
#1752=VECTOR('',#2596,1.);
#1753=VECTOR('',#2597,1.);
#1754=VECTOR('',#2598,1.);
#1755=VECTOR('',#2601,1.);
#1756=VECTOR('',#2602,1.);
#1757=VECTOR('',#2603,1.);
#1758=VECTOR('',#2604,1.);
#1759=VECTOR('',#2605,1.);
#1760=VECTOR('',#2606,1.);
#1761=VECTOR('',#2607,1.);
#1762=VECTOR('',#2608,1.);
#1763=VECTOR('',#2609,1.);
#1764=VECTOR('',#2610,1.);
#1765=VECTOR('',#2611,1.);
#1766=VECTOR('',#2612,1.);
#1767=VECTOR('',#2613,1.);
#1768=VECTOR('',#2614,1.);
#1769=VECTOR('',#2615,1.);
#1770=VECTOR('',#2616,1.);
#1771=VECTOR('',#2617,1.);
#1772=VECTOR('',#2624,1.);
#1773=VECTOR('',#2629,1.);
#1774=VECTOR('',#2630,1.);
#1775=VECTOR('',#2641,1.);
#1776=VECTOR('',#2642,1.);
#1777=VECTOR('',#2643,1.);
#1778=VECTOR('',#2644,1.);
#1779=VECTOR('',#2645,1.);
#1780=VECTOR('',#2646,1.);
#1781=VECTOR('',#2647,1.);
#1782=VECTOR('',#2648,1.);
#1783=VECTOR('',#2649,1.);
#1784=VECTOR('',#2650,1.);
#1785=VECTOR('',#2651,1.);
#1786=VECTOR('',#2652,1.);
#1787=VECTOR('',#2653,1.);
#1788=VECTOR('',#2654,1.);
#1789=VECTOR('',#2655,1.);
#1790=VECTOR('',#2656,1.);
#1791=VECTOR('',#2657,1.);
#1792=VECTOR('',#2658,1.);
#1793=VECTOR('',#2659,1.);
#1794=VECTOR('',#2660,1.);
#1795=VECTOR('',#2661,1.);
#1796=VECTOR('',#2662,1.);
#1797=VECTOR('',#2663,1.);
#1798=VECTOR('',#2664,1.);
#1799=VECTOR('',#2665,1.);
#1800=VECTOR('',#2666,1.);
#1801=VECTOR('',#2667,1.);
#1802=VECTOR('',#2668,1.);
#1803=VECTOR('',#2669,1.);
#1804=VECTOR('',#2670,1.);
#1805=VECTOR('',#2671,1.);
#1806=VECTOR('',#2672,1.);
#1807=VECTOR('',#2673,1.);
#1808=VECTOR('',#2674,1.);
#1809=VECTOR('',#2675,1.);
#1810=VECTOR('',#2676,1.);
#1811=VECTOR('',#2677,1.);
#1812=VECTOR('',#2678,1.);
#1813=VECTOR('',#2679,1.);
#1814=VECTOR('',#2680,1.);
#1815=VECTOR('',#2681,1.);
#1816=VECTOR('',#2682,1.);
#1817=VECTOR('',#2683,1.);
#1818=VECTOR('',#2684,1.);
#1819=VECTOR('',#2685,1.);
#1820=VECTOR('',#2686,1.);
#1821=VECTOR('',#2687,1.);
#1822=VECTOR('',#2688,1.);
#1823=VECTOR('',#2689,1.);
#1824=VECTOR('',#2690,1.);
#1825=VECTOR('',#2691,1.);
#1826=VECTOR('',#2692,1.);
#1827=VECTOR('',#2693,1.);
#1828=VECTOR('',#2694,1.);
#1829=VECTOR('',#2695,1.);
#1830=VECTOR('',#2696,1.);
#1831=VECTOR('',#2697,1.);
#1832=VECTOR('',#2698,1.);
#1833=VECTOR('',#2699,1.);
#1834=VECTOR('',#2700,1.);
#1835=VECTOR('',#2701,1.);
#1836=VECTOR('',#2702,1.);
#1837=VECTOR('',#2703,1.);
#1838=VECTOR('',#2704,1.);
#1839=VECTOR('',#2705,1.);
#1840=VECTOR('',#2706,1.);
#1841=VECTOR('',#2707,1.);
#1842=VECTOR('',#2708,1.);
#1843=VECTOR('',#2709,1.);
#1844=VECTOR('',#2712,1.);
#1845=VECTOR('',#2717,1.);
#1846=VECTOR('',#2718,1.);
#1847=VECTOR('',#2719,1.);
#1848=VECTOR('',#2720,1.);
#1849=VECTOR('',#2721,1.);
#1850=VECTOR('',#2722,1.);
#1851=VECTOR('',#2723,1.);
#1852=VECTOR('',#2724,1.);
#1853=VECTOR('',#2725,1.);
#1854=VECTOR('',#2726,1.);
#1855=VECTOR('',#2727,1.);
#1856=VECTOR('',#2728,1.);
#1857=VECTOR('',#2729,1.);
#1858=VECTOR('',#2730,1.);
#1859=VECTOR('',#2731,1.);
#1860=VECTOR('',#2732,1.);
#1861=VECTOR('',#2733,1.);
#1862=VECTOR('',#2734,1.);
#1863=VECTOR('',#2735,1.);
#1864=VECTOR('',#2740,1.);
#1865=VECTOR('',#2743,1.);
#1866=VECTOR('',#2744,1.);
#1867=VECTOR('',#2745,1.);
#1868=VECTOR('',#2748,1.);
#1869=VECTOR('',#2749,1.);
#1870=VECTOR('',#2766,1.);
#1871=VECTOR('',#2769,1.);
#1872=VECTOR('',#2774,1.);
#1873=VECTOR('',#2777,1.);
#1874=VECTOR('',#2782,1.);
#1875=VECTOR('',#2785,1.);
#1876=VECTOR('',#2790,1.);
#1877=VECTOR('',#2793,1.);
#1878=VECTOR('',#2798,1.);
#1879=VECTOR('',#2801,1.);
#1880=VECTOR('',#2806,1.);
#1881=VECTOR('',#2809,1.);
#1882=VECTOR('',#2814,1.);
#1883=VECTOR('',#2817,1.);
#1884=VECTOR('',#2822,1.);
#1885=VECTOR('',#2825,1.);
#1886=VECTOR('',#2830,1.);
#1887=VECTOR('',#2833,1.);
#1888=VECTOR('',#2838,1.);
#1889=VECTOR('',#2841,1.);
#1890=VECTOR('',#2846,1.);
#1891=VECTOR('',#2847,1.);
#1892=VECTOR('',#2850,1.);
#1893=VECTOR('',#2853,1.);
#1894=VECTOR('',#2858,1.);
#1895=VECTOR('',#2859,1.);
#1896=VECTOR('',#2862,1.);
#1897=VECTOR('',#2865,1.);
#1898=VECTOR('',#2870,1.);
#1899=VECTOR('',#2871,1.);
#1900=VECTOR('',#2874,1.);
#1901=VECTOR('',#2877,1.);
#1902=VECTOR('',#2882,1.);
#1903=VECTOR('',#2883,1.);
#1904=VECTOR('',#2886,1.);
#1905=VECTOR('',#2889,1.);
#1906=VECTOR('',#2894,1.);
#1907=VECTOR('',#2895,1.);
#1908=VECTOR('',#2898,1.);
#1909=VECTOR('',#2901,1.);
#1910=VECTOR('',#2906,1.);
#1911=VECTOR('',#2909,1.);
#1912=VECTOR('',#2914,1.);
#1913=VECTOR('',#2917,1.);
#1914=VECTOR('',#2922,1.);
#1915=VECTOR('',#2925,1.);
#1916=VECTOR('',#2930,1.);
#1917=VECTOR('',#2933,1.);
#1918=VECTOR('',#2938,1.);
#1919=VECTOR('',#2941,1.);
#1920=EDGE_LOOP('',(#30,#31,#32,#33));
#1921=EDGE_LOOP('',(#34,#35,#36,#37,#38,#39,#40,#41,#42,#43,#44,#45,#46,
#47,#48,#49,#50,#51,#52,#53,#54,#55,#56,#57,#58,#59,#60,#61,#62,#63,#64,
#65,#66,#67,#68,#69,#70,#71,#72,#73,#74,#75,#76,#77,#78,#79,#80,#81,#82,
#83,#84,#85,#86,#87,#88,#89,#90,#91,#92,#93,#94,#95,#96,#97,#98,#99,#100,
#101,#102,#103,#104,#105,#106,#107,#108,#109,#110,#111,#112,#113,#114,#115,
#116,#117,#118,#119,#120,#121,#122,#123,#124,#125));
#1922=EDGE_LOOP('',(#126,#127,#128,#129,#130,#131,#132));
#1923=EDGE_LOOP('',(#133,#134,#135,#136));
#1924=EDGE_LOOP('',(#137,#138,#139,#140,#141,#142,#143));
#1925=EDGE_LOOP('',(#144,#145,#146,#147));
#1926=EDGE_LOOP('',(#148,#149,#150,#151,#152,#153,#154,#155));
#1927=EDGE_LOOP('',(#156,#157,#158,#159));
#1928=EDGE_LOOP('',(#160,#161,#162,#163));
#1929=EDGE_LOOP('',(#164,#165,#166,#167));
#1930=EDGE_LOOP('',(#168,#169,#170,#171));
#1931=EDGE_LOOP('',(#172,#173,#174,#175,#176,#177,#178,#179,#180,#181,#182,
#183,#184,#185,#186,#187,#188,#189,#190,#191,#192,#193,#194,#195,#196,#197,
#198,#199,#200,#201,#202,#203,#204,#205,#206,#207,#208,#209,#210,#211,#212,
#213,#214));
#1932=EDGE_LOOP('',(#215,#216,#217,#218,#219,#220,#221,#222,#223,#224,#225,
#226,#227,#228,#229,#230,#231,#232,#233,#234,#235,#236,#237,#238));
#1933=EDGE_LOOP('',(#239,#240,#241,#242,#243,#244,#245,#246,#247,#248,#249,
#250,#251,#252));
#1934=EDGE_LOOP('',(#253,#254,#255,#256));
#1935=EDGE_LOOP('',(#257,#258,#259,#260));
#1936=EDGE_LOOP('',(#261,#262,#263,#264));
#1937=EDGE_LOOP('',(#265,#266,#267,#268));
#1938=EDGE_LOOP('',(#269,#270,#271,#272));
#1939=EDGE_LOOP('',(#273,#274,#275,#276));
#1940=EDGE_LOOP('',(#277,#278,#279,#280));
#1941=EDGE_LOOP('',(#281,#282,#283,#284));
#1942=EDGE_LOOP('',(#285,#286,#287,#288));
#1943=EDGE_LOOP('',(#289,#290,#291,#292));
#1944=EDGE_LOOP('',(#293,#294,#295,#296));
#1945=EDGE_LOOP('',(#297,#298,#299,#300));
#1946=EDGE_LOOP('',(#301,#302,#303,#304));
#1947=EDGE_LOOP('',(#305,#306,#307,#308));
#1948=EDGE_LOOP('',(#309,#310,#311,#312,#313,#314,#315,#316,#317,#318,#319,
#320,#321,#322,#323,#324,#325,#326,#327,#328,#329,#330,#331,#332,#333,#334,
#335,#336,#337,#338,#339,#340,#341,#342,#343,#344,#345,#346,#347,#348,#349,
#350,#351,#352,#353,#354,#355,#356));
#1949=EDGE_LOOP('',(#357,#358,#359,#360,#361,#362,#363,#364,#365,#366,#367,
#368,#369,#370,#371,#372,#373,#374,#375,#376,#377,#378,#379,#380,#381,#382,
#383));
#1950=EDGE_LOOP('',(#384,#385,#386,#387,#388,#389,#390,#391,#392,#393));
#1951=EDGE_LOOP('',(#394,#395,#396,#397));
#1952=EDGE_LOOP('',(#398,#399,#400,#401));
#1953=EDGE_LOOP('',(#402,#403,#404,#405));
#1954=EDGE_LOOP('',(#406,#407,#408,#409));
#1955=EDGE_LOOP('',(#410,#411,#412,#413));
#1956=EDGE_LOOP('',(#414,#415,#416,#417));
#1957=EDGE_LOOP('',(#418,#419,#420,#421));
#1958=EDGE_LOOP('',(#422,#423,#424,#425));
#1959=EDGE_LOOP('',(#426,#427,#428,#429));
#1960=EDGE_LOOP('',(#430,#431,#432,#433));
#1961=EDGE_LOOP('',(#434,#435,#436,#437));
#1962=EDGE_LOOP('',(#438,#439,#440,#441));
#1963=EDGE_LOOP('',(#442,#443,#444,#445));
#1964=EDGE_LOOP('',(#446,#447,#448,#449));
#1965=EDGE_LOOP('',(#450,#451,#452,#453));
#1966=EDGE_LOOP('',(#454,#455,#456,#457));
#1967=EDGE_LOOP('',(#458,#459,#460,#461));
#1968=EDGE_LOOP('',(#462,#463,#464,#465));
#1969=EDGE_LOOP('',(#466,#467,#468,#469));
#1970=EDGE_LOOP('',(#470,#471,#472,#473));
#1971=EDGE_LOOP('',(#474,#475,#476,#477));
#1972=EDGE_LOOP('',(#478,#479,#480,#481));
#1973=EDGE_LOOP('',(#482,#483,#484,#485));
#1974=EDGE_LOOP('',(#486,#487,#488,#489));
#1975=EDGE_LOOP('',(#490,#491,#492,#493));
#1976=EDGE_LOOP('',(#494,#495,#496,#497));
#1977=EDGE_LOOP('',(#498,#499,#500,#501));
#1978=EDGE_LOOP('',(#502,#503,#504,#505));
#1979=EDGE_LOOP('',(#506,#507,#508,#509));
#1980=EDGE_LOOP('',(#510,#511,#512,#513));
#1981=EDGE_LOOP('',(#514,#515,#516,#517));
#1982=EDGE_LOOP('',(#518,#519,#520,#521));
#1983=EDGE_LOOP('',(#522,#523,#524,#525));
#1984=EDGE_LOOP('',(#526,#527,#528,#529));
#1985=EDGE_LOOP('',(#530,#531,#532,#533));
#1986=EDGE_LOOP('',(#534,#535,#536,#537));
#1987=EDGE_LOOP('',(#538,#539,#540,#541));
#1988=EDGE_LOOP('',(#542,#543,#544,#545));
#1989=EDGE_LOOP('',(#546,#547,#548,#549));
#1990=EDGE_LOOP('',(#550,#551,#552,#553,#554,#555));
#1991=EDGE_LOOP('',(#556,#557,#558,#559,#560,#561));
#1992=EDGE_LOOP('',(#562,#563,#564,#565));
#1993=EDGE_LOOP('',(#566,#567,#568,#569));
#1994=EDGE_LOOP('',(#570,#571,#572,#573,#574,#575));
#1995=EDGE_LOOP('',(#576,#577,#578,#579,#580,#581));
#1996=EDGE_LOOP('',(#582,#583,#584,#585));
#1997=EDGE_LOOP('',(#586,#587,#588,#589));
#1998=EDGE_LOOP('',(#590,#591,#592,#593,#594,#595));
#1999=EDGE_LOOP('',(#596,#597,#598,#599,#600,#601));
#2000=EDGE_LOOP('',(#602,#603,#604,#605));
#2001=EDGE_LOOP('',(#606,#607,#608,#609));
#2002=EDGE_LOOP('',(#610,#611,#612,#613,#614,#615));
#2003=EDGE_LOOP('',(#616,#617,#618,#619,#620,#621));
#2004=EDGE_LOOP('',(#622,#623,#624,#625));
#2005=EDGE_LOOP('',(#626,#627,#628,#629));
#2006=EDGE_LOOP('',(#630,#631,#632,#633,#634,#635));
#2007=EDGE_LOOP('',(#636,#637,#638,#639,#640,#641));
#2008=EDGE_LOOP('',(#642,#643,#644,#645));
#2009=EDGE_LOOP('',(#646,#647,#648,#649));
#2010=EDGE_LOOP('',(#650,#651,#652,#653));
#2011=EDGE_LOOP('',(#654,#655,#656,#657));
#2012=EDGE_LOOP('',(#658,#659,#660,#661));
#2013=EDGE_LOOP('',(#662,#663,#664,#665));
#2014=EDGE_LOOP('',(#666,#667,#668,#669));
#2015=EDGE_LOOP('',(#670,#671,#672,#673));
#2016=EDGE_LOOP('',(#674,#675,#676,#677));
#2017=EDGE_LOOP('',(#678,#679,#680,#681));
#2018=EDGE_LOOP('',(#682,#683,#684,#685));
#2019=EDGE_LOOP('',(#686,#687,#688,#689));
#2020=EDGE_LOOP('',(#690,#691,#692,#693));
#2021=EDGE_LOOP('',(#694,#695,#696,#697));
#2022=EDGE_LOOP('',(#698,#699,#700,#701));
#2023=EDGE_LOOP('',(#702,#703,#704,#705));
#2024=FACE_BOUND('',#1920,.T.);
#2025=FACE_BOUND('',#1921,.T.);
#2026=FACE_BOUND('',#1922,.T.);
#2027=FACE_BOUND('',#1923,.T.);
#2028=FACE_BOUND('',#1924,.T.);
#2029=FACE_BOUND('',#1925,.T.);
#2030=FACE_BOUND('',#1926,.T.);
#2031=FACE_BOUND('',#1927,.T.);
#2032=FACE_BOUND('',#1928,.T.);
#2033=FACE_BOUND('',#1929,.T.);
#2034=FACE_BOUND('',#1930,.T.);
#2035=FACE_BOUND('',#1931,.T.);
#2036=FACE_BOUND('',#1932,.T.);
#2037=FACE_BOUND('',#1933,.T.);
#2038=FACE_BOUND('',#1934,.T.);
#2039=FACE_BOUND('',#1935,.T.);
#2040=FACE_BOUND('',#1936,.T.);
#2041=FACE_BOUND('',#1937,.T.);
#2042=FACE_BOUND('',#1938,.T.);
#2043=FACE_BOUND('',#1939,.T.);
#2044=FACE_BOUND('',#1940,.T.);
#2045=FACE_BOUND('',#1941,.T.);
#2046=FACE_BOUND('',#1942,.T.);
#2047=FACE_BOUND('',#1943,.T.);
#2048=FACE_BOUND('',#1944,.T.);
#2049=FACE_BOUND('',#1945,.T.);
#2050=FACE_BOUND('',#1946,.T.);
#2051=FACE_BOUND('',#1947,.T.);
#2052=FACE_BOUND('',#1948,.T.);
#2053=FACE_BOUND('',#1949,.T.);
#2054=FACE_BOUND('',#1950,.T.);
#2055=FACE_BOUND('',#1951,.T.);
#2056=FACE_BOUND('',#1952,.T.);
#2057=FACE_BOUND('',#1953,.T.);
#2058=FACE_BOUND('',#1954,.T.);
#2059=FACE_BOUND('',#1955,.T.);
#2060=FACE_BOUND('',#1956,.T.);
#2061=FACE_BOUND('',#1957,.T.);
#2062=FACE_BOUND('',#1958,.T.);
#2063=FACE_BOUND('',#1959,.T.);
#2064=FACE_BOUND('',#1960,.T.);
#2065=FACE_BOUND('',#1961,.T.);
#2066=FACE_BOUND('',#1962,.T.);
#2067=FACE_BOUND('',#1963,.T.);
#2068=FACE_BOUND('',#1964,.T.);
#2069=FACE_BOUND('',#1965,.T.);
#2070=FACE_BOUND('',#1966,.T.);
#2071=FACE_BOUND('',#1967,.T.);
#2072=FACE_BOUND('',#1968,.T.);
#2073=FACE_BOUND('',#1969,.T.);
#2074=FACE_BOUND('',#1970,.T.);
#2075=FACE_BOUND('',#1971,.T.);
#2076=FACE_BOUND('',#1972,.T.);
#2077=FACE_BOUND('',#1973,.T.);
#2078=FACE_BOUND('',#1974,.T.);
#2079=FACE_BOUND('',#1975,.T.);
#2080=FACE_BOUND('',#1976,.T.);
#2081=FACE_BOUND('',#1977,.T.);
#2082=FACE_BOUND('',#1978,.T.);
#2083=FACE_BOUND('',#1979,.T.);
#2084=FACE_BOUND('',#1980,.T.);
#2085=FACE_BOUND('',#1981,.T.);
#2086=FACE_BOUND('',#1982,.T.);
#2087=FACE_BOUND('',#1983,.T.);
#2088=FACE_BOUND('',#1984,.T.);
#2089=FACE_BOUND('',#1985,.T.);
#2090=FACE_BOUND('',#1986,.T.);
#2091=FACE_BOUND('',#1987,.T.);
#2092=FACE_BOUND('',#1988,.T.);
#2093=FACE_BOUND('',#1989,.T.);
#2094=FACE_BOUND('',#1990,.T.);
#2095=FACE_BOUND('',#1991,.T.);
#2096=FACE_BOUND('',#1992,.T.);
#2097=FACE_BOUND('',#1993,.T.);
#2098=FACE_BOUND('',#1994,.T.);
#2099=FACE_BOUND('',#1995,.T.);
#2100=FACE_BOUND('',#1996,.T.);
#2101=FACE_BOUND('',#1997,.T.);
#2102=FACE_BOUND('',#1998,.T.);
#2103=FACE_BOUND('',#1999,.T.);
#2104=FACE_BOUND('',#2000,.T.);
#2105=FACE_BOUND('',#2001,.T.);
#2106=FACE_BOUND('',#2002,.T.);
#2107=FACE_BOUND('',#2003,.T.);
#2108=FACE_BOUND('',#2004,.T.);
#2109=FACE_BOUND('',#2005,.T.);
#2110=FACE_BOUND('',#2006,.T.);
#2111=FACE_BOUND('',#2007,.T.);
#2112=FACE_BOUND('',#2008,.T.);
#2113=FACE_BOUND('',#2009,.T.);
#2114=FACE_BOUND('',#2010,.T.);
#2115=FACE_BOUND('',#2011,.T.);
#2116=FACE_BOUND('',#2012,.T.);
#2117=FACE_BOUND('',#2013,.T.);
#2118=FACE_BOUND('',#2014,.T.);
#2119=FACE_BOUND('',#2015,.T.);
#2120=FACE_BOUND('',#2016,.T.);
#2121=FACE_BOUND('',#2017,.T.);
#2122=FACE_BOUND('',#2018,.T.);
#2123=FACE_BOUND('',#2019,.T.);
#2124=FACE_BOUND('',#2020,.T.);
#2125=FACE_BOUND('',#2021,.T.);
#2126=FACE_BOUND('',#2022,.T.);
#2127=FACE_BOUND('',#2023,.T.);
#2128=PLANE('',#2313);
#2129=PLANE('',#2314);
#2130=PLANE('',#2319);
#2131=PLANE('',#2320);
#2132=PLANE('',#2321);
#2133=PLANE('',#2322);
#2134=PLANE('',#2323);
#2135=PLANE('',#2324);
#2136=PLANE('',#2325);
#2137=PLANE('',#2334);
#2138=PLANE('',#2337);
#2139=PLANE('',#2338);
#2140=PLANE('',#2341);
#2141=PLANE('',#2342);
#2142=PLANE('',#2345);
#2143=PLANE('',#2346);
#2144=PLANE('',#2347);
#2145=PLANE('',#2348);
#2146=PLANE('',#2349);
#2147=PLANE('',#2350);
#2148=PLANE('',#2351);
#2149=PLANE('',#2352);
#2150=PLANE('',#2353);
#2151=PLANE('',#2354);
#2152=PLANE('',#2355);
#2153=PLANE('',#2356);
#2154=PLANE('',#2357);
#2155=PLANE('',#2358);
#2156=PLANE('',#2359);
#2157=PLANE('',#2360);
#2158=PLANE('',#2361);
#2159=PLANE('',#2362);
#2160=PLANE('',#2363);
#2161=PLANE('',#2364);
#2162=PLANE('',#2365);
#2163=PLANE('',#2366);
#2164=PLANE('',#2367);
#2165=PLANE('',#2368);
#2166=PLANE('',#2369);
#2167=PLANE('',#2370);
#2168=PLANE('',#2371);
#2169=PLANE('',#2372);
#2170=PLANE('',#2373);
#2171=PLANE('',#2374);
#2172=PLANE('',#2375);
#2173=PLANE('',#2376);
#2174=PLANE('',#2377);
#2175=PLANE('',#2378);
#2176=PLANE('',#2379);
#2177=PLANE('',#2380);
#2178=PLANE('',#2381);
#2179=PLANE('',#2382);
#2180=PLANE('',#2383);
#2181=PLANE('',#2384);
#2182=PLANE('',#2385);
#2183=PLANE('',#2386);
#2184=PLANE('',#2387);
#2185=PLANE('',#2388);
#2186=PLANE('',#2389);
#2187=PLANE('',#2390);
#2188=PLANE('',#2391);
#2189=PLANE('',#2392);
#2190=PLANE('',#2393);
#2191=PLANE('',#2394);
#2192=PLANE('',#2395);
#2193=PLANE('',#2396);
#2194=PLANE('',#2397);
#2195=PLANE('',#2398);
#2196=PLANE('',#2399);
#2197=PLANE('',#2400);
#2198=PLANE('',#2401);
#2199=PLANE('',#2402);
#2200=PLANE('',#2403);
#2201=PLANE('',#2404);
#2202=PLANE('',#2405);
#2203=PLANE('',#2406);
#2204=PLANE('',#2407);
#2205=PLANE('',#2408);
#2206=PLANE('',#2409);
#2207=PLANE('',#2410);
#2208=PLANE('',#2411);
#2209=PLANE('',#2412);
#2210=PLANE('',#2413);
#2211=ADVANCED_FACE('',(#2024),#2128,.T.);
#2212=ADVANCED_FACE('',(#2025),#2129,.T.);
#2213=ADVANCED_FACE('',(#2026),#2130,.F.);
#2214=ADVANCED_FACE('',(#2027),#2131,.T.);
#2215=ADVANCED_FACE('',(#2028),#2132,.T.);
#2216=ADVANCED_FACE('',(#2029,#2030,#2031,#2032,#2033,#2034),#2133,.F.);
#2217=ADVANCED_FACE('',(#2035),#2134,.F.);
#2218=ADVANCED_FACE('',(#2036),#2135,.T.);
#2219=ADVANCED_FACE('',(#2037),#2136,.F.);
#2220=ADVANCED_FACE('',(#2038),#12,.F.);
#2221=ADVANCED_FACE('',(#2039),#13,.F.);
#2222=ADVANCED_FACE('',(#2040),#14,.T.);
#2223=ADVANCED_FACE('',(#2041),#15,.T.);
#2224=ADVANCED_FACE('',(#2042,#2043,#2044,#2045,#2046,#2047,#2048,#2049,
#2050,#2051,#2052),#2137,.T.);
#2225=ADVANCED_FACE('',(#2053),#2138,.F.);
#2226=ADVANCED_FACE('',(#2054),#2139,.F.);
#2227=ADVANCED_FACE('',(#2055),#2140,.T.);
#2228=ADVANCED_FACE('',(#2056),#2141,.F.);
#2229=ADVANCED_FACE('',(#2057),#16,.T.);
#2230=ADVANCED_FACE('',(#2058),#17,.T.);
#2231=ADVANCED_FACE('',(#2059),#2142,.F.);
#2232=ADVANCED_FACE('',(#2060),#2143,.T.);
#2233=ADVANCED_FACE('',(#2061),#2144,.F.);
#2234=ADVANCED_FACE('',(#2062),#2145,.T.);
#2235=ADVANCED_FACE('',(#2063),#2146,.T.);
#2236=ADVANCED_FACE('',(#2064),#2147,.F.);
#2237=ADVANCED_FACE('',(#2065),#2148,.F.);
#2238=ADVANCED_FACE('',(#2066),#2149,.F.);
#2239=ADVANCED_FACE('',(#2067),#2150,.T.);
#2240=ADVANCED_FACE('',(#2068),#2151,.F.);
#2241=ADVANCED_FACE('',(#2069),#2152,.F.);
#2242=ADVANCED_FACE('',(#2070),#2153,.T.);
#2243=ADVANCED_FACE('',(#2071),#2154,.F.);
#2244=ADVANCED_FACE('',(#2072),#2155,.F.);
#2245=ADVANCED_FACE('',(#2073),#2156,.T.);
#2246=ADVANCED_FACE('',(#2074),#2157,.F.);
#2247=ADVANCED_FACE('',(#2075),#2158,.F.);
#2248=ADVANCED_FACE('',(#2076),#2159,.T.);
#2249=ADVANCED_FACE('',(#2077),#2160,.F.);
#2250=ADVANCED_FACE('',(#2078),#2161,.F.);
#2251=ADVANCED_FACE('',(#2079),#2162,.T.);
#2252=ADVANCED_FACE('',(#2080),#2163,.F.);
#2253=ADVANCED_FACE('',(#2081),#2164,.F.);
#2254=ADVANCED_FACE('',(#2082),#2165,.T.);
#2255=ADVANCED_FACE('',(#2083),#2166,.F.);
#2256=ADVANCED_FACE('',(#2084),#2167,.F.);
#2257=ADVANCED_FACE('',(#2085),#2168,.T.);
#2258=ADVANCED_FACE('',(#2086),#2169,.F.);
#2259=ADVANCED_FACE('',(#2087),#2170,.F.);
#2260=ADVANCED_FACE('',(#2088),#2171,.T.);
#2261=ADVANCED_FACE('',(#2089),#2172,.F.);
#2262=ADVANCED_FACE('',(#2090),#2173,.F.);
#2263=ADVANCED_FACE('',(#2091),#2174,.T.);
#2264=ADVANCED_FACE('',(#2092),#2175,.F.);
#2265=ADVANCED_FACE('',(#2093),#2176,.T.);
#2266=ADVANCED_FACE('',(#2094),#2177,.T.);
#2267=ADVANCED_FACE('',(#2095),#2178,.F.);
#2268=ADVANCED_FACE('',(#2096),#2179,.F.);
#2269=ADVANCED_FACE('',(#2097),#2180,.T.);
#2270=ADVANCED_FACE('',(#2098),#2181,.F.);
#2271=ADVANCED_FACE('',(#2099),#2182,.T.);
#2272=ADVANCED_FACE('',(#2100),#2183,.F.);
#2273=ADVANCED_FACE('',(#2101),#2184,.T.);
#2274=ADVANCED_FACE('',(#2102),#2185,.F.);
#2275=ADVANCED_FACE('',(#2103),#2186,.T.);
#2276=ADVANCED_FACE('',(#2104),#2187,.F.);
#2277=ADVANCED_FACE('',(#2105),#2188,.T.);
#2278=ADVANCED_FACE('',(#2106),#2189,.F.);
#2279=ADVANCED_FACE('',(#2107),#2190,.T.);
#2280=ADVANCED_FACE('',(#2108),#2191,.F.);
#2281=ADVANCED_FACE('',(#2109),#2192,.T.);
#2282=ADVANCED_FACE('',(#2110),#2193,.F.);
#2283=ADVANCED_FACE('',(#2111),#2194,.T.);
#2284=ADVANCED_FACE('',(#2112),#2195,.F.);
#2285=ADVANCED_FACE('',(#2113),#2196,.T.);
#2286=ADVANCED_FACE('',(#2114),#2197,.F.);
#2287=ADVANCED_FACE('',(#2115),#2198,.F.);
#2288=ADVANCED_FACE('',(#2116),#2199,.F.);
#2289=ADVANCED_FACE('',(#2117),#2200,.T.);
#2290=ADVANCED_FACE('',(#2118),#2201,.F.);
#2291=ADVANCED_FACE('',(#2119),#2202,.F.);
#2292=ADVANCED_FACE('',(#2120),#2203,.T.);
#2293=ADVANCED_FACE('',(#2121),#2204,.F.);
#2294=ADVANCED_FACE('',(#2122),#2205,.F.);
#2295=ADVANCED_FACE('',(#2123),#2206,.T.);
#2296=ADVANCED_FACE('',(#2124),#2207,.F.);
#2297=ADVANCED_FACE('',(#2125),#2208,.F.);
#2298=ADVANCED_FACE('',(#2126),#2209,.T.);
#2299=ADVANCED_FACE('',(#2127),#2210,.F.);
#2300=CLOSED_SHELL('',(#2211,#2212,#2213,#2214,#2215,#2216,#2217,#2218,
#2219,#2220,#2221,#2222,#2223,#2224,#2225,#2226,#2227,#2228,#2229,#2230,
#2231,#2232,#2233,#2234,#2235,#2236,#2237,#2238,#2239,#2240,#2241,#2242,
#2243,#2244,#2245,#2246,#2247,#2248,#2249,#2250,#2251,#2252,#2253,#2254,
#2255,#2256,#2257,#2258,#2259,#2260,#2261,#2262,#2263,#2264,#2265,#2266,
#2267,#2268,#2269,#2270,#2271,#2272,#2273,#2274,#2275,#2276,#2277,#2278,
#2279,#2280,#2281,#2282,#2283,#2284,#2285,#2286,#2287,#2288,#2289,#2290,
#2291,#2292,#2293,#2294,#2295,#2296,#2297,#2298,#2299));
#2301=STYLED_ITEM('',(#2302),#2309);
#2302=PRESENTATION_STYLE_ASSIGNMENT((#2303));
#2303=SURFACE_STYLE_USAGE(.BOTH.,#2304);
#2304=SURFACE_SIDE_STYLE('',(#2305));
#2305=SURFACE_STYLE_FILL_AREA(#2306);
#2306=FILL_AREA_STYLE('',(#2307));
#2307=FILL_AREA_STYLE_COLOUR('',#2308);
#2308=COLOUR_RGB('',0.647058823529412,0.647058823529412,0.647058823529412);
#2309=MANIFOLD_SOLID_BREP('Part 1',#2300);
#2310=SHAPE_DEFINITION_REPRESENTATION(#3602,#2311);
#2311=SHAPE_REPRESENTATION('Part 1',(#2312),#3597);
#2312=AXIS2_PLACEMENT_3D('',#2944,#2414,#2415);
#2313=AXIS2_PLACEMENT_3D('',#2945,#2416,#2417);
#2314=AXIS2_PLACEMENT_3D('',#2954,#2422,#2423);
#2315=AXIS2_PLACEMENT_3D('',#2958,#2425,#2426);
#2316=AXIS2_PLACEMENT_3D('',#3005,#2450,#2451);
#2317=AXIS2_PLACEMENT_3D('',#3009,#2453,#2454);
#2318=AXIS2_PLACEMENT_3D('',#3057,#2478,#2479);
#2319=AXIS2_PLACEMENT_3D('',#3136,#2519,#2520);
#2320=AXIS2_PLACEMENT_3D('',#3148,#2527,#2528);
#2321=AXIS2_PLACEMENT_3D('',#3154,#2532,#2533);
#2322=AXIS2_PLACEMENT_3D('',#3166,#2540,#2541);
#2323=AXIS2_PLACEMENT_3D('',#3205,#2564,#2565);
#2324=AXIS2_PLACEMENT_3D('',#3261,#2599,#2600);
#2325=AXIS2_PLACEMENT_3D('',#3290,#2618,#2619);
#2326=AXIS2_PLACEMENT_3D('',#3291,#2620,#2621);
#2327=AXIS2_PLACEMENT_3D('',#3292,#2622,#2623);
#2328=AXIS2_PLACEMENT_3D('',#3294,#2625,#2626);
#2329=AXIS2_PLACEMENT_3D('',#3295,#2627,#2628);
#2330=AXIS2_PLACEMENT_3D('',#3299,#2631,#2632);
#2331=AXIS2_PLACEMENT_3D('',#3300,#2633,#2634);
#2332=AXIS2_PLACEMENT_3D('',#3301,#2635,#2636);
#2333=AXIS2_PLACEMENT_3D('',#3302,#2637,#2638);
#2334=AXIS2_PLACEMENT_3D('',#3303,#2639,#2640);
#2335=AXIS2_PLACEMENT_3D('',#3425,#2710,#2711);
#2336=AXIS2_PLACEMENT_3D('',#3429,#2713,#2714);
#2337=AXIS2_PLACEMENT_3D('',#3430,#2715,#2716);
#2338=AXIS2_PLACEMENT_3D('',#3462,#2736,#2737);
#2339=AXIS2_PLACEMENT_3D('',#3463,#2738,#2739);
#2340=AXIS2_PLACEMENT_3D('',#3467,#2741,#2742);
#2341=AXIS2_PLACEMENT_3D('',#3471,#2746,#2747);
#2342=AXIS2_PLACEMENT_3D('',#3474,#2750,#2751);
#2343=AXIS2_PLACEMENT_3D('',#3475,#2752,#2753);
#2344=AXIS2_PLACEMENT_3D('',#3476,#2754,#2755);
#2345=AXIS2_PLACEMENT_3D('',#3477,#2756,#2757);
#2346=AXIS2_PLACEMENT_3D('',#3478,#2758,#2759);
#2347=AXIS2_PLACEMENT_3D('',#3479,#2760,#2761);
#2348=AXIS2_PLACEMENT_3D('',#3480,#2762,#2763);
#2349=AXIS2_PLACEMENT_3D('',#3481,#2764,#2765);
#2350=AXIS2_PLACEMENT_3D('',#3483,#2767,#2768);
#2351=AXIS2_PLACEMENT_3D('',#3485,#2770,#2771);
#2352=AXIS2_PLACEMENT_3D('',#3486,#2772,#2773);
#2353=AXIS2_PLACEMENT_3D('',#3488,#2775,#2776);
#2354=AXIS2_PLACEMENT_3D('',#3490,#2778,#2779);
#2355=AXIS2_PLACEMENT_3D('',#3491,#2780,#2781);
#2356=AXIS2_PLACEMENT_3D('',#3493,#2783,#2784);
#2357=AXIS2_PLACEMENT_3D('',#3495,#2786,#2787);
#2358=AXIS2_PLACEMENT_3D('',#3496,#2788,#2789);
#2359=AXIS2_PLACEMENT_3D('',#3498,#2791,#2792);
#2360=AXIS2_PLACEMENT_3D('',#3500,#2794,#2795);
#2361=AXIS2_PLACEMENT_3D('',#3501,#2796,#2797);
#2362=AXIS2_PLACEMENT_3D('',#3503,#2799,#2800);
#2363=AXIS2_PLACEMENT_3D('',#3505,#2802,#2803);
#2364=AXIS2_PLACEMENT_3D('',#3506,#2804,#2805);
#2365=AXIS2_PLACEMENT_3D('',#3508,#2807,#2808);
#2366=AXIS2_PLACEMENT_3D('',#3510,#2810,#2811);
#2367=AXIS2_PLACEMENT_3D('',#3511,#2812,#2813);
#2368=AXIS2_PLACEMENT_3D('',#3513,#2815,#2816);
#2369=AXIS2_PLACEMENT_3D('',#3515,#2818,#2819);
#2370=AXIS2_PLACEMENT_3D('',#3516,#2820,#2821);
#2371=AXIS2_PLACEMENT_3D('',#3518,#2823,#2824);
#2372=AXIS2_PLACEMENT_3D('',#3520,#2826,#2827);
#2373=AXIS2_PLACEMENT_3D('',#3521,#2828,#2829);
#2374=AXIS2_PLACEMENT_3D('',#3523,#2831,#2832);
#2375=AXIS2_PLACEMENT_3D('',#3525,#2834,#2835);
#2376=AXIS2_PLACEMENT_3D('',#3526,#2836,#2837);
#2377=AXIS2_PLACEMENT_3D('',#3528,#2839,#2840);
#2378=AXIS2_PLACEMENT_3D('',#3530,#2842,#2843);
#2379=AXIS2_PLACEMENT_3D('',#3531,#2844,#2845);
#2380=AXIS2_PLACEMENT_3D('',#3534,#2848,#2849);
#2381=AXIS2_PLACEMENT_3D('',#3536,#2851,#2852);
#2382=AXIS2_PLACEMENT_3D('',#3538,#2854,#2855);
#2383=AXIS2_PLACEMENT_3D('',#3539,#2856,#2857);
#2384=AXIS2_PLACEMENT_3D('',#3542,#2860,#2861);
#2385=AXIS2_PLACEMENT_3D('',#3544,#2863,#2864);
#2386=AXIS2_PLACEMENT_3D('',#3546,#2866,#2867);
#2387=AXIS2_PLACEMENT_3D('',#3547,#2868,#2869);
#2388=AXIS2_PLACEMENT_3D('',#3550,#2872,#2873);
#2389=AXIS2_PLACEMENT_3D('',#3552,#2875,#2876);
#2390=AXIS2_PLACEMENT_3D('',#3554,#2878,#2879);
#2391=AXIS2_PLACEMENT_3D('',#3555,#2880,#2881);
#2392=AXIS2_PLACEMENT_3D('',#3558,#2884,#2885);
#2393=AXIS2_PLACEMENT_3D('',#3560,#2887,#2888);
#2394=AXIS2_PLACEMENT_3D('',#3562,#2890,#2891);
#2395=AXIS2_PLACEMENT_3D('',#3563,#2892,#2893);
#2396=AXIS2_PLACEMENT_3D('',#3566,#2896,#2897);
#2397=AXIS2_PLACEMENT_3D('',#3568,#2899,#2900);
#2398=AXIS2_PLACEMENT_3D('',#3570,#2902,#2903);
#2399=AXIS2_PLACEMENT_3D('',#3571,#2904,#2905);
#2400=AXIS2_PLACEMENT_3D('',#3573,#2907,#2908);
#2401=AXIS2_PLACEMENT_3D('',#3575,#2910,#2911);
#2402=AXIS2_PLACEMENT_3D('',#3576,#2912,#2913);
#2403=AXIS2_PLACEMENT_3D('',#3578,#2915,#2916);
#2404=AXIS2_PLACEMENT_3D('',#3580,#2918,#2919);
#2405=AXIS2_PLACEMENT_3D('',#3581,#2920,#2921);
#2406=AXIS2_PLACEMENT_3D('',#3583,#2923,#2924);
#2407=AXIS2_PLACEMENT_3D('',#3585,#2926,#2927);
#2408=AXIS2_PLACEMENT_3D('',#3586,#2928,#2929);
#2409=AXIS2_PLACEMENT_3D('',#3588,#2931,#2932);
#2410=AXIS2_PLACEMENT_3D('',#3590,#2934,#2935);
#2411=AXIS2_PLACEMENT_3D('',#3591,#2936,#2937);
#2412=AXIS2_PLACEMENT_3D('',#3593,#2939,#2940);
#2413=AXIS2_PLACEMENT_3D('',#3595,#2942,#2943);
#2414=DIRECTION('',(0.,0.,1.));
#2415=DIRECTION('',(1.,0.,0.));
#2416=DIRECTION('',(0.,0.,-1.));
#2417=DIRECTION('',(-1.,0.,0.));
#2418=DIRECTION('',(-1.,0.,0.));
#2419=DIRECTION('',(0.,1.,0.));
#2420=DIRECTION('',(-1.,0.,0.));
#2421=DIRECTION('',(0.,1.,0.));
#2422=DIRECTION('',(0.,-1.,0.));
#2423=DIRECTION('',(1.,0.,0.));
#2424=DIRECTION('',(0.,0.,-1.));
#2425=DIRECTION('',(0.,-1.,0.));
#2426=DIRECTION('',(0.,0.,-1.));
#2427=DIRECTION('',(0.,0.,1.));
#2428=DIRECTION('',(1.,0.,0.));
#2429=DIRECTION('',(0.,0.,-1.));
#2430=DIRECTION('',(1.,0.,0.));
#2431=DIRECTION('',(0.,0.,1.));
#2432=DIRECTION('',(1.,0.,0.));
#2433=DIRECTION('',(0.,0.,-1.));
#2434=DIRECTION('',(1.,0.,0.));
#2435=DIRECTION('',(0.,0.,1.));
#2436=DIRECTION('',(1.,0.,0.));
#2437=DIRECTION('',(0.,0.,-1.));
#2438=DIRECTION('',(1.,0.,0.));
#2439=DIRECTION('',(0.,0.,1.));
#2440=DIRECTION('',(1.,0.,0.));
#2441=DIRECTION('',(0.,0.,-1.));
#2442=DIRECTION('',(1.,0.,0.));
#2443=DIRECTION('',(0.,0.,1.));
#2444=DIRECTION('',(1.,0.,0.));
#2445=DIRECTION('',(0.,0.,-1.));
#2446=DIRECTION('',(1.,0.,0.));
#2447=DIRECTION('',(0.,0.,1.));
#2448=DIRECTION('',(-1.,0.,0.));
#2449=DIRECTION('',(0.,0.,1.));
#2450=DIRECTION('',(0.,-1.,0.));
#2451=DIRECTION('',(0.,0.,-1.));
#2452=DIRECTION('',(-1.,0.,0.));
#2453=DIRECTION('',(0.,-1.,0.));
#2454=DIRECTION('',(0.,0.,-1.));
#2455=DIRECTION('',(0.,0.,1.));
#2456=DIRECTION('',(-1.,0.,0.));
#2457=DIRECTION('',(0.,0.,1.));
#2458=DIRECTION('',(1.,0.,0.));
#2459=DIRECTION('',(0.,0.,1.));
#2460=DIRECTION('',(1.,0.,0.));
#2461=DIRECTION('',(0.,0.,1.));
#2462=DIRECTION('',(1.,0.,0.));
#2463=DIRECTION('',(0.,0.,1.));
#2464=DIRECTION('',(1.,0.,0.));
#2465=DIRECTION('',(0.,0.,1.));
#2466=DIRECTION('',(1.,0.,0.));
#2467=DIRECTION('',(0.,0.,1.));
#2468=DIRECTION('',(1.,0.,0.));
#2469=DIRECTION('',(0.,0.,1.));
#2470=DIRECTION('',(1.,0.,0.));
#2471=DIRECTION('',(0.,0.,1.));
#2472=DIRECTION('',(1.,0.,0.));
#2473=DIRECTION('',(0.,0.,1.));
#2474=DIRECTION('',(1.,0.,0.));
#2475=DIRECTION('',(0.,0.,1.));
#2476=DIRECTION('',(1.,0.,0.));
#2477=DIRECTION('',(0.,0.,1.));
#2478=DIRECTION('',(0.,-1.,0.));
#2479=DIRECTION('',(0.,0.,-1.));
#2480=DIRECTION('',(-1.,0.,0.));
#2481=DIRECTION('',(0.,0.,-1.));
#2482=DIRECTION('',(-1.,0.,0.));
#2483=DIRECTION('',(0.,0.,-1.));
#2484=DIRECTION('',(-1.,0.,0.));
#2485=DIRECTION('',(0.,0.,-1.));
#2486=DIRECTION('',(-1.,0.,0.));
#2487=DIRECTION('',(0.,0.,-1.));
#2488=DIRECTION('',(-1.,0.,0.));
#2489=DIRECTION('',(0.,0.,-1.));
#2490=DIRECTION('',(-1.,0.,0.));
#2491=DIRECTION('',(0.,0.,-1.));
#2492=DIRECTION('',(-1.,0.,0.));
#2493=DIRECTION('',(0.,0.,-1.));
#2494=DIRECTION('',(-1.,0.,0.));
#2495=DIRECTION('',(0.,0.,-1.));
#2496=DIRECTION('',(-1.,0.,0.));
#2497=DIRECTION('',(0.,0.,-1.));
#2498=DIRECTION('',(-1.,0.,0.));
#2499=DIRECTION('',(0.,0.,-1.));
#2500=DIRECTION('',(-1.,0.,0.));
#2501=DIRECTION('',(0.,0.,-1.));
#2502=DIRECTION('',(-1.,0.,0.));
#2503=DIRECTION('',(0.,0.,-1.));
#2504=DIRECTION('',(-1.,0.,0.));
#2505=DIRECTION('',(0.,0.,-1.));
#2506=DIRECTION('',(-1.,0.,0.));
#2507=DIRECTION('',(0.,0.,-1.));
#2508=DIRECTION('',(-1.,0.,0.));
#2509=DIRECTION('',(0.,0.,-1.));
#2510=DIRECTION('',(-1.,0.,0.));
#2511=DIRECTION('',(0.,0.,-1.));
#2512=DIRECTION('',(-1.,0.,0.));
#2513=DIRECTION('',(0.,0.,-1.));
#2514=DIRECTION('',(-1.,0.,0.));
#2515=DIRECTION('',(0.,0.,-1.));
#2516=DIRECTION('',(-1.,0.,0.));
#2517=DIRECTION('',(0.,0.,-1.));
#2518=DIRECTION('',(-1.,0.,0.));
#2519=DIRECTION('',(-1.,0.,0.));
#2520=DIRECTION('',(0.,0.,1.));
#2521=DIRECTION('',(0.,0.,1.));
#2522=DIRECTION('',(0.,1.,0.));
#2523=DIRECTION('',(0.,1.,0.));
#2524=DIRECTION('',(0.,1.,0.));
#2525=DIRECTION('',(0.,0.,1.));
#2526=DIRECTION('',(0.,1.,0.));
#2527=DIRECTION('',(0.,0.,-1.));
#2528=DIRECTION('',(-1.,0.,0.));
#2529=DIRECTION('',(-1.,0.,0.));
#2530=DIRECTION('',(0.,1.,0.));
#2531=DIRECTION('',(0.,1.,0.));
#2532=DIRECTION('',(-1.,0.,0.));
#2533=DIRECTION('',(0.,0.,1.));
#2534=DIRECTION('',(0.,1.,0.));
#2535=DIRECTION('',(0.,0.,1.));
#2536=DIRECTION('',(0.,-1.,0.));
#2537=DIRECTION('',(0.,0.,1.));
#2538=DIRECTION('',(0.,-1.,0.));
#2539=DIRECTION('',(0.,-1.,0.));
#2540=DIRECTION('',(-1.,0.,0.));
#2541=DIRECTION('',(0.,0.,1.));
#2542=DIRECTION('',(0.,-1.,0.));
#2543=DIRECTION('',(0.,0.,-1.));
#2544=DIRECTION('',(0.,1.,-4.49847239065826E-17));
#2545=DIRECTION('',(0.,-1.,0.));
#2546=DIRECTION('',(0.,0.,1.));
#2547=DIRECTION('',(0.,1.,0.));
#2548=DIRECTION('',(0.,1.,0.));
#2549=DIRECTION('',(0.,0.,-1.));
#2550=DIRECTION('',(0.,-1.,0.));
#2551=DIRECTION('',(0.,0.,-1.));
#2552=DIRECTION('',(0.,1.,-8.99694478131652E-17));
#2553=DIRECTION('',(0.,0.,-1.));
#2554=DIRECTION('',(0.,1.,-8.99694478131652E-17));
#2555=DIRECTION('',(0.,1.,0.));
#2556=DIRECTION('',(0.,0.,-1.));
#2557=DIRECTION('',(0.,1.,0.));
#2558=DIRECTION('',(0.,1.,0.));
#2559=DIRECTION('',(0.,0.,-1.));
#2560=DIRECTION('',(0.,1.,0.));
#2561=DIRECTION('',(0.,1.,0.));
#2562=DIRECTION('',(0.,0.,-1.));
#2563=DIRECTION('',(0.,1.,0.));
#2564=DIRECTION('',(0.,0.,-1.));
#2565=DIRECTION('',(-1.,0.,0.));
#2566=DIRECTION('',(0.,1.,0.));
#2567=DIRECTION('',(0.,-1.,0.));
#2568=DIRECTION('',(1.,0.,0.));
#2569=DIRECTION('',(0.,-1.,0.));
#2570=DIRECTION('',(0.,-1.,0.));
#2571=DIRECTION('',(1.,0.,0.));
#2572=DIRECTION('',(0.,-1.,0.));
#2573=DIRECTION('',(0.,-1.,0.));
#2574=DIRECTION('',(1.,0.,0.));
#2575=DIRECTION('',(0.,-1.,0.));
#2576=DIRECTION('',(0.,-1.,0.));
#2577=DIRECTION('',(1.,0.,0.));
#2578=DIRECTION('',(0.,-1.,0.));
#2579=DIRECTION('',(0.,-1.,0.));
#2580=DIRECTION('',(1.,0.,0.));
#2581=DIRECTION('',(0.,-1.,0.));
#2582=DIRECTION('',(0.,-1.,0.));
#2583=DIRECTION('',(1.,0.,0.));
#2584=DIRECTION('',(0.,-1.,0.));
#2585=DIRECTION('',(0.,-1.,0.));
#2586=DIRECTION('',(1.,0.,0.));
#2587=DIRECTION('',(0.,-1.,0.));
#2588=DIRECTION('',(0.,-1.,0.));
#2589=DIRECTION('',(1.,0.,0.));
#2590=DIRECTION('',(0.,-1.,0.));
#2591=DIRECTION('',(0.,-1.,0.));
#2592=DIRECTION('',(1.,0.,0.));
#2593=DIRECTION('',(0.,-1.,0.));
#2594=DIRECTION('',(0.,-1.,0.));
#2595=DIRECTION('',(1.,0.,0.));
#2596=DIRECTION('',(0.,-1.,0.));
#2597=DIRECTION('',(0.,1.,0.));
#2598=DIRECTION('',(-1.,0.,0.));
#2599=DIRECTION('',(-1.,0.,0.));
#2600=DIRECTION('',(0.,0.,1.));
#2601=DIRECTION('',(0.,-1.,-4.49847239065826E-17));
#2602=DIRECTION('',(0.,0.,1.));
#2603=DIRECTION('',(0.,-1.,-8.99694478131652E-17));
#2604=DIRECTION('',(0.,-1.,-8.99694478131652E-17));
#2605=DIRECTION('',(0.,0.,1.));
#2606=DIRECTION('',(0.,-1.,0.));
#2607=DIRECTION('',(0.,-1.,0.));
#2608=DIRECTION('',(0.,0.,1.));
#2609=DIRECTION('',(0.,-1.,0.));
#2610=DIRECTION('',(0.,-1.,0.));
#2611=DIRECTION('',(0.,0.,1.));
#2612=DIRECTION('',(0.,-1.,0.));
#2613=DIRECTION('',(0.,-1.,0.));
#2614=DIRECTION('',(0.,0.,1.));
#2615=DIRECTION('',(0.,-1.,0.));
#2616=DIRECTION('',(0.,1.,0.));
#2617=DIRECTION('',(0.,0.,1.));
#2618=DIRECTION('',(0.,-1.,0.));
#2619=DIRECTION('',(1.,0.,0.));
#2620=DIRECTION('',(0.,-1.,0.));
#2621=DIRECTION('',(0.,0.,-1.));
#2622=DIRECTION('',(0.,-1.,0.));
#2623=DIRECTION('',(0.,0.,-1.));
#2624=DIRECTION('',(-1.,0.,0.));
#2625=DIRECTION('',(0.,-1.,0.));
#2626=DIRECTION('',(0.,0.,-1.));
#2627=DIRECTION('',(0.,-1.,0.));
#2628=DIRECTION('',(0.,0.,-1.));
#2629=DIRECTION('',(1.,0.,0.));
#2630=DIRECTION('',(0.,0.,1.));
#2631=DIRECTION('',(0.,-1.,0.));
#2632=DIRECTION('',(0.,0.,-1.));
#2633=DIRECTION('',(0.,1.,0.));
#2634=DIRECTION('',(0.,0.,1.));
#2635=DIRECTION('',(0.,-1.,0.));
#2636=DIRECTION('',(0.,0.,-1.));
#2637=DIRECTION('',(0.,1.,0.));
#2638=DIRECTION('',(0.,0.,1.));
#2639=DIRECTION('',(0.,1.,0.));
#2640=DIRECTION('',(0.,0.,1.));
#2641=DIRECTION('',(0.,0.,1.));
#2642=DIRECTION('',(1.,0.,0.));
#2643=DIRECTION('',(0.,0.,1.));
#2644=DIRECTION('',(0.,0.,1.));
#2645=DIRECTION('',(1.,0.,0.));
#2646=DIRECTION('',(0.,0.,1.));
#2647=DIRECTION('',(0.,0.,1.));
#2648=DIRECTION('',(1.,0.,0.));
#2649=DIRECTION('',(0.,0.,1.));
#2650=DIRECTION('',(0.,0.,1.));
#2651=DIRECTION('',(1.,0.,0.));
#2652=DIRECTION('',(0.,0.,1.));
#2653=DIRECTION('',(0.,0.,1.));
#2654=DIRECTION('',(1.,0.,0.));
#2655=DIRECTION('',(0.,0.,1.));
#2656=DIRECTION('',(0.,0.,1.));
#2657=DIRECTION('',(1.,0.,0.));
#2658=DIRECTION('',(0.,0.,1.));
#2659=DIRECTION('',(0.,0.,1.));
#2660=DIRECTION('',(1.,0.,0.));
#2661=DIRECTION('',(0.,0.,1.));
#2662=DIRECTION('',(0.,0.,1.));
#2663=DIRECTION('',(1.,0.,0.));
#2664=DIRECTION('',(0.,0.,1.));
#2665=DIRECTION('',(0.,0.,1.));
#2666=DIRECTION('',(1.,0.,0.));
#2667=DIRECTION('',(0.,0.,1.));
#2668=DIRECTION('',(0.,0.,1.));
#2669=DIRECTION('',(1.,0.,0.));
#2670=DIRECTION('',(0.,0.,1.));
#2671=DIRECTION('',(-1.,0.,0.));
#2672=DIRECTION('',(0.,0.,-1.));
#2673=DIRECTION('',(-1.,0.,0.));
#2674=DIRECTION('',(-1.,0.,0.));
#2675=DIRECTION('',(0.,0.,-1.));
#2676=DIRECTION('',(-1.,0.,0.));
#2677=DIRECTION('',(-1.,0.,0.));
#2678=DIRECTION('',(0.,0.,-1.));
#2679=DIRECTION('',(-1.,0.,0.));
#2680=DIRECTION('',(-1.,0.,0.));
#2681=DIRECTION('',(0.,0.,-1.));
#2682=DIRECTION('',(-1.,0.,0.));
#2683=DIRECTION('',(-1.,0.,0.));
#2684=DIRECTION('',(0.,0.,-1.));
#2685=DIRECTION('',(-1.,0.,0.));
#2686=DIRECTION('',(1.,0.,0.));
#2687=DIRECTION('',(1.,0.,0.));
#2688=DIRECTION('',(1.,0.,0.));
#2689=DIRECTION('',(0.,0.,-1.));
#2690=DIRECTION('',(-1.,0.,0.));
#2691=DIRECTION('',(0.,0.,1.));
#2692=DIRECTION('',(-1.,0.,0.));
#2693=DIRECTION('',(0.,0.,-1.));
#2694=DIRECTION('',(-1.,0.,0.));
#2695=DIRECTION('',(0.,0.,1.));
#2696=DIRECTION('',(-1.,0.,0.));
#2697=DIRECTION('',(0.,0.,-1.));
#2698=DIRECTION('',(-1.,0.,0.));
#2699=DIRECTION('',(0.,0.,1.));
#2700=DIRECTION('',(-1.,0.,0.));
#2701=DIRECTION('',(0.,0.,-1.));
#2702=DIRECTION('',(-1.,0.,0.));
#2703=DIRECTION('',(0.,0.,1.));
#2704=DIRECTION('',(-1.,0.,0.));
#2705=DIRECTION('',(0.,0.,-1.));
#2706=DIRECTION('',(-1.,0.,0.));
#2707=DIRECTION('',(0.,0.,1.));
#2708=DIRECTION('',(-1.,0.,0.));
#2709=DIRECTION('',(0.,0.,-1.));
#2710=DIRECTION('',(0.,1.,0.));
#2711=DIRECTION('',(0.,0.,1.));
#2712=DIRECTION('',(1.,0.,0.));
#2713=DIRECTION('',(0.,1.,0.));
#2714=DIRECTION('',(0.,0.,1.));
#2715=DIRECTION('',(1.,0.,0.));
#2716=DIRECTION('',(0.,0.,-1.));
#2717=DIRECTION('',(0.,1.,0.));
#2718=DIRECTION('',(0.,0.,-1.));
#2719=DIRECTION('',(0.,1.,0.));
#2720=DIRECTION('',(0.,1.,0.));
#2721=DIRECTION('',(0.,0.,-1.));
#2722=DIRECTION('',(0.,1.,0.));
#2723=DIRECTION('',(0.,1.,0.));
#2724=DIRECTION('',(0.,0.,-1.));
#2725=DIRECTION('',(0.,1.,0.));
#2726=DIRECTION('',(0.,1.,0.));
#2727=DIRECTION('',(0.,0.,-1.));
#2728=DIRECTION('',(0.,1.,8.99694478131652E-17));
#2729=DIRECTION('',(0.,1.,8.99694478131652E-17));
#2730=DIRECTION('',(0.,0.,-1.));
#2731=DIRECTION('',(0.,1.,4.49847239065826E-17));
#2732=DIRECTION('',(0.,1.,0.));
#2733=DIRECTION('',(0.,1.,0.));
#2734=DIRECTION('',(0.,0.,-1.));
#2735=DIRECTION('',(0.,-1.,0.));
#2736=DIRECTION('',(0.,1.,0.));
#2737=DIRECTION('',(0.,0.,1.));
#2738=DIRECTION('',(0.,1.,0.));
#2739=DIRECTION('',(0.,0.,1.));
#2740=DIRECTION('',(1.,0.,0.));
#2741=DIRECTION('',(0.,1.,0.));
#2742=DIRECTION('',(0.,0.,1.));
#2743=DIRECTION('',(1.,0.,0.));
#2744=DIRECTION('',(1.,0.,0.));
#2745=DIRECTION('',(-1.,0.,0.));
#2746=DIRECTION('',(0.,0.,1.));
#2747=DIRECTION('',(1.,0.,0.));
#2748=DIRECTION('',(0.,-1.,0.));
#2749=DIRECTION('',(0.,-1.,0.));
#2750=DIRECTION('',(0.,0.,1.));
#2751=DIRECTION('',(1.,0.,0.));
#2752=DIRECTION('',(0.,-1.,0.));
#2753=DIRECTION('',(0.,0.,-1.));
#2754=DIRECTION('',(0.,1.,0.));
#2755=DIRECTION('',(0.,0.,1.));
#2756=DIRECTION('',(0.,0.,1.));
#2757=DIRECTION('',(1.,0.,0.));
#2758=DIRECTION('',(0.,0.,1.));
#2759=DIRECTION('',(1.,0.,0.));
#2760=DIRECTION('',(0.,0.,1.));
#2761=DIRECTION('',(1.,0.,0.));
#2762=DIRECTION('',(0.,0.,1.));
#2763=DIRECTION('',(1.,0.,0.));
#2764=DIRECTION('',(-1.,0.,0.));
#2765=DIRECTION('',(0.,0.,1.));
#2766=DIRECTION('',(0.,-1.,0.));
#2767=DIRECTION('',(-1.,0.,0.));
#2768=DIRECTION('',(0.,0.,1.));
#2769=DIRECTION('',(0.,-1.,0.));
#2770=DIRECTION('',(0.,0.,1.));
#2771=DIRECTION('',(1.,0.,0.));
#2772=DIRECTION('',(-1.,0.,0.));
#2773=DIRECTION('',(0.,0.,1.));
#2774=DIRECTION('',(0.,-1.,0.));
#2775=DIRECTION('',(-1.,0.,0.));
#2776=DIRECTION('',(0.,0.,1.));
#2777=DIRECTION('',(0.,-1.,0.));
#2778=DIRECTION('',(0.,0.,1.));
#2779=DIRECTION('',(1.,0.,0.));
#2780=DIRECTION('',(-1.,0.,0.));
#2781=DIRECTION('',(0.,0.,1.));
#2782=DIRECTION('',(0.,-1.,0.));
#2783=DIRECTION('',(-1.,0.,0.));
#2784=DIRECTION('',(0.,0.,1.));
#2785=DIRECTION('',(0.,-1.,0.));
#2786=DIRECTION('',(0.,0.,1.));
#2787=DIRECTION('',(1.,0.,0.));
#2788=DIRECTION('',(-1.,0.,0.));
#2789=DIRECTION('',(0.,0.,1.));
#2790=DIRECTION('',(0.,-1.,0.));
#2791=DIRECTION('',(-1.,0.,0.));
#2792=DIRECTION('',(0.,0.,1.));
#2793=DIRECTION('',(0.,-1.,0.));
#2794=DIRECTION('',(0.,0.,1.));
#2795=DIRECTION('',(1.,0.,0.));
#2796=DIRECTION('',(-1.,0.,0.));
#2797=DIRECTION('',(0.,0.,1.));
#2798=DIRECTION('',(0.,-1.,0.));
#2799=DIRECTION('',(-1.,0.,0.));
#2800=DIRECTION('',(0.,0.,1.));
#2801=DIRECTION('',(0.,-1.,0.));
#2802=DIRECTION('',(0.,0.,1.));
#2803=DIRECTION('',(1.,0.,0.));
#2804=DIRECTION('',(-1.,0.,0.));
#2805=DIRECTION('',(0.,0.,1.));
#2806=DIRECTION('',(0.,-1.,0.));
#2807=DIRECTION('',(-1.,0.,0.));
#2808=DIRECTION('',(0.,0.,1.));
#2809=DIRECTION('',(0.,-1.,0.));
#2810=DIRECTION('',(0.,0.,1.));
#2811=DIRECTION('',(1.,0.,0.));
#2812=DIRECTION('',(-1.,0.,0.));
#2813=DIRECTION('',(0.,0.,1.));
#2814=DIRECTION('',(0.,-1.,0.));
#2815=DIRECTION('',(-1.,0.,0.));
#2816=DIRECTION('',(0.,0.,1.));
#2817=DIRECTION('',(0.,-1.,0.));
#2818=DIRECTION('',(0.,0.,1.));
#2819=DIRECTION('',(1.,0.,0.));
#2820=DIRECTION('',(-1.,0.,0.));
#2821=DIRECTION('',(0.,0.,1.));
#2822=DIRECTION('',(0.,-1.,0.));
#2823=DIRECTION('',(-1.,0.,0.));
#2824=DIRECTION('',(0.,0.,1.));
#2825=DIRECTION('',(0.,-1.,0.));
#2826=DIRECTION('',(0.,0.,1.));
#2827=DIRECTION('',(1.,0.,0.));
#2828=DIRECTION('',(-1.,0.,0.));
#2829=DIRECTION('',(0.,0.,1.));
#2830=DIRECTION('',(0.,-1.,0.));
#2831=DIRECTION('',(-1.,0.,0.));
#2832=DIRECTION('',(0.,0.,1.));
#2833=DIRECTION('',(0.,-1.,0.));
#2834=DIRECTION('',(0.,0.,1.));
#2835=DIRECTION('',(1.,0.,0.));
#2836=DIRECTION('',(-1.,0.,0.));
#2837=DIRECTION('',(0.,0.,1.));
#2838=DIRECTION('',(0.,-1.,0.));
#2839=DIRECTION('',(-1.,0.,0.));
#2840=DIRECTION('',(0.,0.,1.));
#2841=DIRECTION('',(0.,-1.,0.));
#2842=DIRECTION('',(0.,0.,1.));
#2843=DIRECTION('',(1.,0.,0.));
#2844=DIRECTION('',(0.,-1.,0.));
#2845=DIRECTION('',(0.,0.,-1.));
#2846=DIRECTION('',(-1.,0.,0.));
#2847=DIRECTION('',(-1.,0.,0.));
#2848=DIRECTION('',(0.,4.49847239065826E-17,-1.));
#2849=DIRECTION('',(0.,1.,4.49847239065826E-17));
#2850=DIRECTION('',(0.,-1.,-4.49847239065826E-17));
#2851=DIRECTION('',(0.,8.99694478131652E-17,-1.));
#2852=DIRECTION('',(0.,1.,8.99694478131652E-17));
#2853=DIRECTION('',(0.,-1.,-8.99694478131652E-17));
#2854=DIRECTION('',(-1.,0.,0.));
#2855=DIRECTION('',(0.,-1.,0.));
#2856=DIRECTION('',(0.,-1.,0.));
#2857=DIRECTION('',(0.,0.,-1.));
#2858=DIRECTION('',(-1.,0.,0.));
#2859=DIRECTION('',(-1.,0.,0.));
#2860=DIRECTION('',(0.,0.,-1.));
#2861=DIRECTION('',(-1.,0.,0.));
#2862=DIRECTION('',(0.,-1.,0.));
#2863=DIRECTION('',(0.,8.99694478131652E-17,-1.));
#2864=DIRECTION('',(0.,1.,8.99694478131652E-17));
#2865=DIRECTION('',(0.,-1.,-8.99694478131652E-17));
#2866=DIRECTION('',(-1.,0.,0.));
#2867=DIRECTION('',(0.,-1.,0.));
#2868=DIRECTION('',(0.,-1.,0.));
#2869=DIRECTION('',(0.,0.,-1.));
#2870=DIRECTION('',(-1.,0.,0.));
#2871=DIRECTION('',(-1.,0.,0.));
#2872=DIRECTION('',(0.,0.,-1.));
#2873=DIRECTION('',(-1.,0.,0.));
#2874=DIRECTION('',(0.,-1.,0.));
#2875=DIRECTION('',(0.,0.,-1.));
#2876=DIRECTION('',(-1.,0.,0.));
#2877=DIRECTION('',(0.,-1.,0.));
#2878=DIRECTION('',(-1.,0.,0.));
#2879=DIRECTION('',(0.,-1.,0.));
#2880=DIRECTION('',(0.,-1.,0.));
#2881=DIRECTION('',(0.,0.,-1.));
#2882=DIRECTION('',(-1.,0.,0.));
#2883=DIRECTION('',(-1.,0.,0.));
#2884=DIRECTION('',(0.,0.,-1.));
#2885=DIRECTION('',(-1.,0.,0.));
#2886=DIRECTION('',(0.,-1.,0.));
#2887=DIRECTION('',(0.,0.,-1.));
#2888=DIRECTION('',(-1.,0.,0.));
#2889=DIRECTION('',(0.,-1.,0.));
#2890=DIRECTION('',(-1.,0.,0.));
#2891=DIRECTION('',(0.,-1.,0.));
#2892=DIRECTION('',(0.,-1.,0.));
#2893=DIRECTION('',(0.,0.,-1.));
#2894=DIRECTION('',(-1.,0.,0.));
#2895=DIRECTION('',(-1.,0.,0.));
#2896=DIRECTION('',(0.,0.,-1.));
#2897=DIRECTION('',(-1.,0.,0.));
#2898=DIRECTION('',(0.,-1.,0.));
#2899=DIRECTION('',(0.,0.,-1.));
#2900=DIRECTION('',(-1.,0.,0.));
#2901=DIRECTION('',(0.,-1.,0.));
#2902=DIRECTION('',(-1.,0.,0.));
#2903=DIRECTION('',(0.,-1.,0.));
#2904=DIRECTION('',(0.,-4.49847239065826E-17,-1.));
#2905=DIRECTION('',(0.,1.,-4.49847239065826E-17));
#2906=DIRECTION('',(0.,1.,-4.49847239065826E-17));
#2907=DIRECTION('',(0.,-8.99694478131652E-17,-1.));
#2908=DIRECTION('',(0.,1.,-8.99694478131652E-17));
#2909=DIRECTION('',(0.,1.,-8.99694478131652E-17));
#2910=DIRECTION('',(1.,0.,0.));
#2911=DIRECTION('',(0.,1.,0.));
#2912=DIRECTION('',(0.,0.,-1.));
#2913=DIRECTION('',(-1.,0.,0.));
#2914=DIRECTION('',(0.,1.,0.));
#2915=DIRECTION('',(0.,-8.99694478131652E-17,-1.));
#2916=DIRECTION('',(0.,1.,-8.99694478131652E-17));
#2917=DIRECTION('',(0.,1.,-8.99694478131652E-17));
#2918=DIRECTION('',(1.,0.,0.));
#2919=DIRECTION('',(0.,1.,0.));
#2920=DIRECTION('',(0.,0.,-1.));
#2921=DIRECTION('',(-1.,0.,0.));
#2922=DIRECTION('',(0.,1.,0.));
#2923=DIRECTION('',(0.,0.,-1.));
#2924=DIRECTION('',(-1.,0.,0.));
#2925=DIRECTION('',(0.,1.,0.));
#2926=DIRECTION('',(1.,0.,0.));
#2927=DIRECTION('',(0.,1.,0.));
#2928=DIRECTION('',(0.,0.,-1.));
#2929=DIRECTION('',(-1.,0.,0.));
#2930=DIRECTION('',(0.,1.,0.));
#2931=DIRECTION('',(0.,0.,-1.));
#2932=DIRECTION('',(-1.,0.,0.));
#2933=DIRECTION('',(0.,1.,0.));
#2934=DIRECTION('',(1.,0.,0.));
#2935=DIRECTION('',(0.,1.,0.));
#2936=DIRECTION('',(0.,0.,-1.));
#2937=DIRECTION('',(-1.,0.,0.));
#2938=DIRECTION('',(0.,1.,0.));
#2939=DIRECTION('',(0.,0.,-1.));
#2940=DIRECTION('',(-1.,0.,0.));
#2941=DIRECTION('',(0.,1.,0.));
#2942=DIRECTION('',(1.,0.,0.));
#2943=DIRECTION('',(0.,1.,0.));
#2944=CARTESIAN_POINT('',(0.,0.,0.));
#2945=CARTESIAN_POINT('',(-0.0393825694918633,-0.003,0.));
#2946=CARTESIAN_POINT('',(-0.0393825694918633,0.,0.));
#2947=CARTESIAN_POINT('',(-0.041164773516357,0.,0.));
#2948=CARTESIAN_POINT('',(-0.0412196144461632,0.,0.));
#2949=CARTESIAN_POINT('',(-0.041164773516357,-0.0109710225105286,0.));
#2950=CARTESIAN_POINT('',(-0.041164773516357,-0.003,0.));
#2951=CARTESIAN_POINT('',(-0.0393825694918633,-0.003,0.));
#2952=CARTESIAN_POINT('',(-0.0412196144461632,-0.003,0.));
#2953=CARTESIAN_POINT('',(-0.0412196144461632,-0.003,0.));
#2954=CARTESIAN_POINT('',(-0.0119592426344752,-0.003,0.012483287602663));
#2955=CARTESIAN_POINT('',(-0.0362196144461632,-0.003,0.012483287602663));
#2956=CARTESIAN_POINT('',(-0.0362196144461632,-0.003,0.0249665752053261));
#2957=CARTESIAN_POINT('',(-0.0362196144461632,-0.003,0.0226665752053261));
#2958=CARTESIAN_POINT('',(-0.0362196144461632,-0.003,0.0199665752053261));
#2959=CARTESIAN_POINT('',(-0.0412196144461632,-0.003,0.0199665752053261));
#2960=CARTESIAN_POINT('',(-0.0412196144461632,-0.003,0.012483287602663));
#2961=CARTESIAN_POINT('',(-0.0412196144461632,-0.003,0.019850602170825));
#2962=CARTESIAN_POINT('',(-0.0119592426344752,-0.003,0.019850602170825));
#2963=CARTESIAN_POINT('',(-0.0388196144461632,-0.003,0.019850602170825));
#2964=CARTESIAN_POINT('',(-0.0388196144461632,-0.003,0.012483287602663));
#2965=CARTESIAN_POINT('',(-0.0388196144461632,-0.003,0.0179349658101797));
#2966=CARTESIAN_POINT('',(-0.0119592426344752,-0.003,0.0179349658101797));
#2967=CARTESIAN_POINT('',(-0.0412196144461632,-0.003,0.0179349658101797));
#2968=CARTESIAN_POINT('',(-0.0412196144461632,-0.003,0.012483287602663));
#2969=CARTESIAN_POINT('',(-0.0412196144461632,-0.003,0.0161145603239536));
#2970=CARTESIAN_POINT('',(-0.0119592426344752,-0.003,0.0161145603239536));
#2971=CARTESIAN_POINT('',(-0.0388196144461632,-0.003,0.0161145603239536));
#2972=CARTESIAN_POINT('',(-0.0388196144461632,-0.003,0.012483287602663));
#2973=CARTESIAN_POINT('',(-0.0388196144461632,-0.003,0.0141989239633083));
#2974=CARTESIAN_POINT('',(-0.0119592426344752,-0.003,0.0141989239633083));
#2975=CARTESIAN_POINT('',(-0.0412196144461632,-0.003,0.0141989239633083));
#2976=CARTESIAN_POINT('',(-0.0412196144461632,-0.003,0.012483287602663));
#2977=CARTESIAN_POINT('',(-0.0412196144461632,-0.003,0.0118989239633083));
#2978=CARTESIAN_POINT('',(-0.0119592426344752,-0.003,0.0118989239633083));
#2979=CARTESIAN_POINT('',(-0.0388196144461632,-0.003,0.0118989239633083));
#2980=CARTESIAN_POINT('',(-0.0388196144461632,-0.003,0.012483287602663));
#2981=CARTESIAN_POINT('',(-0.0388196144461632,-0.003,0.00998328760266304));
#2982=CARTESIAN_POINT('',(-0.0119592426344752,-0.003,0.00998328760266304));
#2983=CARTESIAN_POINT('',(-0.0412196144461632,-0.003,0.00998328760266304));
#2984=CARTESIAN_POINT('',(-0.0412196144461632,-0.003,0.012483287602663));
#2985=CARTESIAN_POINT('',(-0.0412196144461632,-0.003,0.00823127272129059));
#2986=CARTESIAN_POINT('',(-0.0119592426344752,-0.003,0.00823127272129059));
#2987=CARTESIAN_POINT('',(-0.0388196144461632,-0.003,0.00823127272129059));
#2988=CARTESIAN_POINT('',(-0.0388196144461632,-0.003,0.012483287602663));
#2989=CARTESIAN_POINT('',(-0.0388196144461632,-0.003,0.0063156363606453));
#2990=CARTESIAN_POINT('',(-0.0119592426344752,-0.003,0.0063156363606453));
#2991=CARTESIAN_POINT('',(-0.0412196144461632,-0.003,0.0063156363606453));
#2992=CARTESIAN_POINT('',(-0.0412196144461632,-0.003,0.012483287602663));
#2993=CARTESIAN_POINT('',(-0.0412196144461632,-0.003,0.00401563636064529));
#2994=CARTESIAN_POINT('',(-0.0119592426344752,-0.003,0.00401563636064529));
#2995=CARTESIAN_POINT('',(-0.0388196144461632,-0.003,0.00401563636064529));
#2996=CARTESIAN_POINT('',(-0.0388196144461632,-0.003,0.012483287602663));
#2997=CARTESIAN_POINT('',(-0.0388196144461632,-0.003,0.0021));
#2998=CARTESIAN_POINT('',(-0.0119592426344752,-0.003,0.0021));
#2999=CARTESIAN_POINT('',(-0.0412196144461632,-0.003,0.0021));
#3000=CARTESIAN_POINT('',(-0.0412196144461632,-0.003,0.012483287602663));
#3001=CARTESIAN_POINT('',(-0.0393825694918633,-0.003,0.));
#3002=CARTESIAN_POINT('',(-0.0375455245375634,-0.003,0.));
#3003=CARTESIAN_POINT('',(-0.0375455245375634,-0.003,0.0112634338438511));
#3004=CARTESIAN_POINT('',(-0.0375455245375634,-0.003,0.0175268676877022));
#3005=CARTESIAN_POINT('',(-0.0325455245375633,-0.003,0.0175268676877022));
#3006=CARTESIAN_POINT('',(-0.0325455245375633,-0.003,0.0225268676877022));
#3007=CARTESIAN_POINT('',(-0.0119602945633233,-0.003,0.0225268676877022));
#3008=CARTESIAN_POINT('',(0.0086249354109168,-0.003,0.0225268676877022));
#3009=CARTESIAN_POINT('',(0.0086249354109168,-0.003,0.0175268676877022));
#3010=CARTESIAN_POINT('',(0.0136249354109168,-0.003,0.0175268676877022));
#3011=CARTESIAN_POINT('',(0.0136249354109168,-0.003,0.0112634338438511));
#3012=CARTESIAN_POINT('',(0.0136249354109168,-0.003,0.));
#3013=CARTESIAN_POINT('',(0.0154630322940647,-0.003,0.));
#3014=CARTESIAN_POINT('',(0.0173011291772127,-0.003,0.));
#3015=CARTESIAN_POINT('',(0.0173011291772127,-0.003,0.012483287602663));
#3016=CARTESIAN_POINT('',(0.0173011375591159,-0.003,0.0021));
#3017=CARTESIAN_POINT('',(-0.0119592426344752,-0.003,0.0021));
#3018=CARTESIAN_POINT('',(0.0149011375591159,-0.003,0.0021));
#3019=CARTESIAN_POINT('',(0.0149011375591159,-0.003,0.012483287602663));
#3020=CARTESIAN_POINT('',(0.0149011375591159,-0.003,0.00401563636064531));
#3021=CARTESIAN_POINT('',(-0.0119592426344752,-0.003,0.00401563636064531));
#3022=CARTESIAN_POINT('',(0.0173011375591159,-0.003,0.00401563636064531));
#3023=CARTESIAN_POINT('',(0.0173011291772127,-0.003,0.012483287602663));
#3024=CARTESIAN_POINT('',(0.0173011375591159,-0.003,0.0063156363606453));
#3025=CARTESIAN_POINT('',(-0.0119592426344752,-0.003,0.0063156363606453));
#3026=CARTESIAN_POINT('',(0.0149011375591159,-0.003,0.0063156363606453));
#3027=CARTESIAN_POINT('',(0.0149011375591159,-0.003,0.012483287602663));
#3028=CARTESIAN_POINT('',(0.0149011375591159,-0.003,0.00823127272129061));
#3029=CARTESIAN_POINT('',(-0.0119592426344752,-0.003,0.00823127272129061));
#3030=CARTESIAN_POINT('',(0.0173011375591159,-0.003,0.00823127272129061));
#3031=CARTESIAN_POINT('',(0.0173011291772127,-0.003,0.012483287602663));
#3032=CARTESIAN_POINT('',(0.0173011375591159,-0.003,0.00998328760266305));
#3033=CARTESIAN_POINT('',(-0.0119592426344752,-0.003,0.00998328760266305));
#3034=CARTESIAN_POINT('',(0.0149011375591159,-0.003,0.00998328760266305));
#3035=CARTESIAN_POINT('',(0.0149011375591159,-0.003,0.012483287602663));
#3036=CARTESIAN_POINT('',(0.0149011375591159,-0.003,0.0118989239633084));
#3037=CARTESIAN_POINT('',(-0.0119592426344752,-0.003,0.0118989239633084));
#3038=CARTESIAN_POINT('',(0.0173011375591159,-0.003,0.0118989239633084));
#3039=CARTESIAN_POINT('',(0.0173011291772127,-0.003,0.012483287602663));
#3040=CARTESIAN_POINT('',(0.0173011375591159,-0.003,0.0141989239633083));
#3041=CARTESIAN_POINT('',(-0.0119592426344752,-0.003,0.0141989239633083));
#3042=CARTESIAN_POINT('',(0.0149011375591159,-0.003,0.0141989239633083));
#3043=CARTESIAN_POINT('',(0.0149011375591159,-0.003,0.012483287602663));
#3044=CARTESIAN_POINT('',(0.0149011375591159,-0.003,0.0161145603239536));
#3045=CARTESIAN_POINT('',(-0.0119592426344752,-0.003,0.0161145603239536));
#3046=CARTESIAN_POINT('',(0.0173011375591159,-0.003,0.0161145603239536));
#3047=CARTESIAN_POINT('',(0.0173011291772127,-0.003,0.012483287602663));
#3048=CARTESIAN_POINT('',(0.0173011375591159,-0.003,0.0179349658101798));
#3049=CARTESIAN_POINT('',(-0.0119592426344752,-0.003,0.0179349658101798));
#3050=CARTESIAN_POINT('',(0.0149011375591159,-0.003,0.0179349658101798));
#3051=CARTESIAN_POINT('',(0.0149011375591159,-0.003,0.012483287602663));
#3052=CARTESIAN_POINT('',(0.0149011375591159,-0.003,0.019850602170825));
#3053=CARTESIAN_POINT('',(-0.0119592426344752,-0.003,0.019850602170825));
#3054=CARTESIAN_POINT('',(0.0173011375591159,-0.003,0.019850602170825));
#3055=CARTESIAN_POINT('',(0.0173011291772127,-0.003,0.012483287602663));
#3056=CARTESIAN_POINT('',(0.0173011291772127,-0.003,0.0199665752053261));
#3057=CARTESIAN_POINT('',(0.0123011291772127,-0.003,0.0199665752053261));
#3058=CARTESIAN_POINT('',(0.0123011291772127,-0.003,0.0249665752053261));
#3059=CARTESIAN_POINT('',(-0.0119592426344752,-0.003,0.0249665752053261));
#3060=CARTESIAN_POINT('',(0.0122619598969817,-0.003,0.0249665752053261));
#3061=CARTESIAN_POINT('',(0.0122619598969817,-0.003,0.012483287602663));
#3062=CARTESIAN_POINT('',(0.0122619598969817,-0.003,0.0226665752053261));
#3063=CARTESIAN_POINT('',(-0.0119592426344752,-0.003,0.0226665752053261));
#3064=CARTESIAN_POINT('',(0.0103463235363364,-0.003,0.0226665752053261));
#3065=CARTESIAN_POINT('',(0.0103463235363364,-0.003,0.012483287602663));
#3066=CARTESIAN_POINT('',(0.0103463235363364,-0.003,0.0249665752053261));
#3067=CARTESIAN_POINT('',(-0.0119592426344752,-0.003,0.0249665752053261));
#3068=CARTESIAN_POINT('',(0.00684632353633643,-0.003,0.0249665752053261));
#3069=CARTESIAN_POINT('',(0.00684632353633643,-0.003,0.012483287602663));
#3070=CARTESIAN_POINT('',(0.00684632353633643,-0.003,0.0226665752053261));
#3071=CARTESIAN_POINT('',(-0.0119592426344752,-0.003,0.0226665752053261));
#3072=CARTESIAN_POINT('',(0.00493068717569113,-0.003,0.0226665752053261));
#3073=CARTESIAN_POINT('',(0.00493068717569113,-0.003,0.012483287602663));
#3074=CARTESIAN_POINT('',(0.00493068717569113,-0.003,0.0249665752053261));
#3075=CARTESIAN_POINT('',(-0.0119592426344752,-0.003,0.0249665752053261));
#3076=CARTESIAN_POINT('',(0.00253068717569113,-0.003,0.0249665752053261));
#3077=CARTESIAN_POINT('',(0.00253068717569113,-0.003,0.012483287602663));
#3078=CARTESIAN_POINT('',(0.00253068717569113,-0.003,0.0226665752053261));
#3079=CARTESIAN_POINT('',(-0.0119592426344752,-0.003,0.0226665752053261));
#3080=CARTESIAN_POINT('',(0.000615050815045835,-0.003,0.0226665752053261));
#3081=CARTESIAN_POINT('',(0.000615050815045835,-0.003,0.012483287602663));
#3082=CARTESIAN_POINT('',(0.000615050815045835,-0.003,0.0249665752053261));
#3083=CARTESIAN_POINT('',(-0.0119592426344752,-0.003,0.0249665752053261));
#3084=CARTESIAN_POINT('',(-0.00288494918495417,-0.003,0.0249665752053261));
#3085=CARTESIAN_POINT('',(-0.00288494918495417,-0.003,0.012483287602663));
#3086=CARTESIAN_POINT('',(-0.00288494918495417,-0.003,0.0226665752053261));
#3087=CARTESIAN_POINT('',(-0.0119592426344752,-0.003,0.0226665752053261));
#3088=CARTESIAN_POINT('',(-0.00480058554559947,-0.003,0.0226665752053261));
#3089=CARTESIAN_POINT('',(-0.00480058554559947,-0.003,0.012483287602663));
#3090=CARTESIAN_POINT('',(-0.00480058554559947,-0.003,0.0249665752053261));
#3091=CARTESIAN_POINT('',(-0.0119592426344752,-0.003,0.0249665752053261));
#3092=CARTESIAN_POINT('',(-0.00810435671359301,-0.003,0.0249665752053261));
#3093=CARTESIAN_POINT('',(-0.00810435671359301,-0.003,0.012483287602663));
#3094=CARTESIAN_POINT('',(-0.00810435671359301,-0.003,0.0226665752053261));
#3095=CARTESIAN_POINT('',(-0.0119592426344752,-0.003,0.0226665752053261));
#3096=CARTESIAN_POINT('',(-0.0100199930742383,-0.003,0.0226665752053261));
#3097=CARTESIAN_POINT('',(-0.0100199930742383,-0.003,0.012483287602663));
#3098=CARTESIAN_POINT('',(-0.0100199930742383,-0.003,0.0249665752053261));
#3099=CARTESIAN_POINT('',(-0.0119592426344752,-0.003,0.0249665752053261));
#3100=CARTESIAN_POINT('',(-0.0135199930742383,-0.003,0.0249665752053261));
#3101=CARTESIAN_POINT('',(-0.0135199930742383,-0.003,0.012483287602663));
#3102=CARTESIAN_POINT('',(-0.0135199930742383,-0.003,0.0226665752053261));
#3103=CARTESIAN_POINT('',(-0.0119592426344752,-0.003,0.0226665752053261));
#3104=CARTESIAN_POINT('',(-0.0154356294348836,-0.003,0.0226665752053261));
#3105=CARTESIAN_POINT('',(-0.0154356294348836,-0.003,0.012483287602663));
#3106=CARTESIAN_POINT('',(-0.0154356294348836,-0.003,0.0249665752053261));
#3107=CARTESIAN_POINT('',(-0.0119592426344752,-0.003,0.0249665752053261));
#3108=CARTESIAN_POINT('',(-0.0182532978355885,-0.003,0.0249665752053261));
#3109=CARTESIAN_POINT('',(-0.0182532978355885,-0.003,0.012483287602663));
#3110=CARTESIAN_POINT('',(-0.0182532978355885,-0.003,0.0226665752053261));
#3111=CARTESIAN_POINT('',(-0.0119592426344752,-0.003,0.0226665752053261));
#3112=CARTESIAN_POINT('',(-0.0201689341962338,-0.003,0.0226665752053261));
#3113=CARTESIAN_POINT('',(-0.0201689341962338,-0.003,0.012483287602663));
#3114=CARTESIAN_POINT('',(-0.0201689341962338,-0.003,0.0249665752053261));
#3115=CARTESIAN_POINT('',(-0.0119592426344752,-0.003,0.0249665752053261));
#3116=CARTESIAN_POINT('',(-0.0236689341962338,-0.003,0.0249665752053261));
#3117=CARTESIAN_POINT('',(-0.0236689341962338,-0.003,0.012483287602663));
#3118=CARTESIAN_POINT('',(-0.0236689341962338,-0.003,0.0226665752053261));
#3119=CARTESIAN_POINT('',(-0.0119592426344752,-0.003,0.0226665752053261));
#3120=CARTESIAN_POINT('',(-0.0255845705568791,-0.003,0.0226665752053261));
#3121=CARTESIAN_POINT('',(-0.0255845705568791,-0.003,0.012483287602663));
#3122=CARTESIAN_POINT('',(-0.0255845705568791,-0.003,0.0249665752053261));
#3123=CARTESIAN_POINT('',(-0.0119592426344752,-0.003,0.0249665752053261));
#3124=CARTESIAN_POINT('',(-0.0288883417248726,-0.003,0.0249665752053261));
#3125=CARTESIAN_POINT('',(-0.0288883417248726,-0.003,0.012483287602663));
#3126=CARTESIAN_POINT('',(-0.0288883417248726,-0.003,0.0226665752053261));
#3127=CARTESIAN_POINT('',(-0.0119592426344752,-0.003,0.0226665752053261));
#3128=CARTESIAN_POINT('',(-0.0308039780855179,-0.003,0.0226665752053261));
#3129=CARTESIAN_POINT('',(-0.0308039780855179,-0.003,0.012483287602663));
#3130=CARTESIAN_POINT('',(-0.0308039780855179,-0.003,0.0249665752053261));
#3131=CARTESIAN_POINT('',(-0.0119592426344752,-0.003,0.0249665752053261));
#3132=CARTESIAN_POINT('',(-0.0343039780855179,-0.003,0.0249665752053261));
#3133=CARTESIAN_POINT('',(-0.0343039780855179,-0.003,0.012483287602663));
#3134=CARTESIAN_POINT('',(-0.0343039780855179,-0.003,0.0226665752053261));
#3135=CARTESIAN_POINT('',(-0.0119592426344752,-0.003,0.0226665752053261));
#3136=CARTESIAN_POINT('',(-0.0375455245375634,-0.003,0.0112634338438511));
#3137=CARTESIAN_POINT('',(-0.0375455245375634,0.,0.0112634338438511));
#3138=CARTESIAN_POINT('',(-0.0375455245375634,0.,-0.002));
#3139=CARTESIAN_POINT('',(-0.0375455245375634,0.,0.0175268676877022));
#3140=CARTESIAN_POINT('',(-0.0375455245375634,-0.003,0.0175268676877022));
#3141=CARTESIAN_POINT('',(-0.0375455245375634,-0.0109710225105286,0.));
#3142=CARTESIAN_POINT('',(-0.0375455245375634,-0.0189590895950794,0.));
#3143=CARTESIAN_POINT('',(-0.0375455245375634,-0.0109710225105286,0.));
#3144=CARTESIAN_POINT('',(-0.0375455245375634,-0.0219420450210571,0.));
#3145=CARTESIAN_POINT('',(-0.0375455245375634,-0.0219420450210571,-0.002));
#3146=CARTESIAN_POINT('',(-0.0375455245375634,-0.0219420450210571,-0.002));
#3147=CARTESIAN_POINT('',(-0.0375455245375634,-0.0109710225105286,-0.002));
#3148=CARTESIAN_POINT('',(-0.0119602945633233,-0.003,0.0225268676877022));
#3149=CARTESIAN_POINT('',(-0.0119602945633233,0.,0.0225268676877022));
#3150=CARTESIAN_POINT('',(0.0086249354109168,0.,0.0225268676877022));
#3151=CARTESIAN_POINT('',(-0.0325455245375633,0.,0.0225268676877022));
#3152=CARTESIAN_POINT('',(0.0086249354109168,-0.003,0.0225268676877022));
#3153=CARTESIAN_POINT('',(-0.0325455245375633,-0.003,0.0225268676877022));
#3154=CARTESIAN_POINT('',(0.0136249354109168,-0.003,0.0112634338438511));
#3155=CARTESIAN_POINT('',(0.0136249354109168,0.,0.0175268676877022));
#3156=CARTESIAN_POINT('',(0.0136249354109168,0.,0.0175268676877022));
#3157=CARTESIAN_POINT('',(0.0136249354109168,0.,0.0112634338438511));
#3158=CARTESIAN_POINT('',(0.0136249354109168,0.,-0.002));
#3159=CARTESIAN_POINT('',(0.0136249354109168,-0.0109710225105286,-0.002));
#3160=CARTESIAN_POINT('',(0.0136249354109168,-0.0219420450210571,-0.002));
#3161=CARTESIAN_POINT('',(0.0136249354109168,-0.0219420450210571,-0.002));
#3162=CARTESIAN_POINT('',(0.0136249354109168,-0.0219420450210571,0.));
#3163=CARTESIAN_POINT('',(0.0136249354109168,-0.0109710225105286,0.));
#3164=CARTESIAN_POINT('',(0.0136249354109168,-0.0189590895950794,0.));
#3165=CARTESIAN_POINT('',(0.0136249354109168,-0.0109710225105286,0.));
#3166=CARTESIAN_POINT('',(0.0173011291772127,-0.003,0.012483287602663));
#3167=CARTESIAN_POINT('',(0.0173011291772127,-0.0109710225105286,0.));
#3168=CARTESIAN_POINT('',(0.0173011291772127,-0.0189590895950794,0.));
#3169=CARTESIAN_POINT('',(0.0173011375591159,-0.0189590895950794,0.025));
#3170=CARTESIAN_POINT('',(0.0173011375591159,-0.0189590895950794,0.0021));
#3171=CARTESIAN_POINT('',(0.0173011375591159,-0.0108184642598033,0.0021));
#3172=CARTESIAN_POINT('',(0.0173011291772127,-0.0109710225105286,-0.002));
#3173=CARTESIAN_POINT('',(0.0173011291772127,0.,-0.002));
#3174=CARTESIAN_POINT('',(0.0173011291772127,-0.0219420450210571,-0.002));
#3175=CARTESIAN_POINT('',(0.0173011291772127,0.,0.012483287602663));
#3176=CARTESIAN_POINT('',(0.0173011291772127,0.,0.0199665752053261));
#3177=CARTESIAN_POINT('',(0.0173011291772127,-0.003,0.0199665752053261));
#3178=CARTESIAN_POINT('',(0.0173011375591159,-0.0108533155634999,0.019850602170825));
#3179=CARTESIAN_POINT('',(0.0173011375591159,-0.0189590895950794,0.019850602170825));
#3180=CARTESIAN_POINT('',(0.0173011375591159,-0.0189590895950794,0.025));
#3181=CARTESIAN_POINT('',(0.0173011375591159,-0.0189590895950794,0.02));
#3182=CARTESIAN_POINT('',(0.0173011375591159,-0.0204505673080683,0.02));
#3183=CARTESIAN_POINT('',(0.0173011375591159,-0.0219420450210571,0.02));
#3184=CARTESIAN_POINT('',(0.0173011375591159,-0.0219420450210571,0.025));
#3185=CARTESIAN_POINT('',(0.0173011375591159,-0.0108184642598033,0.00401563636064531));
#3186=CARTESIAN_POINT('',(0.0173011375591159,-0.0189590895950794,0.00401563636064531));
#3187=CARTESIAN_POINT('',(0.0173011375591159,-0.0189590895950794,0.025));
#3188=CARTESIAN_POINT('',(0.0173011375591159,-0.0189590895950794,0.00631563636064531));
#3189=CARTESIAN_POINT('',(0.0173011375591159,-0.0108184642598033,0.00631563636064531));
#3190=CARTESIAN_POINT('',(0.0173011375591159,-0.0108184642598033,0.00823127272129061));
#3191=CARTESIAN_POINT('',(0.0173011375591159,-0.0189590895950794,0.00823127272129061));
#3192=CARTESIAN_POINT('',(0.0173011375591159,-0.0189590895950794,0.025));
#3193=CARTESIAN_POINT('',(0.0173011375591159,-0.0189590895950794,0.00998328760266305));
#3194=CARTESIAN_POINT('',(0.0173011375591159,-0.0108533155634999,0.00998328760266305));
#3195=CARTESIAN_POINT('',(0.0173011375591159,-0.0108533155634999,0.0118989239633084));
#3196=CARTESIAN_POINT('',(0.0173011375591159,-0.0189590895950794,0.0118989239633084));
#3197=CARTESIAN_POINT('',(0.0173011375591159,-0.0189590895950794,0.025));
#3198=CARTESIAN_POINT('',(0.0173011375591159,-0.0189590895950794,0.0141989239633083));
#3199=CARTESIAN_POINT('',(0.0173011375591159,-0.0108533155634999,0.0141989239633083));
#3200=CARTESIAN_POINT('',(0.0173011375591159,-0.0108533155634999,0.0161145603239536));
#3201=CARTESIAN_POINT('',(0.0173011375591159,-0.0189590895950794,0.0161145603239536));
#3202=CARTESIAN_POINT('',(0.0173011375591159,-0.0189590895950794,0.025));
#3203=CARTESIAN_POINT('',(0.0173011375591159,-0.0189590895950794,0.0179349658101798));
#3204=CARTESIAN_POINT('',(0.0173011375591159,-0.0108533155634999,0.0179349658101798));
#3205=CARTESIAN_POINT('',(-0.0119592426344752,-0.003,0.0249665752053261));
#3206=CARTESIAN_POINT('',(-0.0362196144461632,-0.003,0.0249665752053261));
#3207=CARTESIAN_POINT('',(-0.0362196144461632,0.,0.0249665752053261));
#3208=CARTESIAN_POINT('',(-0.0362196144461632,-0.0111406253352761,0.0249665752053261));
#3209=CARTESIAN_POINT('',(-0.0362196144461632,-0.0189590895950794,0.0249665752053261));
#3210=CARTESIAN_POINT('',(-0.0119318179786205,-0.0189590895950794,0.0249665752053261));
#3211=CARTESIAN_POINT('',(-0.0343039780855179,-0.0189590895950794,0.0249665752053261));
#3212=CARTESIAN_POINT('',(-0.0343039780855179,-0.0111406253352761,0.0249665752053261));
#3213=CARTESIAN_POINT('',(-0.0308039780855179,-0.0111406253352761,0.0249665752053261));
#3214=CARTESIAN_POINT('',(-0.0308039780855179,-0.0189590895950794,0.0249665752053261));
#3215=CARTESIAN_POINT('',(-0.0119318179786205,-0.0189590895950794,0.0249665752053261));
#3216=CARTESIAN_POINT('',(-0.0288883417248726,-0.0189590895950794,0.0249665752053261));
#3217=CARTESIAN_POINT('',(-0.0288883417248726,-0.0111406253352761,0.0249665752053261));
#3218=CARTESIAN_POINT('',(-0.0255845705568791,-0.0111406253352761,0.0249665752053261));
#3219=CARTESIAN_POINT('',(-0.0255845705568791,-0.0189590895950794,0.0249665752053261));
#3220=CARTESIAN_POINT('',(-0.0119318179786205,-0.0189590895950794,0.0249665752053261));
#3221=CARTESIAN_POINT('',(-0.0236689341962338,-0.0189590895950794,0.0249665752053261));
#3222=CARTESIAN_POINT('',(-0.0236689341962338,-0.0111406253352761,0.0249665752053261));
#3223=CARTESIAN_POINT('',(-0.0201689341962338,-0.0111406253352761,0.0249665752053261));
#3224=CARTESIAN_POINT('',(-0.0201689341962338,-0.0189590895950794,0.0249665752053261));
#3225=CARTESIAN_POINT('',(-0.0119318179786205,-0.0189590895950794,0.0249665752053261));
#3226=CARTESIAN_POINT('',(-0.0182532978355885,-0.0189590895950794,0.0249665752053261));
#3227=CARTESIAN_POINT('',(-0.0182532978355885,-0.0111406253352761,0.0249665752053261));
#3228=CARTESIAN_POINT('',(-0.0154356294348836,-0.0111406253352761,0.0249665752053261));
#3229=CARTESIAN_POINT('',(-0.0154356294348836,-0.0189590895950794,0.0249665752053261));
#3230=CARTESIAN_POINT('',(-0.0119318179786205,-0.0189590895950794,0.0249665752053261));
#3231=CARTESIAN_POINT('',(-0.0135199930742383,-0.0189590895950794,0.0249665752053261));
#3232=CARTESIAN_POINT('',(-0.0135199930742383,-0.0111406253352761,0.0249665752053261));
#3233=CARTESIAN_POINT('',(-0.0100199930742383,-0.0111406253352761,0.0249665752053261));
#3234=CARTESIAN_POINT('',(-0.0100199930742383,-0.0189590895950794,0.0249665752053261));
#3235=CARTESIAN_POINT('',(-0.0119318179786205,-0.0189590895950794,0.0249665752053261));
#3236=CARTESIAN_POINT('',(-0.00810435671359301,-0.0189590895950794,0.0249665752053261));
#3237=CARTESIAN_POINT('',(-0.00810435671359301,-0.0111406253352761,0.0249665752053261));
#3238=CARTESIAN_POINT('',(-0.00480058554559947,-0.0111406253352761,0.0249665752053261));
#3239=CARTESIAN_POINT('',(-0.00480058554559947,-0.0189590895950794,0.0249665752053261));
#3240=CARTESIAN_POINT('',(-0.0119318179786205,-0.0189590895950794,0.0249665752053261));
#3241=CARTESIAN_POINT('',(-0.00288494918495417,-0.0189590895950794,0.0249665752053261));
#3242=CARTESIAN_POINT('',(-0.00288494918495417,-0.0111406253352761,0.0249665752053261));
#3243=CARTESIAN_POINT('',(0.000615050815045835,-0.0111406253352761,0.0249665752053261));
#3244=CARTESIAN_POINT('',(0.000615050815045835,-0.0189590895950794,0.0249665752053261));
#3245=CARTESIAN_POINT('',(-0.0119318179786205,-0.0189590895950794,0.0249665752053261));
#3246=CARTESIAN_POINT('',(0.00253068717569113,-0.0189590895950794,0.0249665752053261));
#3247=CARTESIAN_POINT('',(0.00253068717569113,-0.0111406253352761,0.0249665752053261));
#3248=CARTESIAN_POINT('',(0.00493068717569113,-0.0111406253352761,0.0249665752053261));
#3249=CARTESIAN_POINT('',(0.00493068717569113,-0.0189590895950794,0.0249665752053261));
#3250=CARTESIAN_POINT('',(-0.0119318179786205,-0.0189590895950794,0.0249665752053261));
#3251=CARTESIAN_POINT('',(0.00684632353633643,-0.0189590895950794,0.0249665752053261));
#3252=CARTESIAN_POINT('',(0.00684632353633643,-0.0111406253352761,0.0249665752053261));
#3253=CARTESIAN_POINT('',(0.0103463235363364,-0.0111406253352761,0.0249665752053261));
#3254=CARTESIAN_POINT('',(0.0103463235363364,-0.0189590895950794,0.0249665752053261));
#3255=CARTESIAN_POINT('',(-0.0119318179786205,-0.0189590895950794,0.0249665752053261));
#3256=CARTESIAN_POINT('',(0.0122619598969817,-0.0189590895950794,0.0249665752053261));
#3257=CARTESIAN_POINT('',(0.0122619598969817,-0.0111406253352761,0.0249665752053261));
#3258=CARTESIAN_POINT('',(0.0123011291772127,-0.003,0.0249665752053261));
#3259=CARTESIAN_POINT('',(0.0123011291772127,0.,0.0249665752053261));
#3260=CARTESIAN_POINT('',(-0.0119592426344752,0.,0.0249665752053261));
#3261=CARTESIAN_POINT('',(-0.0412196144461632,-0.003,0.012483287602663));
#3262=CARTESIAN_POINT('',(-0.0412196144461632,-0.0110754766389728,0.0021));
#3263=CARTESIAN_POINT('',(-0.0412196144461632,-0.0207161019742489,0.0021));
#3264=CARTESIAN_POINT('',(-0.0412196144461632,-0.0207161019742489,0.00305781818032265));
#3265=CARTESIAN_POINT('',(-0.0412196144461632,-0.0207161019742489,0.00401563636064529));
#3266=CARTESIAN_POINT('',(-0.0412196144461632,-0.0110754766389728,0.00401563636064529));
#3267=CARTESIAN_POINT('',(-0.0412196144461632,-0.0110754766389728,0.0063156363606453));
#3268=CARTESIAN_POINT('',(-0.0412196144461632,-0.0207161019742489,0.0063156363606453));
#3269=CARTESIAN_POINT('',(-0.0412196144461632,-0.0207161019742489,0.00727345454096794));
#3270=CARTESIAN_POINT('',(-0.0412196144461632,-0.0207161019742489,0.00823127272129059));
#3271=CARTESIAN_POINT('',(-0.0412196144461632,-0.0110754766389728,0.00823127272129059));
#3272=CARTESIAN_POINT('',(-0.0412196144461632,-0.0110406253352761,0.00998328760266304));
#3273=CARTESIAN_POINT('',(-0.0412196144461632,-0.0206812506705523,0.00998328760266304));
#3274=CARTESIAN_POINT('',(-0.0412196144461632,-0.0206812506705523,0.0109411057829857));
#3275=CARTESIAN_POINT('',(-0.0412196144461632,-0.0206812506705523,0.0118989239633083));
#3276=CARTESIAN_POINT('',(-0.0412196144461632,-0.0110406253352761,0.0118989239633083));
#3277=CARTESIAN_POINT('',(-0.0412196144461632,-0.0110406253352761,0.0141989239633083));
#3278=CARTESIAN_POINT('',(-0.0412196144461632,-0.0206812506705523,0.0141989239633083));
#3279=CARTESIAN_POINT('',(-0.0412196144461632,-0.0206812506705523,0.015156742143631));
#3280=CARTESIAN_POINT('',(-0.0412196144461632,-0.0206812506705523,0.0161145603239536));
#3281=CARTESIAN_POINT('',(-0.0412196144461632,-0.0110406253352761,0.0161145603239536));
#3282=CARTESIAN_POINT('',(-0.0412196144461632,-0.0110406253352761,0.0179349658101797));
#3283=CARTESIAN_POINT('',(-0.0412196144461632,-0.0206812506705523,0.0179349658101797));
#3284=CARTESIAN_POINT('',(-0.0412196144461632,-0.0206812506705523,0.0188927839905024));
#3285=CARTESIAN_POINT('',(-0.0412196144461632,-0.0206812506705523,0.019850602170825));
#3286=CARTESIAN_POINT('',(-0.0412196144461632,-0.0110406253352761,0.019850602170825));
#3287=CARTESIAN_POINT('',(-0.0412196144461632,0.,0.0199665752053261));
#3288=CARTESIAN_POINT('',(-0.0412196144461632,0.,0.0199665752053261));
#3289=CARTESIAN_POINT('',(-0.0412196144461632,0.,0.012483287602663));
#3290=CARTESIAN_POINT('',(-0.0119592426344752,0.,0.012483287602663));
#3291=CARTESIAN_POINT('',(-0.0362196144461632,0.,0.0199665752053261));
#3292=CARTESIAN_POINT('',(0.0123011291772127,0.,0.0199665752053261));
#3293=CARTESIAN_POINT('',(0.0154630322940647,0.,-0.002));
#3294=CARTESIAN_POINT('',(0.0086249354109168,0.,0.0175268676877022));
#3295=CARTESIAN_POINT('',(-0.0325455245375633,0.,0.0175268676877022));
#3296=CARTESIAN_POINT('',(-0.0393551490269601,0.,-0.002));
#3297=CARTESIAN_POINT('',(-0.041164773516357,0.,-0.002));
#3298=CARTESIAN_POINT('',(-0.041164773516357,0.,-0.002));
#3299=CARTESIAN_POINT('',(0.0086249354109168,-0.003,0.0175268676877022));
#3300=CARTESIAN_POINT('',(-0.0325455245375633,-0.003,0.0175268676877022));
#3301=CARTESIAN_POINT('',(-0.0362196144461632,-0.003,0.0199665752053261));
#3302=CARTESIAN_POINT('',(0.0123011291772127,-0.003,0.0199665752053261));
#3303=CARTESIAN_POINT('',(-0.0119318179786205,-0.0189590895950794,0.025));
#3304=CARTESIAN_POINT('',(-0.0362196144461632,-0.0189590895950794,0.025));
#3305=CARTESIAN_POINT('',(-0.0362196144461632,-0.0189590895950794,0.0226665752053261));
#3306=CARTESIAN_POINT('',(-0.0119318179786205,-0.0189590895950794,0.0226665752053261));
#3307=CARTESIAN_POINT('',(-0.0343039780855179,-0.0189590895950794,0.0226665752053261));
#3308=CARTESIAN_POINT('',(-0.0343039780855179,-0.0189590895950794,0.025));
#3309=CARTESIAN_POINT('',(-0.0308039780855179,-0.0189590895950794,0.025));
#3310=CARTESIAN_POINT('',(-0.0308039780855179,-0.0189590895950794,0.0226665752053261));
#3311=CARTESIAN_POINT('',(-0.0119318179786205,-0.0189590895950794,0.0226665752053261));
#3312=CARTESIAN_POINT('',(-0.0288883417248726,-0.0189590895950794,0.0226665752053261));
#3313=CARTESIAN_POINT('',(-0.0288883417248726,-0.0189590895950794,0.025));
#3314=CARTESIAN_POINT('',(-0.0255845705568791,-0.0189590895950794,0.025));
#3315=CARTESIAN_POINT('',(-0.0255845705568791,-0.0189590895950794,0.0226665752053261));
#3316=CARTESIAN_POINT('',(-0.0119318179786205,-0.0189590895950794,0.0226665752053261));
#3317=CARTESIAN_POINT('',(-0.0236689341962338,-0.0189590895950794,0.0226665752053261));
#3318=CARTESIAN_POINT('',(-0.0236689341962338,-0.0189590895950794,0.025));
#3319=CARTESIAN_POINT('',(-0.0201689341962338,-0.0189590895950794,0.025));
#3320=CARTESIAN_POINT('',(-0.0201689341962338,-0.0189590895950794,0.0226665752053261));
#3321=CARTESIAN_POINT('',(-0.0119318179786205,-0.0189590895950794,0.0226665752053261));
#3322=CARTESIAN_POINT('',(-0.0182532978355885,-0.0189590895950794,0.0226665752053261));
#3323=CARTESIAN_POINT('',(-0.0182532978355885,-0.0189590895950794,0.025));
#3324=CARTESIAN_POINT('',(-0.0154356294348836,-0.0189590895950794,0.025));
#3325=CARTESIAN_POINT('',(-0.0154356294348836,-0.0189590895950794,0.0226665752053261));
#3326=CARTESIAN_POINT('',(-0.0119318179786205,-0.0189590895950794,0.0226665752053261));
#3327=CARTESIAN_POINT('',(-0.0135199930742383,-0.0189590895950794,0.0226665752053261));
#3328=CARTESIAN_POINT('',(-0.0135199930742383,-0.0189590895950794,0.025));
#3329=CARTESIAN_POINT('',(-0.0100199930742383,-0.0189590895950794,0.025));
#3330=CARTESIAN_POINT('',(-0.0100199930742383,-0.0189590895950794,0.0226665752053261));
#3331=CARTESIAN_POINT('',(-0.0119318179786205,-0.0189590895950794,0.0226665752053261));
#3332=CARTESIAN_POINT('',(-0.00810435671359301,-0.0189590895950794,0.0226665752053261));
#3333=CARTESIAN_POINT('',(-0.00810435671359301,-0.0189590895950794,0.025));
#3334=CARTESIAN_POINT('',(-0.00480058554559947,-0.0189590895950794,0.025));
#3335=CARTESIAN_POINT('',(-0.00480058554559947,-0.0189590895950794,0.0226665752053261));
#3336=CARTESIAN_POINT('',(-0.0119318179786205,-0.0189590895950794,0.0226665752053261));
#3337=CARTESIAN_POINT('',(-0.00288494918495417,-0.0189590895950794,0.0226665752053261));
#3338=CARTESIAN_POINT('',(-0.00288494918495417,-0.0189590895950794,0.025));
#3339=CARTESIAN_POINT('',(0.000615050815045835,-0.0189590895950794,0.025));
#3340=CARTESIAN_POINT('',(0.000615050815045835,-0.0189590895950794,0.0226665752053261));
#3341=CARTESIAN_POINT('',(-0.0119318179786205,-0.0189590895950794,0.0226665752053261));
#3342=CARTESIAN_POINT('',(0.00253068717569113,-0.0189590895950794,0.0226665752053261));
#3343=CARTESIAN_POINT('',(0.00253068717569113,-0.0189590895950794,0.025));
#3344=CARTESIAN_POINT('',(0.00493068717569113,-0.0189590895950794,0.025));
#3345=CARTESIAN_POINT('',(0.00493068717569113,-0.0189590895950794,0.0226665752053261));
#3346=CARTESIAN_POINT('',(-0.0119318179786205,-0.0189590895950794,0.0226665752053261));
#3347=CARTESIAN_POINT('',(0.00684632353633643,-0.0189590895950794,0.0226665752053261));
#3348=CARTESIAN_POINT('',(0.00684632353633643,-0.0189590895950794,0.025));
#3349=CARTESIAN_POINT('',(0.0103463235363364,-0.0189590895950794,0.025));
#3350=CARTESIAN_POINT('',(0.0103463235363364,-0.0189590895950794,0.0226665752053261));
#3351=CARTESIAN_POINT('',(-0.0119318179786205,-0.0189590895950794,0.0226665752053261));
#3352=CARTESIAN_POINT('',(0.0122619598969817,-0.0189590895950794,0.0226665752053261));
#3353=CARTESIAN_POINT('',(0.0122619598969817,-0.0189590895950794,0.025));
#3354=CARTESIAN_POINT('',(-0.0119318179786205,-0.0189590895950794,0.019850602170825));
#3355=CARTESIAN_POINT('',(0.0149011375591159,-0.0189590895950794,0.019850602170825));
#3356=CARTESIAN_POINT('',(0.0149011375591159,-0.0189590895950794,0.025));
#3357=CARTESIAN_POINT('',(0.0149011375591159,-0.0189590895950794,0.0179349658101798));
#3358=CARTESIAN_POINT('',(-0.0119318179786205,-0.0189590895950794,0.0179349658101798));
#3359=CARTESIAN_POINT('',(-0.0119318179786205,-0.0189590895950794,0.0161145603239536));
#3360=CARTESIAN_POINT('',(0.0149011375591159,-0.0189590895950794,0.0161145603239536));
#3361=CARTESIAN_POINT('',(0.0149011375591159,-0.0189590895950794,0.025));
#3362=CARTESIAN_POINT('',(0.0149011375591159,-0.0189590895950794,0.0141989239633083));
#3363=CARTESIAN_POINT('',(-0.0119318179786205,-0.0189590895950794,0.0141989239633083));
#3364=CARTESIAN_POINT('',(-0.0119318179786205,-0.0189590895950794,0.0118989239633084));
#3365=CARTESIAN_POINT('',(0.0149011375591159,-0.0189590895950794,0.0118989239633084));
#3366=CARTESIAN_POINT('',(0.0149011375591159,-0.0189590895950794,0.025));
#3367=CARTESIAN_POINT('',(0.0149011375591159,-0.0189590895950794,0.00998328760266305));
#3368=CARTESIAN_POINT('',(-0.0119318179786205,-0.0189590895950794,0.00998328760266305));
#3369=CARTESIAN_POINT('',(-0.0119318179786205,-0.0189590895950794,0.00823127272129061));
#3370=CARTESIAN_POINT('',(0.0149011375591159,-0.0189590895950794,0.00823127272129061));
#3371=CARTESIAN_POINT('',(0.0149011375591159,-0.0189590895950794,0.025));
#3372=CARTESIAN_POINT('',(0.0149011375591159,-0.0189590895950794,0.00631563636064532));
#3373=CARTESIAN_POINT('',(-0.0119318179786205,-0.0189590895950794,0.00631563636064531));
#3374=CARTESIAN_POINT('',(-0.0119318179786205,-0.0189590895950794,0.00401563636064531));
#3375=CARTESIAN_POINT('',(0.0149011375591159,-0.0189590895950794,0.00401563636064531));
#3376=CARTESIAN_POINT('',(0.0149011375591159,-0.0189590895950794,0.025));
#3377=CARTESIAN_POINT('',(0.0149011375591159,-0.0189590895950794,0.0021));
#3378=CARTESIAN_POINT('',(-0.0119318179786205,-0.0189590895950794,0.0021));
#3379=CARTESIAN_POINT('',(-0.0119318179786205,-0.0189590895950794,0.));
#3380=CARTESIAN_POINT('',(-0.0119318179786205,-0.0189590895950794,0.));
#3381=CARTESIAN_POINT('',(-0.0119318179786205,-0.0189590895950794,0.));
#3382=CARTESIAN_POINT('',(-0.041164773516357,-0.0189590895950794,0.));
#3383=CARTESIAN_POINT('',(-0.041164773516357,-0.0189590895950794,0.025));
#3384=CARTESIAN_POINT('',(-0.041164773516357,-0.0189590895950794,0.0021));
#3385=CARTESIAN_POINT('',(-0.0119318179786205,-0.0189590895950794,0.0021));
#3386=CARTESIAN_POINT('',(-0.0388196144461632,-0.0189590895950794,0.0021));
#3387=CARTESIAN_POINT('',(-0.0388196144461632,-0.0189590895950794,0.025));
#3388=CARTESIAN_POINT('',(-0.0388196144461632,-0.0189590895950794,0.00401563636064529));
#3389=CARTESIAN_POINT('',(-0.0119318179786205,-0.0189590895950794,0.00401563636064529));
#3390=CARTESIAN_POINT('',(-0.041164773516357,-0.0189590895950794,0.00401563636064529));
#3391=CARTESIAN_POINT('',(-0.041164773516357,-0.0189590895950794,0.025));
#3392=CARTESIAN_POINT('',(-0.041164773516357,-0.0189590895950794,0.00631563636064529));
#3393=CARTESIAN_POINT('',(-0.0119318179786205,-0.0189590895950794,0.00631563636064529));
#3394=CARTESIAN_POINT('',(-0.0388196144461632,-0.0189590895950794,0.00631563636064529));
#3395=CARTESIAN_POINT('',(-0.0388196144461632,-0.0189590895950794,0.025));
#3396=CARTESIAN_POINT('',(-0.0388196144461632,-0.0189590895950794,0.00823127272129059));
#3397=CARTESIAN_POINT('',(-0.0119318179786205,-0.0189590895950794,0.00823127272129059));
#3398=CARTESIAN_POINT('',(-0.041164773516357,-0.0189590895950794,0.00823127272129059));
#3399=CARTESIAN_POINT('',(-0.041164773516357,-0.0189590895950794,0.025));
#3400=CARTESIAN_POINT('',(-0.041164773516357,-0.0189590895950794,0.00998328760266304));
#3401=CARTESIAN_POINT('',(-0.0119318179786205,-0.0189590895950794,0.00998328760266304));
#3402=CARTESIAN_POINT('',(-0.0388196144461632,-0.0189590895950794,0.00998328760266304));
#3403=CARTESIAN_POINT('',(-0.0388196144461632,-0.0189590895950794,0.025));
#3404=CARTESIAN_POINT('',(-0.0388196144461632,-0.0189590895950794,0.0118989239633083));
#3405=CARTESIAN_POINT('',(-0.0119318179786205,-0.0189590895950794,0.0118989239633083));
#3406=CARTESIAN_POINT('',(-0.041164773516357,-0.0189590895950794,0.0118989239633083));
#3407=CARTESIAN_POINT('',(-0.041164773516357,-0.0189590895950794,0.025));
#3408=CARTESIAN_POINT('',(-0.041164773516357,-0.0189590895950794,0.0141989239633083));
#3409=CARTESIAN_POINT('',(-0.0119318179786205,-0.0189590895950794,0.0141989239633083));
#3410=CARTESIAN_POINT('',(-0.0388196144461632,-0.0189590895950794,0.0141989239633083));
#3411=CARTESIAN_POINT('',(-0.0388196144461632,-0.0189590895950794,0.025));
#3412=CARTESIAN_POINT('',(-0.0388196144461632,-0.0189590895950794,0.0161145603239536));
#3413=CARTESIAN_POINT('',(-0.0119318179786205,-0.0189590895950794,0.0161145603239536));
#3414=CARTESIAN_POINT('',(-0.041164773516357,-0.0189590895950794,0.0161145603239536));
#3415=CARTESIAN_POINT('',(-0.041164773516357,-0.0189590895950794,0.025));
#3416=CARTESIAN_POINT('',(-0.041164773516357,-0.0189590895950794,0.0179349658101797));
#3417=CARTESIAN_POINT('',(-0.0119318179786205,-0.0189590895950794,0.0179349658101797));
#3418=CARTESIAN_POINT('',(-0.0388196144461632,-0.0189590895950794,0.0179349658101797));
#3419=CARTESIAN_POINT('',(-0.0388196144461632,-0.0189590895950794,0.025));
#3420=CARTESIAN_POINT('',(-0.0388196144461632,-0.0189590895950794,0.019850602170825));
#3421=CARTESIAN_POINT('',(-0.0119318179786205,-0.0189590895950794,0.019850602170825));
#3422=CARTESIAN_POINT('',(-0.041164773516357,-0.0189590895950794,0.019850602170825));
#3423=CARTESIAN_POINT('',(-0.041164773516357,-0.0189590895950794,0.025));
#3424=CARTESIAN_POINT('',(-0.041164773516357,-0.0189590895950794,0.02));
#3425=CARTESIAN_POINT('',(-0.0361647735163569,-0.0189590895950794,0.02));
#3426=CARTESIAN_POINT('',(-0.0361647735163569,-0.0189590895950794,0.025));
#3427=CARTESIAN_POINT('',(-0.0119318179786205,-0.0189590895950794,0.025));
#3428=CARTESIAN_POINT('',(0.0123011375591159,-0.0189590895950794,0.025));
#3429=CARTESIAN_POINT('',(0.0123011375591159,-0.0189590895950794,0.02));
#3430=CARTESIAN_POINT('',(-0.041164773516357,-0.0204505673080683,0.025));
#3431=CARTESIAN_POINT('',(-0.041164773516357,-0.0204505673080683,0.019850602170825));
#3432=CARTESIAN_POINT('',(-0.041164773516357,-0.0206812506705523,0.019850602170825));
#3433=CARTESIAN_POINT('',(-0.041164773516357,-0.0206812506705523,0.025));
#3434=CARTESIAN_POINT('',(-0.041164773516357,-0.0206812506705523,0.0179349658101797));
#3435=CARTESIAN_POINT('',(-0.041164773516357,-0.0204505673080683,0.0179349658101797));
#3436=CARTESIAN_POINT('',(-0.041164773516357,-0.0204505673080683,0.0161145603239536));
#3437=CARTESIAN_POINT('',(-0.041164773516357,-0.0206812506705523,0.0161145603239536));
#3438=CARTESIAN_POINT('',(-0.041164773516357,-0.0206812506705523,0.025));
#3439=CARTESIAN_POINT('',(-0.041164773516357,-0.0206812506705523,0.0141989239633083));
#3440=CARTESIAN_POINT('',(-0.041164773516357,-0.0204505673080683,0.0141989239633083));
#3441=CARTESIAN_POINT('',(-0.041164773516357,-0.0204505673080683,0.0118989239633083));
#3442=CARTESIAN_POINT('',(-0.041164773516357,-0.0206812506705523,0.0118989239633083));
#3443=CARTESIAN_POINT('',(-0.041164773516357,-0.0206812506705523,0.025));
#3444=CARTESIAN_POINT('',(-0.041164773516357,-0.0206812506705523,0.00998328760266304));
#3445=CARTESIAN_POINT('',(-0.041164773516357,-0.0204505673080683,0.00998328760266304));
#3446=CARTESIAN_POINT('',(-0.041164773516357,-0.0204505673080683,0.00823127272129059));
#3447=CARTESIAN_POINT('',(-0.041164773516357,-0.0207161019742489,0.00823127272129059));
#3448=CARTESIAN_POINT('',(-0.041164773516357,-0.0207161019742489,0.025));
#3449=CARTESIAN_POINT('',(-0.041164773516357,-0.0207161019742489,0.0063156363606453));
#3450=CARTESIAN_POINT('',(-0.041164773516357,-0.0204505673080683,0.00631563636064529));
#3451=CARTESIAN_POINT('',(-0.041164773516357,-0.0204505673080683,0.00401563636064529));
#3452=CARTESIAN_POINT('',(-0.041164773516357,-0.0207161019742489,0.00401563636064529));
#3453=CARTESIAN_POINT('',(-0.041164773516357,-0.0207161019742489,0.025));
#3454=CARTESIAN_POINT('',(-0.041164773516357,-0.0207161019742489,0.0021));
#3455=CARTESIAN_POINT('',(-0.041164773516357,-0.0204505673080683,0.0021));
#3456=CARTESIAN_POINT('',(-0.041164773516357,-0.0109710225105286,0.));
#3457=CARTESIAN_POINT('',(-0.041164773516357,-0.0109710225105286,-0.002));
#3458=CARTESIAN_POINT('',(-0.041164773516357,-0.0219420450210571,-0.002));
#3459=CARTESIAN_POINT('',(-0.041164773516357,-0.0219420450210571,0.025));
#3460=CARTESIAN_POINT('',(-0.041164773516357,-0.0219420450210571,0.02));
#3461=CARTESIAN_POINT('',(-0.041164773516357,-0.0189590895950794,0.02));
#3462=CARTESIAN_POINT('',(-0.0119318179786205,-0.0219420450210571,0.025));
#3463=CARTESIAN_POINT('',(0.0123011375591159,-0.0219420450210571,0.02));
#3464=CARTESIAN_POINT('',(0.0123011375591159,-0.0219420450210571,0.025));
#3465=CARTESIAN_POINT('',(-0.0119318179786205,-0.0219420450210571,0.025));
#3466=CARTESIAN_POINT('',(-0.0361647735163569,-0.0219420450210571,0.025));
#3467=CARTESIAN_POINT('',(-0.0361647735163569,-0.0219420450210571,0.02));
#3468=CARTESIAN_POINT('',(-0.0393551490269601,-0.0219420450210571,-0.002));
#3469=CARTESIAN_POINT('',(-0.0119318179786205,-0.0219420450210571,0.));
#3470=CARTESIAN_POINT('',(0.0154630322940647,-0.0219420450210571,-0.002));
#3471=CARTESIAN_POINT('',(-0.0119318179786205,-0.0204505673080683,0.025));
#3472=CARTESIAN_POINT('',(0.0123011375591159,-0.0204505673080683,0.025));
#3473=CARTESIAN_POINT('',(-0.0361647735163569,-0.0219420450210571,0.025));
#3474=CARTESIAN_POINT('',(-0.0119318179786205,-0.0204505673080683,0.));
#3475=CARTESIAN_POINT('',(0.0123011375591159,-0.0204505673080683,0.02));
#3476=CARTESIAN_POINT('',(-0.0361647735163569,-0.0204505673080683,0.02));
#3477=CARTESIAN_POINT('',(-0.0119318221695721,-0.0109710225105286,-0.002));
#3478=CARTESIAN_POINT('',(-0.0119318221695721,-0.0109710225105286,0.));
#3479=CARTESIAN_POINT('',(-0.0119318221695721,-0.0109710225105286,-0.002));
#3480=CARTESIAN_POINT('',(-0.0119318221695721,-0.0109710225105286,0.));
#3481=CARTESIAN_POINT('',(-0.0362196144461632,-0.0111406253352761,0.0226665752053261));
#3482=CARTESIAN_POINT('',(-0.0362196144461632,-0.0111406253352761,0.0226665752053261));
#3483=CARTESIAN_POINT('',(-0.0343039780855179,-0.0111406253352761,0.0226665752053261));
#3484=CARTESIAN_POINT('',(-0.0343039780855179,-0.0111406253352761,0.0226665752053261));
#3485=CARTESIAN_POINT('',(-0.0119592426344752,-0.0103906253352761,0.0226665752053261));
#3486=CARTESIAN_POINT('',(-0.0288883417248726,-0.0111406253352761,0.0226665752053261));
#3487=CARTESIAN_POINT('',(-0.0288883417248726,-0.0111406253352761,0.0226665752053261));
#3488=CARTESIAN_POINT('',(-0.0308039780855179,-0.0111406253352761,0.0226665752053261));
#3489=CARTESIAN_POINT('',(-0.0308039780855179,-0.0111406253352761,0.0226665752053261));
#3490=CARTESIAN_POINT('',(-0.0119592426344752,-0.0103906253352761,0.0226665752053261));
#3491=CARTESIAN_POINT('',(-0.0236689341962338,-0.0111406253352761,0.0226665752053261));
#3492=CARTESIAN_POINT('',(-0.0236689341962338,-0.0111406253352761,0.0226665752053261));
#3493=CARTESIAN_POINT('',(-0.0255845705568791,-0.0111406253352761,0.0226665752053261));
#3494=CARTESIAN_POINT('',(-0.0255845705568791,-0.0111406253352761,0.0226665752053261));
#3495=CARTESIAN_POINT('',(-0.0119592426344752,-0.0103906253352761,0.0226665752053261));
#3496=CARTESIAN_POINT('',(-0.0182532978355885,-0.0111406253352761,0.0226665752053261));
#3497=CARTESIAN_POINT('',(-0.0182532978355885,-0.0111406253352761,0.0226665752053261));
#3498=CARTESIAN_POINT('',(-0.0201689341962338,-0.0111406253352761,0.0226665752053261));
#3499=CARTESIAN_POINT('',(-0.0201689341962338,-0.0111406253352761,0.0226665752053261));
#3500=CARTESIAN_POINT('',(-0.0119592426344752,-0.0103906253352761,0.0226665752053261));
#3501=CARTESIAN_POINT('',(-0.0135199930742383,-0.0111406253352761,0.0226665752053261));
#3502=CARTESIAN_POINT('',(-0.0135199930742383,-0.0111406253352761,0.0226665752053261));
#3503=CARTESIAN_POINT('',(-0.0154356294348836,-0.0111406253352761,0.0226665752053261));
#3504=CARTESIAN_POINT('',(-0.0154356294348836,-0.0111406253352761,0.0226665752053261));
#3505=CARTESIAN_POINT('',(-0.0119592426344752,-0.0103906253352761,0.0226665752053261));
#3506=CARTESIAN_POINT('',(-0.00810435671359301,-0.0111406253352761,0.0226665752053261));
#3507=CARTESIAN_POINT('',(-0.00810435671359301,-0.0111406253352761,0.0226665752053261));
#3508=CARTESIAN_POINT('',(-0.0100199930742383,-0.0111406253352761,0.0226665752053261));
#3509=CARTESIAN_POINT('',(-0.0100199930742383,-0.0111406253352761,0.0226665752053261));
#3510=CARTESIAN_POINT('',(-0.0119592426344752,-0.0103906253352761,0.0226665752053261));
#3511=CARTESIAN_POINT('',(-0.00288494918495417,-0.0111406253352761,0.0226665752053261));
#3512=CARTESIAN_POINT('',(-0.00288494918495417,-0.0111406253352761,0.0226665752053261));
#3513=CARTESIAN_POINT('',(-0.00480058554559947,-0.0111406253352761,0.0226665752053261));
#3514=CARTESIAN_POINT('',(-0.00480058554559947,-0.0111406253352761,0.0226665752053261));
#3515=CARTESIAN_POINT('',(-0.0119592426344752,-0.0103906253352761,0.0226665752053261));
#3516=CARTESIAN_POINT('',(0.00253068717569113,-0.0111406253352761,0.0226665752053261));
#3517=CARTESIAN_POINT('',(0.00253068717569113,-0.0111406253352761,0.0226665752053261));
#3518=CARTESIAN_POINT('',(0.000615050815045835,-0.0111406253352761,0.0226665752053261));
#3519=CARTESIAN_POINT('',(0.000615050815045835,-0.0111406253352761,0.0226665752053261));
#3520=CARTESIAN_POINT('',(-0.0119592426344752,-0.0103906253352761,0.0226665752053261));
#3521=CARTESIAN_POINT('',(0.00684632353633643,-0.0111406253352761,0.0226665752053261));
#3522=CARTESIAN_POINT('',(0.00684632353633643,-0.0111406253352761,0.0226665752053261));
#3523=CARTESIAN_POINT('',(0.00493068717569113,-0.0111406253352761,0.0226665752053261));
#3524=CARTESIAN_POINT('',(0.00493068717569113,-0.0111406253352761,0.0226665752053261));
#3525=CARTESIAN_POINT('',(-0.0119592426344752,-0.0103906253352761,0.0226665752053261));
#3526=CARTESIAN_POINT('',(0.0122619598969817,-0.0111406253352761,0.0226665752053261));
#3527=CARTESIAN_POINT('',(0.0122619598969817,-0.0111406253352761,0.0226665752053261));
#3528=CARTESIAN_POINT('',(0.0103463235363364,-0.0111406253352761,0.0226665752053261));
#3529=CARTESIAN_POINT('',(0.0103463235363364,-0.0111406253352761,0.0226665752053261));
#3530=CARTESIAN_POINT('',(-0.0119592426344752,-0.0103906253352761,0.0226665752053261));
#3531=CARTESIAN_POINT('',(-0.0388196144461632,-0.0207161019742489,0.00305781818032265));
#3532=CARTESIAN_POINT('',(-0.0388196144461632,-0.0207161019742489,0.00401563636064529));
#3533=CARTESIAN_POINT('',(-0.0388196144461632,-0.0207161019742489,0.0021));
#3534=CARTESIAN_POINT('',(-0.0388196144461632,-0.0110754766389728,0.0021));
#3535=CARTESIAN_POINT('',(-0.0388196144461632,-0.0110754766389728,0.0021));
#3536=CARTESIAN_POINT('',(-0.0388196144461632,-0.0110754766389728,0.00401563636064529));
#3537=CARTESIAN_POINT('',(-0.0388196144461632,-0.0110754766389728,0.00401563636064529));
#3538=CARTESIAN_POINT('',(-0.0388196144461632,-0.0103580509871244,0.00998328760266304));
#3539=CARTESIAN_POINT('',(-0.0388196144461632,-0.0207161019742489,0.00727345454096794));
#3540=CARTESIAN_POINT('',(-0.0388196144461632,-0.0207161019742489,0.00823127272129059));
#3541=CARTESIAN_POINT('',(-0.0388196144461632,-0.0207161019742489,0.0063156363606453));
#3542=CARTESIAN_POINT('',(-0.0388196144461632,-0.0110754766389728,0.00823127272129059));
#3543=CARTESIAN_POINT('',(-0.0388196144461632,-0.0110754766389728,0.00823127272129059));
#3544=CARTESIAN_POINT('',(-0.0388196144461632,-0.0110754766389728,0.0063156363606453));
#3545=CARTESIAN_POINT('',(-0.0388196144461632,-0.0110754766389728,0.0063156363606453));
#3546=CARTESIAN_POINT('',(-0.0388196144461632,-0.0103580509871244,0.00998328760266304));
#3547=CARTESIAN_POINT('',(-0.0388196144461632,-0.0206812506705523,0.0109411057829857));
#3548=CARTESIAN_POINT('',(-0.0388196144461632,-0.0206812506705523,0.0118989239633083));
#3549=CARTESIAN_POINT('',(-0.0388196144461632,-0.0206812506705523,0.00998328760266304));
#3550=CARTESIAN_POINT('',(-0.0388196144461632,-0.0110406253352761,0.0118989239633083));
#3551=CARTESIAN_POINT('',(-0.0388196144461632,-0.0110406253352761,0.0118989239633083));
#3552=CARTESIAN_POINT('',(-0.0388196144461632,-0.0110406253352761,0.00998328760266304));
#3553=CARTESIAN_POINT('',(-0.0388196144461632,-0.0110406253352761,0.00998328760266304));
#3554=CARTESIAN_POINT('',(-0.0388196144461632,-0.0103580509871244,0.00998328760266304));
#3555=CARTESIAN_POINT('',(-0.0388196144461632,-0.0206812506705523,0.015156742143631));
#3556=CARTESIAN_POINT('',(-0.0388196144461632,-0.0206812506705523,0.0161145603239536));
#3557=CARTESIAN_POINT('',(-0.0388196144461632,-0.0206812506705523,0.0141989239633083));
#3558=CARTESIAN_POINT('',(-0.0388196144461632,-0.0110406253352761,0.0161145603239536));
#3559=CARTESIAN_POINT('',(-0.0388196144461632,-0.0110406253352761,0.0161145603239536));
#3560=CARTESIAN_POINT('',(-0.0388196144461632,-0.0110406253352761,0.0141989239633083));
#3561=CARTESIAN_POINT('',(-0.0388196144461632,-0.0110406253352761,0.0141989239633083));
#3562=CARTESIAN_POINT('',(-0.0388196144461632,-0.0103580509871244,0.00998328760266304));
#3563=CARTESIAN_POINT('',(-0.0388196144461632,-0.0206812506705523,0.0188927839905024));
#3564=CARTESIAN_POINT('',(-0.0388196144461632,-0.0206812506705523,0.019850602170825));
#3565=CARTESIAN_POINT('',(-0.0388196144461632,-0.0206812506705523,0.0179349658101797));
#3566=CARTESIAN_POINT('',(-0.0388196144461632,-0.0110406253352761,0.019850602170825));
#3567=CARTESIAN_POINT('',(-0.0388196144461632,-0.0110406253352761,0.019850602170825));
#3568=CARTESIAN_POINT('',(-0.0388196144461632,-0.0110406253352761,0.0179349658101797));
#3569=CARTESIAN_POINT('',(-0.0388196144461632,-0.0110406253352761,0.0179349658101797));
#3570=CARTESIAN_POINT('',(-0.0388196144461632,-0.0103580509871244,0.00998328760266304));
#3571=CARTESIAN_POINT('',(0.0149011375591159,-0.0108184642598033,0.0021));
#3572=CARTESIAN_POINT('',(0.0149011375591159,-0.0108184642598033,0.0021));
#3573=CARTESIAN_POINT('',(0.0149011375591159,-0.0108184642598033,0.00401563636064531));
#3574=CARTESIAN_POINT('',(0.0149011375591159,-0.0108184642598033,0.00401563636064531));
#3575=CARTESIAN_POINT('',(0.0149011375591159,-0.0115599419727921,0.01));
#3576=CARTESIAN_POINT('',(0.0149011375591159,-0.0108184642598033,0.00823127272129061));
#3577=CARTESIAN_POINT('',(0.0149011375591159,-0.0108184642598033,0.00823127272129061));
#3578=CARTESIAN_POINT('',(0.0149011375591159,-0.0108184642598033,0.00631563636064531));
#3579=CARTESIAN_POINT('',(0.0149011375591159,-0.0108184642598033,0.00631563636064531));
#3580=CARTESIAN_POINT('',(0.0149011375591159,-0.0115599419727921,0.01));
#3581=CARTESIAN_POINT('',(0.0149011375591159,-0.0108533155634999,0.0118989239633084));
#3582=CARTESIAN_POINT('',(0.0149011375591159,-0.0108533155634999,0.0118989239633084));
#3583=CARTESIAN_POINT('',(0.0149011375591159,-0.0108533155634999,0.00998328760266305));
#3584=CARTESIAN_POINT('',(0.0149011375591159,-0.0108533155634999,0.00998328760266305));
#3585=CARTESIAN_POINT('',(0.0149011375591159,-0.0115599419727921,0.01));
#3586=CARTESIAN_POINT('',(0.0149011375591159,-0.0108533155634999,0.0161145603239536));
#3587=CARTESIAN_POINT('',(0.0149011375591159,-0.0108533155634999,0.0161145603239536));
#3588=CARTESIAN_POINT('',(0.0149011375591159,-0.0108533155634999,0.0141989239633083));
#3589=CARTESIAN_POINT('',(0.0149011375591159,-0.0108533155634999,0.0141989239633083));
#3590=CARTESIAN_POINT('',(0.0149011375591159,-0.0115599419727921,0.01));
#3591=CARTESIAN_POINT('',(0.0149011375591159,-0.0108533155634999,0.019850602170825));
#3592=CARTESIAN_POINT('',(0.0149011375591159,-0.0108533155634999,0.019850602170825));
#3593=CARTESIAN_POINT('',(0.0149011375591159,-0.0108533155634999,0.0179349658101798));
#3594=CARTESIAN_POINT('',(0.0149011375591159,-0.0108533155634999,0.0179349658101798));
#3595=CARTESIAN_POINT('',(0.0149011375591159,-0.0115599419727921,0.01));
#3596=MECHANICAL_DESIGN_GEOMETRIC_PRESENTATION_REPRESENTATION('',(#2301),
#3597);
#3597=(
GEOMETRIC_REPRESENTATION_CONTEXT(3)
GLOBAL_UNCERTAINTY_ASSIGNED_CONTEXT((#3598))
GLOBAL_UNIT_ASSIGNED_CONTEXT((#3601,#3600,#3599))
REPRESENTATION_CONTEXT('Part 1','TOP_LEVEL_ASSEMBLY_PART')
);
#3598=UNCERTAINTY_MEASURE_WITH_UNIT(LENGTH_MEASURE(4.E-8),#3601,
'DISTANCE_ACCURACY_VALUE','Maximum Tolerance applied to model');
#3599=(
NAMED_UNIT(*)
SI_UNIT($,.STERADIAN.)
SOLID_ANGLE_UNIT()
);
#3600=(
NAMED_UNIT(*)
PLANE_ANGLE_UNIT()
SI_UNIT($,.RADIAN.)
);
#3601=(
LENGTH_UNIT()
NAMED_UNIT(*)
SI_UNIT($,.METRE.)
);
#3602=PRODUCT_DEFINITION_SHAPE('','',#3603);
#3603=PRODUCT_DEFINITION('','',#3605,#3604);
#3604=PRODUCT_DEFINITION_CONTEXT('',#3611,'design');
#3605=PRODUCT_DEFINITION_FORMATION_WITH_SPECIFIED_SOURCE('','',#3607,
 .NOT_KNOWN.);
#3606=PRODUCT_RELATED_PRODUCT_CATEGORY('','',(#3607));
#3607=PRODUCT('Part 1','Part 1','Part 1',(#3609));
#3608=PRODUCT_CATEGORY('','');
#3609=PRODUCT_CONTEXT('',#3611,'mechanical');
#3610=APPLICATION_PROTOCOL_DEFINITION('international standard',
'ap242_managed_model_based_3d_engineering',2020,#3611);
#3611=APPLICATION_CONTEXT('managed model based 3d engineering');
ENDSEC;
END-ISO-10303-21;
