ISO-10303-21;
HEADER;
/* Generated by software containing ST-Developer
 * from STEP Tools, Inc. (www.steptools.com) 
 */
/* OPTION: using custom renumber hook */

FILE_DESCRIPTION(
/* description */ ('STEP AP242 Edition 2',
'CAx-IF Rec.Pracs.---Representation and Presentation of Product Manufa
cturing Information (PMI)---4.0---2014-10-13',
'CAx-IF Rec.Pracs.---3D Tessellated Geometry---0.4---2014-09-14','2;1',
'CAx-IF Rec.Pracs.---User Defined Attributes---1.5---2016-08-15'),
/* implementation_level */ '2;1');

FILE_NAME(
/* name */ 'sofa chairs',
/* time_stamp */ '2026-09-05T01:47:22Z',
/* author */ (''),
/* organization */ (''),
/* preprocessor_version */ 'ST-DEVELOPER v20',
/* originating_system */ 'ONSHAPE BY PTC INC, 1.220',
/* authorisation */ '  ');

FILE_SCHEMA (('AP242_MANAGED_MODEL_BASED_3D_ENGINEERING_MIM_LF { 1 0 10303 442 3 1 4 }'));
ENDSEC;

DATA;
#10=SHAPE_REPRESENTATION_RELATIONSHIP('','',#924,#11);
#11=ADVANCED_BREP_SHAPE_REPRESENTATION('',(#922),#2518);
#12=DEGENERATE_TOROIDAL_SURFACE('',#969,0.000250294065964778,0.000791760185064946,
 .T.);
#13=TOROIDAL_SURFACE('',#967,0.0133112334201216,0.0123560956003437);
#14=(
BOUNDED_SURFACE()
B_SPLINE_SURFACE(3,2,((#2189,#2190,#2191),(#2192,#2193,#2194),(#2195,#2196,
#2197),(#2198,#2199,#2200),(#2201,#2202,#2203),(#2204,#2205,#2206),(#2207,
#2208,#2209),(#2210,#2211,#2212),(#2213,#2214,#2215),(#2216,#2217,#2218),
(#2219,#2220,#2221),(#2222,#2223,#2224),(#2225,#2226,#2227),(#2228,#2229,
#2230),(#2231,#2232,#2233),(#2234,#2235,#2236),(#2237,#2238,#2239),(#2240,
#2241,#2242),(#2243,#2244,#2245),(#2246,#2247,#2248),(#2249,#2250,#2251)),
 .UNSPECIFIED.,.T.,.F.,.F.)
B_SPLINE_SURFACE_WITH_KNOTS((1,3,1,1,1,1,1,1,1,1,1,1,1,1,1,1,1,1,1,3,1),
(3,3),(-0.00520158657039592,0.,0.00520158657039591,0.0104031731407918,0.0156047597111877,
0.0208063462815836,0.0260079328519795,0.0312095194223755,0.0364111059927714,
0.0390118992779693,0.0416126925631673,0.0442134858483652,0.0468142791335632,
0.0520158657039591,0.057217452274355,0.0624190388447509,0.0676206254151468,
0.0728222119855427,0.0780237985559386,0.0832253851263346,0.0884269716967305),
(0.,0.88288062469149),.UNSPECIFIED.)
GEOMETRIC_REPRESENTATION_ITEM()
RATIONAL_B_SPLINE_SURFACE(((1.,0.979072185667857,0.995097894917694),(1.,
0.9790722172506,0.995097902315596),(1.,0.979072195843795,0.995097897301293),
(1.,0.979071929459038,0.99509783490366),(1.,0.979071585227532,0.995097754271302),
(1.,0.979071364467023,0.995097702560636),(1.,0.979071396194957,0.995097709992548),
(1.,0.979071662302221,0.995097772325181),(1.,0.979071949428346,0.995097839581246),
(1.,0.979072117368462,0.995097878919329),(1.,0.979072196073345,0.995097897355062),
(1.,0.979072212591604,0.995097901224279),(1.,0.979072151168529,0.995097886836614),
(1.,0.97907192986408,0.995097834998537),(1.,0.979071585192698,0.995097754263143),
(1.,0.979071364500624,0.995097702568507),(1.,0.97907139618406,0.995097709989996),
(1.,0.979071661857602,0.995097772221034),(1.,0.97907200634734,0.99509785291388),
(1.,0.979072154085114,0.995097887519792),(1.,0.979072185667857,0.995097894917694)))
REPRESENTATION_ITEM('')
SURFACE()
);
#15=(
BOUNDED_SURFACE()
B_SPLINE_SURFACE(3,2,((#2264,#2265,#2266),(#2267,#2268,#2269),(#2270,#2271,
#2272),(#2273,#2274,#2275),(#2276,#2277,#2278),(#2279,#2280,#2281),(#2282,
#2283,#2284),(#2285,#2286,#2287),(#2288,#2289,#2290),(#2291,#2292,#2293),
(#2294,#2295,#2296),(#2297,#2298,#2299),(#2300,#2301,#2302),(#2303,#2304,
#2305),(#2306,#2307,#2308),(#2309,#2310,#2311),(#2312,#2313,#2314),(#2315,
#2316,#2317),(#2318,#2319,#2320),(#2321,#2322,#2323),(#2324,#2325,#2326)),
 .UNSPECIFIED.,.T.,.F.,.F.)
B_SPLINE_SURFACE_WITH_KNOTS((1,3,1,1,1,1,1,1,1,1,1,1,1,1,1,1,1,1,1,3,1),
(3,3),(-0.00520159651687527,0.,0.00520159651687526,0.0104031930337505,0.0156047895506258,
0.020806386067501,0.0260079825843763,0.0312095791012516,0.0364111756181268,
0.0390119738765645,0.0416127721350021,0.0442135703934397,0.0468143686518774,
0.0520159651687526,0.0572175616856279,0.0624191582025031,0.0676207547193784,
0.0728223512362537,0.0780239477531289,0.0832255442700042,0.0884271407868795),
(0.,0.884333466452795),.UNSPECIFIED.)
GEOMETRIC_REPRESENTATION_ITEM()
RATIONAL_B_SPLINE_SURFACE(((1.,0.979037743495331,0.995150736909555),(1.,
0.979037781840889,0.995150745780151),(1.,0.979037756356457,0.995150739884759),
(1.,0.979037434762772,0.995150665489505),(1.,0.979037018679433,0.99515056923567),
(1.,0.97903675146431,0.995150507419976),(1.,0.979036789274774,0.995150516166787),
(1.,0.979037110516975,0.995150590480731),(1.,0.979037457544786,0.995150670759738),
(1.,0.979037660718137,0.995150717760453),(1.,0.97903775606935,0.995150739818341),
(1.,0.97903777630642,0.995150744499845),(1.,0.979037702433934,0.995150727410696),
(1.,0.979037435319985,0.995150665618407),(1.,0.979037018735405,0.995150569248619),
(1.,0.979036751543907,0.99515050743839),(1.,0.979036789202218,0.995150516150002),
(1.,0.979037109880822,0.995150590333567),(1.,0.979037526283105,0.995150686661185),
(1.,0.979037705149772,0.995150728038959),(1.,0.979037743495331,0.995150736909555)))
REPRESENTATION_ITEM('')
SURFACE()
);
#16=(
BOUNDED_SURFACE()
B_SPLINE_SURFACE(3,2,((#2339,#2340,#2341),(#2342,#2343,#2344),(#2345,#2346,
#2347),(#2348,#2349,#2350),(#2351,#2352,#2353),(#2354,#2355,#2356),(#2357,
#2358,#2359),(#2360,#2361,#2362),(#2363,#2364,#2365),(#2366,#2367,#2368),
(#2369,#2370,#2371),(#2372,#2373,#2374),(#2375,#2376,#2377),(#2378,#2379,
#2380),(#2381,#2382,#2383),(#2384,#2385,#2386),(#2387,#2388,#2389),(#2390,
#2391,#2392),(#2393,#2394,#2395),(#2396,#2397,#2398),(#2399,#2400,#2401)),
 .UNSPECIFIED.,.T.,.F.,.F.)
B_SPLINE_SURFACE_WITH_KNOTS((1,3,1,1,1,1,1,1,1,1,1,1,1,1,1,1,1,1,1,3,1),
(3,3),(-0.0052015482700829,0.,0.00520154827008289,0.0104030965401658,0.0156046448102487,
0.0208061930803316,0.0260077413504145,0.0312092896204974,0.0364108378905803,
0.0390116120256217,0.0416123861606632,0.0442131602957046,0.046813934430746,
0.0520154827008289,0.0572170309709118,0.0624185792409947,0.0676201275110776,
0.0728216757811605,0.0780232240512434,0.0832247723213263,0.0884263205914092),
(0.,0.87482160914428),.UNSPECIFIED.)
GEOMETRIC_REPRESENTATION_ITEM()
RATIONAL_B_SPLINE_SURFACE(((1.,0.979263227536116,0.99480840838286),(1.,
0.979263236442974,0.994808410612752),(1.,0.979263237724997,0.994808410933715),
(1.,0.979263189033572,0.994808398743487),(1.,0.979263118319828,0.994808381039821),
(1.,0.979263066927144,0.994808368173314),(1.,0.979263064903269,0.994808367666623),
(1.,0.979263113530816,0.99480837984086),(1.,0.979263172561498,0.994808394619591),
(1.,0.97926321004259,0.994808404003237),(1.,0.979263229572037,0.994808408892566),
(1.,0.979263236929987,0.994808410734679),(1.,0.979263229520842,0.994808408879749),
(1.,0.979263189055488,0.994808398748974),(1.,0.979263118212794,0.994808381013024),
(1.,0.97926306688607,0.994808368163031),(1.,0.979263064946917,0.994808367677551),
(1.,0.979263113538625,0.994808379842815),(1.,0.979263184283853,0.994808397554362),
(1.,0.979263218629259,0.994808406152968),(1.,0.979263227536116,0.99480840838286)))
REPRESENTATION_ITEM('')
SURFACE()
);
#17=(
BOUNDED_SURFACE()
B_SPLINE_SURFACE(3,2,((#2418,#2419,#2420),(#2421,#2422,#2423),(#2424,#2425,
#2426),(#2427,#2428,#2429),(#2430,#2431,#2432),(#2433,#2434,#2435),(#2436,
#2437,#2438),(#2439,#2440,#2441),(#2442,#2443,#2444),(#2445,#2446,#2447),
(#2448,#2449,#2450)),.UNSPECIFIED.,.T.,.F.,.F.)
B_SPLINE_SURFACE_WITH_KNOTS((1,3,1,1,1,1,1,1,1,3,1),(3,3),(-0.000195632564509145,
0.,0.000195632564509145,0.000391265129018289,0.000586897693527434,0.000782530258036579,
0.000978162822545724,0.00117379538705487,0.00136942795156401,0.00156506051607316,
0.0017606930805823),(0.,1.),.UNSPECIFIED.)
GEOMETRIC_REPRESENTATION_ITEM()
RATIONAL_B_SPLINE_SURFACE(((1.,0.666349206515043,1.),(1.,0.666378599719299,
1.),(1.,0.666206355801762,1.),(1.,0.66540916041743,1.),(1.,0.664537123502017,
1.),(1.,0.66410156837536,1.),(1.,0.664360431573528,1.),(1.,0.665159930288479,
1.),(1.,0.666029996576229,1.),(1.,0.666319813310787,1.),(1.,0.666349206515043,
1.)))
REPRESENTATION_ITEM('')
SURFACE()
);
#18=(
BOUNDED_SURFACE()
B_SPLINE_SURFACE(3,2,((#2451,#2452,#2453),(#2454,#2455,#2456),(#2457,#2458,
#2459),(#2460,#2461,#2462),(#2463,#2464,#2465),(#2466,#2467,#2468),(#2469,
#2470,#2471),(#2472,#2473,#2474),(#2475,#2476,#2477),(#2478,#2479,#2480),
(#2481,#2482,#2483)),.UNSPECIFIED.,.T.,.F.,.F.)
B_SPLINE_SURFACE_WITH_KNOTS((1,3,1,1,1,1,1,1,1,3,1),(3,3),(-0.000195726386456344,
0.,0.000195726386456344,0.000391452772912689,0.000587179159369033,0.000782905545825377,
0.000978631932281722,0.00117435831873807,0.00137008470519441,0.00156581109165075,
0.0017615374781071),(0.,1.),.UNSPECIFIED.)
GEOMETRIC_REPRESENTATION_ITEM()
RATIONAL_B_SPLINE_SURFACE(((1.,0.666113445057479,1.),(1.,0.666753221047589,
1.),(1.,0.667853982700875,1.),(1.,0.667997598708613,1.),(1.,0.666548153919005,
1.),(1.,0.664360123763525,1.),(1.,0.662703285109182,1.),(1.,0.66256145216265,
1.),(1.,0.664015326760214,1.),(1.,0.665473669067369,1.),(1.,0.666113445057479,
1.)))
REPRESENTATION_ITEM('')
SURFACE()
);
#19=(
BOUNDED_SURFACE()
B_SPLINE_SURFACE(3,2,((#2484,#2485,#2486),(#2487,#2488,#2489),(#2490,#2491,
#2492),(#2493,#2494,#2495),(#2496,#2497,#2498),(#2499,#2500,#2501),(#2502,
#2503,#2504),(#2505,#2506,#2507),(#2508,#2509,#2510),(#2511,#2512,#2513),
(#2514,#2515,#2516)),.UNSPECIFIED.,.T.,.F.,.F.)
B_SPLINE_SURFACE_WITH_KNOTS((1,3,1,1,1,1,1,1,1,3,1),(3,3),(-0.000195712956315475,
0.,0.000195712956315475,0.00039142591263095,0.000587138868946425,0.0007828518252619,
0.000978564781577374,0.00117427773789285,0.00136999069420832,0.0015657036505238,
0.00176141660683927),(0.,1.),.UNSPECIFIED.)
GEOMETRIC_REPRESENTATION_ITEM()
RATIONAL_B_SPLINE_SURFACE(((1.,0.662967201904093,1.),(1.,0.662846238471346,
1.),(1.,0.663108252101224,1.),(1.,0.664770470736183,1.),(1.,0.666728359548663,
1.),(1.,0.667844020915156,1.),(1.,0.667452406436876,1.),(1.,0.665790155746404,
1.),(1.,0.663834032697706,1.),(1.,0.66308816533684,1.),(1.,0.662967201904093,
1.)))
REPRESENTATION_ITEM('')
SURFACE()
);
#20=CONICAL_SURFACE('',#957,0.00153718584288772,0.26179938779915);
#21=CONICAL_SURFACE('',#959,0.00153718584288772,0.26179938779915);
#22=CONICAL_SURFACE('',#960,0.00153718584288772,0.26179938779915);
#23=CONICAL_SURFACE('',#961,0.00153718584288772,0.26179938779915);
#24=CYLINDRICAL_SURFACE('',#932,0.051091233600221);
#25=CYLINDRICAL_SURFACE('',#934,0.205963748862615);
#26=CYLINDRICAL_SURFACE('',#937,0.0513094094799489);
#27=CYLINDRICAL_SURFACE('',#938,0.0508003693276029);
#28=CYLINDRICAL_SURFACE('',#939,0.205963748862589);
#29=CYLINDRICAL_SURFACE('',#950,0.616803916497552);
#30=B_SPLINE_SURFACE_WITH_KNOTS('',3,1,((#1236,#1237),(#1238,#1239),(#1240,
#1241),(#1242,#1243),(#1244,#1245),(#1246,#1247),(#1248,#1249),(#1250,#1251),
(#1252,#1253),(#1254,#1255)),.SURF_OF_LINEAR_EXTRUSION.,.F.,.F.,.F.,(4,
1,1,1,1,1,1,4),(2,2),(0.,0.125,0.25,0.375,0.5,0.625,0.75,1.),(0.,1.),
 .UNSPECIFIED.);
#31=B_SPLINE_SURFACE_WITH_KNOTS('',3,1,((#1276,#1277),(#1278,#1279),(#1280,
#1281),(#1282,#1283),(#1284,#1285),(#1286,#1287),(#1288,#1289),(#1290,#1291),
(#1292,#1293),(#1294,#1295),(#1296,#1297),(#1298,#1299),(#1300,#1301),(#1302,
#1303),(#1304,#1305),(#1306,#1307),(#1308,#1309),(#1310,#1311),(#1312,#1313),
(#1314,#1315),(#1316,#1317),(#1318,#1319),(#1320,#1321),(#1322,#1323),(#1324,
#1325),(#1326,#1327),(#1328,#1329),(#1330,#1331),(#1332,#1333),(#1334,#1335),
(#1336,#1337),(#1338,#1339),(#1340,#1341),(#1342,#1343),(#1344,#1345),(#1346,
#1347),(#1348,#1349),(#1350,#1351),(#1352,#1353),(#1354,#1355),(#1356,#1357),
(#1358,#1359),(#1360,#1361),(#1362,#1363),(#1364,#1365),(#1366,#1367)),
 .SURF_OF_LINEAR_EXTRUSION.,.F.,.F.,.F.,(4,1,1,1,1,1,1,1,1,1,1,1,1,1,1,
1,1,1,1,1,1,1,1,1,1,1,1,1,1,1,1,1,1,1,1,1,1,1,1,1,1,1,1,4),(2,2),(0.0773790577205742,
0.106210962166806,0.135042866613038,0.16387477105927,0.178290723282386,
0.192706675505502,0.221538579951734,0.250370484397967,0.279202388844199,
0.308034293290431,0.336866197736663,0.365698102182895,0.380114054406011,
0.394530006629127,0.408945958852243,0.423361911075359,0.437777863298475,
0.452193815521591,0.481025719967823,0.495441672190939,0.509857624414055,
0.524273576637171,0.538689528860287,0.553105481083403,0.567521433306519,
0.581937385529635,0.596353337752751,0.610769289975867,0.625185242198983,
0.654017146645215,0.668433098868331,0.682849051091447,0.71168095553768,
0.740512859983911,0.769344764430144,0.798176668876376,0.827008573322608,
0.85584047776884,0.884672382215072,0.913504286661304,0.92792023888442,0.942336191107536,
0.971168095553768,1.),(0.,1.),.UNSPECIFIED.);
#32=B_SPLINE_SURFACE_WITH_KNOTS('',3,1,((#1555,#1556),(#1557,#1558),(#1559,
#1560),(#1561,#1562)),.SURF_OF_LINEAR_EXTRUSION.,.F.,.F.,.F.,(4,4),(2,2),
(0.0697342063903066,0.892318162487002),(0.,1.),.PIECEWISE_BEZIER_KNOTS.);
#33=B_SPLINE_SURFACE_WITH_KNOTS('',3,1,((#1570,#1571),(#1572,#1573),(#1574,
#1575),(#1576,#1577),(#1578,#1579),(#1580,#1581),(#1582,#1583),(#1584,#1585),
(#1586,#1587),(#1588,#1589)),.SURF_OF_LINEAR_EXTRUSION.,.F.,.F.,.F.,(4,
1,1,1,1,1,1,4),(2,2),(0.,0.125,0.25,0.375,0.5,0.625,0.75,1.),(0.,1.),
 .UNSPECIFIED.);
#34=B_SPLINE_SURFACE_WITH_KNOTS('',3,1,((#1608,#1609),(#1610,#1611),(#1612,
#1613),(#1614,#1615),(#1616,#1617),(#1618,#1619),(#1620,#1621),(#1622,#1623),
(#1624,#1625),(#1626,#1627),(#1628,#1629),(#1630,#1631),(#1632,#1633),(#1634,
#1635),(#1636,#1637),(#1638,#1639),(#1640,#1641),(#1642,#1643),(#1644,#1645),
(#1646,#1647),(#1648,#1649),(#1650,#1651),(#1652,#1653),(#1654,#1655),(#1656,
#1657),(#1658,#1659),(#1660,#1661),(#1662,#1663),(#1664,#1665),(#1666,#1667),
(#1668,#1669),(#1670,#1671),(#1672,#1673),(#1674,#1675),(#1676,#1677),(#1678,
#1679),(#1680,#1681),(#1682,#1683),(#1684,#1685),(#1686,#1687),(#1688,#1689),
(#1690,#1691),(#1692,#1693),(#1694,#1695),(#1696,#1697),(#1698,#1699)),
 .SURF_OF_LINEAR_EXTRUSION.,.F.,.F.,.F.,(4,1,1,1,1,1,1,1,1,1,1,1,1,1,1,
1,1,1,1,1,1,1,1,1,1,1,1,1,1,1,1,1,1,1,1,1,1,1,1,1,1,1,1,4),(2,2),(0.0773790580558338,
0.106210962491589,0.135042866927344,0.163874771363099,0.178290723580977,
0.192706675798855,0.22153858023461,0.250370484670365,0.27920238910612,0.308034293541875,
0.336866197977631,0.365698102413386,0.380114054631263,0.394530006849141,
0.408945959067018,0.423361911284896,0.437777863502774,0.452193815720651,
0.481025720156406,0.495441672374284,0.509857624592162,0.524273576810039,
0.538689529027917,0.553105481245795,0.567521433463672,0.58193738568155,
0.596353337899427,0.610769290117305,0.625185242335182,0.654017146770938,
0.668433098988815,0.682849051206693,0.711680955642448,0.740512860078203,
0.769344764513958,0.798176668949714,0.827008573385469,0.855840477821224,
0.884672382256979,0.913504286692734,0.927920238910612,0.94233619112849,
0.971168095564245,1.),(0.,1.),.UNSPECIFIED.);
#35=B_SPLINE_SURFACE_WITH_KNOTS('',3,1,((#1919,#1920),(#1921,#1922),(#1923,
#1924),(#1925,#1926)),.SURF_OF_LINEAR_EXTRUSION.,.F.,.F.,.F.,(4,4),(2,2),
(0.,0.870831734291527),(0.,1.),.PIECEWISE_BEZIER_KNOTS.);
#36=B_SPLINE_SURFACE_WITH_KNOTS('',3,1,((#1977,#1978),(#1979,#1980),(#1981,
#1982),(#1983,#1984)),.SURF_OF_LINEAR_EXTRUSION.,.F.,.F.,.F.,(4,4),(2,2),
(0.0697342064894675,0.892318162486411),(0.,1.),.PIECEWISE_BEZIER_KNOTS.);
#37=B_SPLINE_SURFACE_WITH_KNOTS('',3,1,((#1995,#1996),(#1997,#1998),(#1999,
#2000),(#2001,#2002)),.SURF_OF_LINEAR_EXTRUSION.,.F.,.F.,.F.,(4,4),(2,2),
(0.843573021344193,0.920904309538575),(0.,1.),.PIECEWISE_BEZIER_KNOTS.);
#38=B_SPLINE_SURFACE_WITH_KNOTS('',3,1,((#2005,#2006),(#2007,#2008),(#2009,
#2010),(#2011,#2012)),.SURF_OF_LINEAR_EXTRUSION.,.F.,.F.,.F.,(4,4),(2,2),
(0.72307899275675,0.772969152169824),(0.,1.),.PIECEWISE_BEZIER_KNOTS.);
#39=B_SPLINE_SURFACE_WITH_KNOTS('',3,1,((#2013,#2014),(#2015,#2016),(#2017,
#2018),(#2019,#2020)),.SURF_OF_LINEAR_EXTRUSION.,.F.,.F.,.F.,(4,4),(2,2),
(0.185004226720111,0.360311407111547),(0.,1.),.PIECEWISE_BEZIER_KNOTS.);
#40=B_SPLINE_SURFACE_WITH_KNOTS('',3,1,((#2021,#2022),(#2023,#2024),(#2025,
#2026),(#2027,#2028)),.SURF_OF_LINEAR_EXTRUSION.,.F.,.F.,.F.,(4,4),(2,2),
(0.359272034284732,0.760831844206238),(0.,1.),.PIECEWISE_BEZIER_KNOTS.);
#41=B_SPLINE_SURFACE_WITH_KNOTS('',3,1,((#2036,#2037),(#2038,#2039),(#2040,
#2041),(#2042,#2043)),.SURF_OF_LINEAR_EXTRUSION.,.F.,.F.,.F.,(4,4),(2,2),
(0.,0.186043597115837),(0.,1.),.PIECEWISE_BEZIER_KNOTS.);
#42=B_SPLINE_SURFACE_WITH_KNOTS('',3,1,((#2076,#2077),(#2078,#2079),(#2080,
#2081),(#2082,#2083)),.SURF_OF_LINEAR_EXTRUSION.,.F.,.F.,.F.,(4,4),(2,2),
(0.843573021344193,0.92090430930833),(0.,1.),.PIECEWISE_BEZIER_KNOTS.);
#43=B_SPLINE_SURFACE_WITH_KNOTS('',3,1,((#2084,#2085),(#2086,#2087),(#2088,
#2089),(#2090,#2091)),.SURF_OF_LINEAR_EXTRUSION.,.F.,.F.,.F.,(4,4),(2,2),
(0.723149236849365,0.768458429967898),(0.,1.),.PIECEWISE_BEZIER_KNOTS.);
#44=B_SPLINE_SURFACE_WITH_KNOTS('',3,1,((#2101,#2102),(#2103,#2104),(#2105,
#2106),(#2107,#2108)),.SURF_OF_LINEAR_EXTRUSION.,.F.,.F.,.F.,(4,4),(2,2),
(0.241700063786603,0.319701121189437),(0.,1.),.PIECEWISE_BEZIER_KNOTS.);
#45=B_SPLINE_SURFACE_WITH_KNOTS('',3,1,((#2109,#2110),(#2111,#2112),(#2113,
#2114),(#2115,#2116)),.SURF_OF_LINEAR_EXTRUSION.,.F.,.F.,.F.,(4,4),(2,2),
(0.250401525540929,0.312411274541083),(0.,1.),.PIECEWISE_BEZIER_KNOTS.);
#46=CIRCLE('',#928,0.616803916497552);
#47=CIRCLE('',#931,0.616803916497552);
#48=CIRCLE('',#933,0.051091233600221);
#49=CIRCLE('',#935,0.205963748862615);
#50=CIRCLE('',#940,0.205963748862589);
#51=CIRCLE('',#944,0.00153718584288772);
#52=CIRCLE('',#945,0.00153718584288772);
#53=CIRCLE('',#946,0.00153718584288772);
#54=CIRCLE('',#947,0.00153718584288772);
#55=CIRCLE('',#958,0.00137616156765285);
#56=CIRCLE('',#966,0.000250294065964778);
#57=CIRCLE('',#968,0.00103682016793539);
#58=LINE('',#1145,#113);
#59=LINE('',#1174,#114);
#60=LINE('',#1176,#115);
#61=LINE('',#1179,#116);
#62=LINE('',#1195,#117);
#63=LINE('',#1203,#118);
#64=LINE('',#1205,#119);
#65=LINE('',#1207,#120);
#66=LINE('',#1209,#121);
#67=LINE('',#1211,#122);
#68=LINE('',#1218,#123);
#69=LINE('',#1221,#124);
#70=LINE('',#1256,#125);
#71=LINE('',#1268,#126);
#72=LINE('',#1378,#127);
#73=LINE('',#1407,#128);
#74=LINE('',#1418,#129);
#75=LINE('',#1447,#130);
#76=LINE('',#1460,#131);
#77=LINE('',#1489,#132);
#78=LINE('',#1530,#133);
#79=LINE('',#1537,#134);
#80=LINE('',#1545,#135);
#81=LINE('',#1597,#136);
#82=LINE('',#1607,#137);
#83=LINE('',#1743,#138);
#84=LINE('',#1772,#139);
#85=LINE('',#1784,#140);
#86=LINE('',#1813,#141);
#87=LINE('',#1824,#142);
#88=LINE('',#1853,#143);
#89=LINE('',#1855,#144);
#90=LINE('',#1857,#145);
#91=LINE('',#1858,#146);
#92=LINE('',#1860,#147);
#93=LINE('',#1868,#148);
#94=LINE('',#1875,#149);
#95=LINE('',#1882,#150);
#96=LINE('',#1898,#151);
#97=LINE('',#1900,#152);
#98=LINE('',#1902,#153);
#99=LINE('',#1903,#154);
#100=LINE('',#1905,#155);
#101=LINE('',#1906,#156);
#102=LINE('',#1916,#157);
#103=LINE('',#1917,#158);
#104=LINE('',#1918,#159);
#105=LINE('',#1927,#160);
#106=LINE('',#1930,#161);
#107=LINE('',#1975,#162);
#108=LINE('',#1993,#163);
#109=LINE('',#1994,#164);
#110=LINE('',#2004,#165);
#111=LINE('',#2052,#166);
#112=LINE('',#2061,#167);
#113=VECTOR('',#974,1.);
#114=VECTOR('',#975,1.);
#115=VECTOR('',#978,1.);
#116=VECTOR('',#979,1.);
#117=VECTOR('',#984,1.);
#118=VECTOR('',#985,1.);
#119=VECTOR('',#986,1.);
#120=VECTOR('',#987,1.);
#121=VECTOR('',#988,1.);
#122=VECTOR('',#989,1.);
#123=VECTOR('',#992,1.);
#124=VECTOR('',#993,1.);
#125=VECTOR('',#996,1.);
#126=VECTOR('',#997,1.);
#127=VECTOR('',#998,1.);
#128=VECTOR('',#999,1.);
#129=VECTOR('',#1000,1.);
#130=VECTOR('',#1001,1.);
#131=VECTOR('',#1002,1.);
#132=VECTOR('',#1003,1.);
#133=VECTOR('',#1006,1.);
#134=VECTOR('',#1007,1.);
#135=VECTOR('',#1010,1.);
#136=VECTOR('',#1015,1.);
#137=VECTOR('',#1016,1.);
#138=VECTOR('',#1017,1.);
#139=VECTOR('',#1018,1.);
#140=VECTOR('',#1019,1.);
#141=VECTOR('',#1020,1.);
#142=VECTOR('',#1021,1.);
#143=VECTOR('',#1022,1.);
#144=VECTOR('',#1025,1.);
#145=VECTOR('',#1026,1.);
#146=VECTOR('',#1027,1.);
#147=VECTOR('',#1028,1.);
#148=VECTOR('',#1031,1.);
#149=VECTOR('',#1032,1.);
#150=VECTOR('',#1035,1.);
#151=VECTOR('',#1042,1.);
#152=VECTOR('',#1043,1.);
#153=VECTOR('',#1044,1.);
#154=VECTOR('',#1045,1.);
#155=VECTOR('',#1048,1.);
#156=VECTOR('',#1049,1.);
#157=VECTOR('',#1060,1.);
#158=VECTOR('',#1061,1.);
#159=VECTOR('',#1062,1.);
#160=VECTOR('',#1063,1.);
#161=VECTOR('',#1068,1.);
#162=VECTOR('',#1071,1.);
#163=VECTOR('',#1076,1.);
#164=VECTOR('',#1077,1.);
#165=VECTOR('',#1080,1.);
#166=VECTOR('',#1081,1.);
#167=VECTOR('',#1084,1.);
#168=ORIENTED_EDGE('',*,*,#422,.T.);
#169=ORIENTED_EDGE('',*,*,#423,.T.);
#170=ORIENTED_EDGE('',*,*,#424,.F.);
#171=ORIENTED_EDGE('',*,*,#425,.T.);
#172=ORIENTED_EDGE('',*,*,#426,.T.);
#173=ORIENTED_EDGE('',*,*,#427,.F.);
#174=ORIENTED_EDGE('',*,*,#428,.T.);
#175=ORIENTED_EDGE('',*,*,#429,.T.);
#176=ORIENTED_EDGE('',*,*,#430,.F.);
#177=ORIENTED_EDGE('',*,*,#431,.F.);
#178=ORIENTED_EDGE('',*,*,#432,.F.);
#179=ORIENTED_EDGE('',*,*,#433,.F.);
#180=ORIENTED_EDGE('',*,*,#434,.F.);
#181=ORIENTED_EDGE('',*,*,#435,.T.);
#182=ORIENTED_EDGE('',*,*,#436,.T.);
#183=ORIENTED_EDGE('',*,*,#437,.F.);
#184=ORIENTED_EDGE('',*,*,#438,.T.);
#185=ORIENTED_EDGE('',*,*,#439,.T.);
#186=ORIENTED_EDGE('',*,*,#440,.F.);
#187=ORIENTED_EDGE('',*,*,#441,.T.);
#188=ORIENTED_EDGE('',*,*,#442,.F.);
#189=ORIENTED_EDGE('',*,*,#443,.F.);
#190=ORIENTED_EDGE('',*,*,#444,.T.);
#191=ORIENTED_EDGE('',*,*,#445,.T.);
#192=ORIENTED_EDGE('',*,*,#446,.T.);
#193=ORIENTED_EDGE('',*,*,#441,.F.);
#194=ORIENTED_EDGE('',*,*,#447,.T.);
#195=ORIENTED_EDGE('',*,*,#430,.T.);
#196=ORIENTED_EDGE('',*,*,#448,.T.);
#197=ORIENTED_EDGE('',*,*,#449,.T.);
#198=ORIENTED_EDGE('',*,*,#450,.T.);
#199=ORIENTED_EDGE('',*,*,#451,.T.);
#200=ORIENTED_EDGE('',*,*,#452,.T.);
#201=ORIENTED_EDGE('',*,*,#453,.T.);
#202=ORIENTED_EDGE('',*,*,#454,.T.);
#203=ORIENTED_EDGE('',*,*,#455,.T.);
#204=ORIENTED_EDGE('',*,*,#456,.T.);
#205=ORIENTED_EDGE('',*,*,#457,.T.);
#206=ORIENTED_EDGE('',*,*,#458,.T.);
#207=ORIENTED_EDGE('',*,*,#459,.T.);
#208=ORIENTED_EDGE('',*,*,#460,.F.);
#209=ORIENTED_EDGE('',*,*,#461,.T.);
#210=ORIENTED_EDGE('',*,*,#424,.T.);
#211=ORIENTED_EDGE('',*,*,#462,.F.);
#212=ORIENTED_EDGE('',*,*,#463,.T.);
#213=ORIENTED_EDGE('',*,*,#464,.T.);
#214=ORIENTED_EDGE('',*,*,#465,.T.);
#215=ORIENTED_EDGE('',*,*,#466,.T.);
#216=ORIENTED_EDGE('',*,*,#433,.T.);
#217=ORIENTED_EDGE('',*,*,#467,.T.);
#218=ORIENTED_EDGE('',*,*,#468,.F.);
#219=ORIENTED_EDGE('',*,*,#469,.F.);
#220=ORIENTED_EDGE('',*,*,#470,.F.);
#221=ORIENTED_EDGE('',*,*,#464,.F.);
#222=ORIENTED_EDGE('',*,*,#432,.T.);
#223=ORIENTED_EDGE('',*,*,#471,.T.);
#224=ORIENTED_EDGE('',*,*,#467,.F.);
#225=ORIENTED_EDGE('',*,*,#472,.F.);
#226=ORIENTED_EDGE('',*,*,#473,.T.);
#227=ORIENTED_EDGE('',*,*,#474,.F.);
#228=ORIENTED_EDGE('',*,*,#444,.F.);
#229=ORIENTED_EDGE('',*,*,#429,.F.);
#230=ORIENTED_EDGE('',*,*,#475,.T.);
#231=ORIENTED_EDGE('',*,*,#442,.T.);
#232=ORIENTED_EDGE('',*,*,#446,.F.);
#233=ORIENTED_EDGE('',*,*,#476,.F.);
#234=ORIENTED_EDGE('',*,*,#422,.F.);
#235=ORIENTED_EDGE('',*,*,#477,.F.);
#236=ORIENTED_EDGE('',*,*,#478,.T.);
#237=ORIENTED_EDGE('',*,*,#479,.F.);
#238=ORIENTED_EDGE('',*,*,#480,.F.);
#239=ORIENTED_EDGE('',*,*,#481,.T.);
#240=ORIENTED_EDGE('',*,*,#482,.F.);
#241=ORIENTED_EDGE('',*,*,#483,.T.);
#242=ORIENTED_EDGE('',*,*,#484,.F.);
#243=ORIENTED_EDGE('',*,*,#485,.T.);
#244=ORIENTED_EDGE('',*,*,#486,.F.);
#245=ORIENTED_EDGE('',*,*,#487,.T.);
#246=ORIENTED_EDGE('',*,*,#488,.F.);
#247=ORIENTED_EDGE('',*,*,#489,.T.);
#248=ORIENTED_EDGE('',*,*,#490,.F.);
#249=ORIENTED_EDGE('',*,*,#491,.T.);
#250=ORIENTED_EDGE('',*,*,#480,.T.);
#251=ORIENTED_EDGE('',*,*,#492,.F.);
#252=ORIENTED_EDGE('',*,*,#493,.F.);
#253=ORIENTED_EDGE('',*,*,#465,.F.);
#254=ORIENTED_EDGE('',*,*,#470,.T.);
#255=ORIENTED_EDGE('',*,*,#494,.F.);
#256=ORIENTED_EDGE('',*,*,#495,.T.);
#257=ORIENTED_EDGE('',*,*,#496,.F.);
#258=ORIENTED_EDGE('',*,*,#497,.T.);
#259=ORIENTED_EDGE('',*,*,#498,.F.);
#260=ORIENTED_EDGE('',*,*,#499,.F.);
#261=ORIENTED_EDGE('',*,*,#500,.F.);
#262=ORIENTED_EDGE('',*,*,#437,.T.);
#263=ORIENTED_EDGE('',*,*,#501,.T.);
#264=ORIENTED_EDGE('',*,*,#502,.T.);
#265=ORIENTED_EDGE('',*,*,#494,.T.);
#266=ORIENTED_EDGE('',*,*,#503,.F.);
#267=ORIENTED_EDGE('',*,*,#501,.F.);
#268=ORIENTED_EDGE('',*,*,#497,.F.);
#269=ORIENTED_EDGE('',*,*,#504,.T.);
#270=ORIENTED_EDGE('',*,*,#505,.F.);
#271=ORIENTED_EDGE('',*,*,#458,.F.);
#272=ORIENTED_EDGE('',*,*,#506,.F.);
#273=ORIENTED_EDGE('',*,*,#507,.F.);
#274=ORIENTED_EDGE('',*,*,#450,.F.);
#275=ORIENTED_EDGE('',*,*,#508,.F.);
#276=ORIENTED_EDGE('',*,*,#454,.F.);
#277=ORIENTED_EDGE('',*,*,#509,.F.);
#278=ORIENTED_EDGE('',*,*,#510,.F.);
#279=ORIENTED_EDGE('',*,*,#511,.F.);
#280=ORIENTED_EDGE('',*,*,#512,.F.);
#281=ORIENTED_EDGE('',*,*,#459,.F.);
#282=ORIENTED_EDGE('',*,*,#505,.T.);
#283=ORIENTED_EDGE('',*,*,#513,.F.);
#284=ORIENTED_EDGE('',*,*,#435,.F.);
#285=ORIENTED_EDGE('',*,*,#514,.T.);
#286=ORIENTED_EDGE('',*,*,#492,.T.);
#287=ORIENTED_EDGE('',*,*,#479,.T.);
#288=ORIENTED_EDGE('',*,*,#515,.T.);
#289=ORIENTED_EDGE('',*,*,#461,.F.);
#290=ORIENTED_EDGE('',*,*,#516,.F.);
#291=ORIENTED_EDGE('',*,*,#477,.T.);
#292=ORIENTED_EDGE('',*,*,#425,.F.);
#293=ORIENTED_EDGE('',*,*,#466,.F.);
#294=ORIENTED_EDGE('',*,*,#493,.T.);
#295=ORIENTED_EDGE('',*,*,#514,.F.);
#296=ORIENTED_EDGE('',*,*,#434,.T.);
#297=ORIENTED_EDGE('',*,*,#517,.T.);
#298=ORIENTED_EDGE('',*,*,#498,.T.);
#299=ORIENTED_EDGE('',*,*,#436,.F.);
#300=ORIENTED_EDGE('',*,*,#513,.T.);
#301=ORIENTED_EDGE('',*,*,#504,.F.);
#302=ORIENTED_EDGE('',*,*,#496,.T.);
#303=ORIENTED_EDGE('',*,*,#518,.F.);
#304=ORIENTED_EDGE('',*,*,#506,.T.);
#305=ORIENTED_EDGE('',*,*,#457,.F.);
#306=ORIENTED_EDGE('',*,*,#519,.F.);
#307=ORIENTED_EDGE('',*,*,#451,.F.);
#308=ORIENTED_EDGE('',*,*,#507,.T.);
#309=ORIENTED_EDGE('',*,*,#453,.F.);
#310=ORIENTED_EDGE('',*,*,#520,.F.);
#311=ORIENTED_EDGE('',*,*,#455,.F.);
#312=ORIENTED_EDGE('',*,*,#508,.T.);
#313=ORIENTED_EDGE('',*,*,#449,.F.);
#314=ORIENTED_EDGE('',*,*,#521,.F.);
#315=ORIENTED_EDGE('',*,*,#522,.F.);
#316=ORIENTED_EDGE('',*,*,#523,.F.);
#317=ORIENTED_EDGE('',*,*,#428,.F.);
#318=ORIENTED_EDGE('',*,*,#524,.T.);
#319=ORIENTED_EDGE('',*,*,#443,.T.);
#320=ORIENTED_EDGE('',*,*,#475,.F.);
#321=ORIENTED_EDGE('',*,*,#515,.F.);
#322=ORIENTED_EDGE('',*,*,#478,.F.);
#323=ORIENTED_EDGE('',*,*,#516,.T.);
#324=ORIENTED_EDGE('',*,*,#460,.T.);
#325=ORIENTED_EDGE('',*,*,#525,.F.);
#326=ORIENTED_EDGE('',*,*,#438,.F.);
#327=ORIENTED_EDGE('',*,*,#500,.T.);
#328=ORIENTED_EDGE('',*,*,#488,.T.);
#329=ORIENTED_EDGE('',*,*,#526,.T.);
#330=ORIENTED_EDGE('',*,*,#484,.T.);
#331=ORIENTED_EDGE('',*,*,#527,.T.);
#332=ORIENTED_EDGE('',*,*,#495,.F.);
#333=ORIENTED_EDGE('',*,*,#502,.F.);
#334=ORIENTED_EDGE('',*,*,#503,.T.);
#335=ORIENTED_EDGE('',*,*,#518,.T.);
#336=ORIENTED_EDGE('',*,*,#528,.F.);
#337=ORIENTED_EDGE('',*,*,#525,.T.);
#338=ORIENTED_EDGE('',*,*,#499,.T.);
#339=ORIENTED_EDGE('',*,*,#517,.F.);
#340=ORIENTED_EDGE('',*,*,#452,.F.);
#341=ORIENTED_EDGE('',*,*,#519,.T.);
#342=ORIENTED_EDGE('',*,*,#456,.F.);
#343=ORIENTED_EDGE('',*,*,#520,.T.);
#344=ORIENTED_EDGE('',*,*,#447,.F.);
#345=ORIENTED_EDGE('',*,*,#522,.T.);
#346=ORIENTED_EDGE('',*,*,#426,.F.);
#347=ORIENTED_EDGE('',*,*,#521,.T.);
#348=ORIENTED_EDGE('',*,*,#448,.F.);
#349=ORIENTED_EDGE('',*,*,#423,.F.);
#350=ORIENTED_EDGE('',*,*,#476,.T.);
#351=ORIENTED_EDGE('',*,*,#529,.F.);
#352=ORIENTED_EDGE('',*,*,#523,.T.);
#353=ORIENTED_EDGE('',*,*,#440,.T.);
#354=ORIENTED_EDGE('',*,*,#530,.F.);
#355=ORIENTED_EDGE('',*,*,#531,.T.);
#356=ORIENTED_EDGE('',*,*,#431,.T.);
#357=ORIENTED_EDGE('',*,*,#528,.T.);
#358=ORIENTED_EDGE('',*,*,#532,.T.);
#359=ORIENTED_EDGE('',*,*,#462,.T.);
#360=ORIENTED_EDGE('',*,*,#533,.F.);
#361=ORIENTED_EDGE('',*,*,#530,.T.);
#362=ORIENTED_EDGE('',*,*,#439,.F.);
#363=ORIENTED_EDGE('',*,*,#524,.F.);
#364=ORIENTED_EDGE('',*,*,#427,.T.);
#365=ORIENTED_EDGE('',*,*,#529,.T.);
#366=ORIENTED_EDGE('',*,*,#489,.F.);
#367=ORIENTED_EDGE('',*,*,#527,.F.);
#368=ORIENTED_EDGE('',*,*,#483,.F.);
#369=ORIENTED_EDGE('',*,*,#534,.T.);
#370=ORIENTED_EDGE('',*,*,#485,.F.);
#371=ORIENTED_EDGE('',*,*,#526,.F.);
#372=ORIENTED_EDGE('',*,*,#487,.F.);
#373=ORIENTED_EDGE('',*,*,#535,.T.);
#374=ORIENTED_EDGE('',*,*,#481,.F.);
#375=ORIENTED_EDGE('',*,*,#491,.F.);
#376=ORIENTED_EDGE('',*,*,#463,.F.);
#377=ORIENTED_EDGE('',*,*,#532,.F.);
#378=ORIENTED_EDGE('',*,*,#490,.T.);
#379=ORIENTED_EDGE('',*,*,#469,.T.);
#380=ORIENTED_EDGE('',*,*,#534,.F.);
#381=ORIENTED_EDGE('',*,*,#482,.T.);
#382=ORIENTED_EDGE('',*,*,#535,.F.);
#383=ORIENTED_EDGE('',*,*,#486,.T.);
#384=ORIENTED_EDGE('',*,*,#471,.F.);
#385=ORIENTED_EDGE('',*,*,#531,.F.);
#386=ORIENTED_EDGE('',*,*,#533,.T.);
#387=ORIENTED_EDGE('',*,*,#468,.T.);
#388=ORIENTED_EDGE('',*,*,#473,.F.);
#389=ORIENTED_EDGE('',*,*,#536,.T.);
#390=ORIENTED_EDGE('',*,*,#536,.F.);
#391=ORIENTED_EDGE('',*,*,#472,.T.);
#392=ORIENTED_EDGE('',*,*,#445,.F.);
#393=ORIENTED_EDGE('',*,*,#474,.T.);
#394=ORIENTED_EDGE('',*,*,#537,.T.);
#395=ORIENTED_EDGE('',*,*,#512,.T.);
#396=ORIENTED_EDGE('',*,*,#538,.T.);
#397=ORIENTED_EDGE('',*,*,#511,.T.);
#398=ORIENTED_EDGE('',*,*,#539,.T.);
#399=ORIENTED_EDGE('',*,*,#510,.T.);
#400=ORIENTED_EDGE('',*,*,#540,.T.);
#401=ORIENTED_EDGE('',*,*,#509,.T.);
#402=ORIENTED_EDGE('',*,*,#541,.T.);
#403=ORIENTED_EDGE('',*,*,#542,.T.);
#404=ORIENTED_EDGE('',*,*,#543,.T.);
#405=ORIENTED_EDGE('',*,*,#544,.T.);
#406=ORIENTED_EDGE('',*,*,#545,.T.);
#407=ORIENTED_EDGE('',*,*,#539,.F.);
#408=ORIENTED_EDGE('',*,*,#546,.T.);
#409=ORIENTED_EDGE('',*,*,#538,.F.);
#410=ORIENTED_EDGE('',*,*,#547,.T.);
#411=ORIENTED_EDGE('',*,*,#540,.F.);
#412=ORIENTED_EDGE('',*,*,#548,.T.);
#413=ORIENTED_EDGE('',*,*,#537,.F.);
#414=ORIENTED_EDGE('',*,*,#548,.F.);
#415=ORIENTED_EDGE('',*,*,#544,.F.);
#416=ORIENTED_EDGE('',*,*,#547,.F.);
#417=ORIENTED_EDGE('',*,*,#541,.F.);
#418=ORIENTED_EDGE('',*,*,#546,.F.);
#419=ORIENTED_EDGE('',*,*,#543,.F.);
#420=ORIENTED_EDGE('',*,*,#545,.F.);
#421=ORIENTED_EDGE('',*,*,#542,.F.);
#422=EDGE_CURVE('',#549,#550,#637,.T.);
#423=EDGE_CURVE('',#550,#551,#58,.T.);
#424=EDGE_CURVE('',#552,#551,#638,.T.);
#425=EDGE_CURVE('',#552,#549,#59,.F.);
#426=EDGE_CURVE('',#553,#554,#60,.F.);
#427=EDGE_CURVE('',#555,#554,#61,.T.);
#428=EDGE_CURVE('',#555,#556,#46,.F.);
#429=EDGE_CURVE('',#556,#557,#639,.T.);
#430=EDGE_CURVE('',#553,#557,#640,.T.);
#431=EDGE_CURVE('',#558,#559,#62,.T.);
#432=EDGE_CURVE('',#560,#558,#641,.T.);
#433=EDGE_CURVE('',#561,#560,#63,.T.);
#434=EDGE_CURVE('',#562,#561,#64,.T.);
#435=EDGE_CURVE('',#562,#563,#65,.T.);
#436=EDGE_CURVE('',#563,#564,#66,.T.);
#437=EDGE_CURVE('',#565,#564,#67,.T.);
#438=EDGE_CURVE('',#565,#559,#642,.T.);
#439=EDGE_CURVE('',#566,#567,#68,.T.);
#440=EDGE_CURVE('',#568,#567,#69,.F.);
#441=EDGE_CURVE('',#568,#569,#643,.T.);
#442=EDGE_CURVE('',#570,#569,#644,.T.);
#443=EDGE_CURVE('',#566,#570,#47,.T.);
#444=EDGE_CURVE('',#557,#571,#70,.T.);
#445=EDGE_CURVE('',#571,#572,#645,.T.);
#446=EDGE_CURVE('',#572,#569,#71,.T.);
#447=EDGE_CURVE('',#568,#553,#646,.T.);
#448=EDGE_CURVE('',#551,#573,#647,.T.);
#449=EDGE_CURVE('',#573,#574,#72,.F.);
#450=EDGE_CURVE('',#574,#575,#648,.T.);
#451=EDGE_CURVE('',#575,#576,#73,.T.);
#452=EDGE_CURVE('',#576,#577,#649,.T.);
#453=EDGE_CURVE('',#577,#578,#74,.F.);
#454=EDGE_CURVE('',#578,#579,#650,.T.);
#455=EDGE_CURVE('',#579,#580,#75,.T.);
#456=EDGE_CURVE('',#580,#581,#651,.T.);
#457=EDGE_CURVE('',#581,#582,#76,.F.);
#458=EDGE_CURVE('',#582,#583,#652,.T.);
#459=EDGE_CURVE('',#583,#584,#77,.T.);
#460=EDGE_CURVE('',#585,#584,#653,.T.);
#461=EDGE_CURVE('',#585,#552,#654,.T.);
#462=EDGE_CURVE('',#586,#587,#655,.T.);
#463=EDGE_CURVE('',#586,#588,#78,.T.);
#464=EDGE_CURVE('',#588,#589,#656,.T.);
#465=EDGE_CURVE('',#589,#590,#79,.F.);
#466=EDGE_CURVE('',#590,#561,#48,.T.);
#467=EDGE_CURVE('',#560,#591,#657,.T.);
#468=EDGE_CURVE('',#587,#591,#80,.T.);
#469=EDGE_CURVE('',#592,#588,#658,.T.);
#470=EDGE_CURVE('',#589,#592,#49,.T.);
#471=EDGE_CURVE('',#558,#591,#659,.T.);
#472=EDGE_CURVE('',#593,#594,#660,.T.);
#473=EDGE_CURVE('',#593,#594,#81,.F.);
#474=EDGE_CURVE('',#571,#572,#661,.T.);
#475=EDGE_CURVE('',#556,#570,#82,.T.);
#476=EDGE_CURVE('',#550,#595,#662,.T.);
#477=EDGE_CURVE('',#596,#549,#663,.T.);
#478=EDGE_CURVE('',#596,#597,#664,.T.);
#479=EDGE_CURVE('',#598,#597,#83,.T.);
#480=EDGE_CURVE('',#599,#598,#665,.T.);
#481=EDGE_CURVE('',#599,#600,#84,.T.);
#482=EDGE_CURVE('',#601,#600,#666,.T.);
#483=EDGE_CURVE('',#601,#602,#85,.F.);
#484=EDGE_CURVE('',#603,#602,#667,.T.);
#485=EDGE_CURVE('',#603,#604,#86,.T.);
#486=EDGE_CURVE('',#605,#604,#668,.T.);
#487=EDGE_CURVE('',#605,#606,#87,.F.);
#488=EDGE_CURVE('',#607,#606,#669,.T.);
#489=EDGE_CURVE('',#607,#595,#88,.T.);
#490=EDGE_CURVE('',#608,#592,#89,.T.);
#491=EDGE_CURVE('',#608,#599,#90,.T.);
#492=EDGE_CURVE('',#609,#598,#91,.T.);
#493=EDGE_CURVE('',#590,#609,#92,.T.);
#494=EDGE_CURVE('',#610,#611,#670,.T.);
#495=EDGE_CURVE('',#610,#612,#93,.T.);
#496=EDGE_CURVE('',#613,#612,#671,.T.);
#497=EDGE_CURVE('',#613,#611,#94,.F.);
#498=EDGE_CURVE('',#614,#564,#672,.T.);
#499=EDGE_CURVE('',#615,#614,#95,.T.);
#500=EDGE_CURVE('',#565,#615,#673,.T.);
#501=EDGE_CURVE('',#611,#616,#50,.T.);
#502=EDGE_CURVE('',#616,#610,#674,.T.);
#503=EDGE_CURVE('',#616,#617,#96,.T.);
#504=EDGE_CURVE('',#613,#618,#97,.T.);
#505=EDGE_CURVE('',#583,#618,#98,.T.);
#506=EDGE_CURVE('',#617,#582,#99,.T.);
#507=EDGE_CURVE('',#575,#578,#100,.T.);
#508=EDGE_CURVE('',#579,#574,#101,.T.);
#509=EDGE_CURVE('',#619,#619,#51,.T.);
#510=EDGE_CURVE('',#620,#620,#52,.T.);
#511=EDGE_CURVE('',#621,#621,#53,.T.);
#512=EDGE_CURVE('',#622,#622,#54,.T.);
#513=EDGE_CURVE('',#563,#618,#102,.T.);
#514=EDGE_CURVE('',#562,#609,#103,.T.);
#515=EDGE_CURVE('',#597,#584,#104,.T.);
#516=EDGE_CURVE('',#596,#585,#105,.T.);
#517=EDGE_CURVE('',#623,#614,#106,.T.);
#518=EDGE_CURVE('',#617,#612,#675,.T.);
#519=EDGE_CURVE('',#576,#581,#676,.T.);
#520=EDGE_CURVE('',#580,#577,#677,.T.);
#521=EDGE_CURVE('',#553,#573,#678,.T.);
#522=EDGE_CURVE('',#568,#553,#679,.T.);
#523=EDGE_CURVE('',#623,#568,#680,.T.);
#524=EDGE_CURVE('',#555,#566,#107,.T.);
#525=EDGE_CURVE('',#559,#615,#681,.T.);
#526=EDGE_CURVE('',#606,#603,#108,.T.);
#527=EDGE_CURVE('',#602,#607,#109,.T.);
#528=EDGE_CURVE('',#559,#623,#110,.T.);
#529=EDGE_CURVE('',#554,#595,#682,.T.);
#530=EDGE_CURVE('',#624,#567,#683,.T.);
#531=EDGE_CURVE('',#624,#558,#111,.T.);
#532=EDGE_CURVE('',#608,#586,#684,.T.);
#533=EDGE_CURVE('',#624,#587,#112,.T.);
#534=EDGE_CURVE('',#601,#604,#685,.T.);
#535=EDGE_CURVE('',#605,#600,#686,.T.);
#536=EDGE_CURVE('',#593,#594,#687,.T.);
#537=EDGE_CURVE('',#625,#625,#55,.T.);
#538=EDGE_CURVE('',#626,#626,#688,.T.);
#539=EDGE_CURVE('',#627,#627,#689,.T.);
#540=EDGE_CURVE('',#628,#628,#690,.T.);
#541=EDGE_CURVE('',#629,#629,#691,.T.);
#542=EDGE_CURVE('',#630,#630,#692,.T.);
#543=EDGE_CURVE('',#631,#631,#693,.T.);
#544=EDGE_CURVE('',#632,#632,#56,.T.);
#545=EDGE_CURVE('',#633,#633,#694,.T.);
#546=EDGE_CURVE('',#634,#634,#695,.T.);
#547=EDGE_CURVE('',#635,#635,#696,.T.);
#548=EDGE_CURVE('',#636,#636,#57,.T.);
#549=VERTEX_POINT('',#1143);
#550=VERTEX_POINT('',#1144);
#551=VERTEX_POINT('',#1146);
#552=VERTEX_POINT('',#1173);
#553=VERTEX_POINT('',#1177);
#554=VERTEX_POINT('',#1178);
#555=VERTEX_POINT('',#1180);
#556=VERTEX_POINT('',#1182);
#557=VERTEX_POINT('',#1188);
#558=VERTEX_POINT('',#1196);
#559=VERTEX_POINT('',#1197);
#560=VERTEX_POINT('',#1202);
#561=VERTEX_POINT('',#1204);
#562=VERTEX_POINT('',#1206);
#563=VERTEX_POINT('',#1208);
#564=VERTEX_POINT('',#1210);
#565=VERTEX_POINT('',#1212);
#566=VERTEX_POINT('',#1219);
#567=VERTEX_POINT('',#1220);
#568=VERTEX_POINT('',#1222);
#569=VERTEX_POINT('',#1228);
#570=VERTEX_POINT('',#1234);
#571=VERTEX_POINT('',#1257);
#572=VERTEX_POINT('',#1267);
#573=VERTEX_POINT('',#1377);
#574=VERTEX_POINT('',#1379);
#575=VERTEX_POINT('',#1406);
#576=VERTEX_POINT('',#1408);
#577=VERTEX_POINT('',#1417);
#578=VERTEX_POINT('',#1419);
#579=VERTEX_POINT('',#1446);
#580=VERTEX_POINT('',#1448);
#581=VERTEX_POINT('',#1459);
#582=VERTEX_POINT('',#1461);
#583=VERTEX_POINT('',#1488);
#584=VERTEX_POINT('',#1490);
#585=VERTEX_POINT('',#1517);
#586=VERTEX_POINT('',#1528);
#587=VERTEX_POINT('',#1529);
#588=VERTEX_POINT('',#1531);
#589=VERTEX_POINT('',#1536);
#590=VERTEX_POINT('',#1538);
#591=VERTEX_POINT('',#1544);
#592=VERTEX_POINT('',#1553);
#593=VERTEX_POINT('',#1595);
#594=VERTEX_POINT('',#1596);
#595=VERTEX_POINT('',#1709);
#596=VERTEX_POINT('',#1715);
#597=VERTEX_POINT('',#1742);
#598=VERTEX_POINT('',#1744);
#599=VERTEX_POINT('',#1771);
#600=VERTEX_POINT('',#1773);
#601=VERTEX_POINT('',#1783);
#602=VERTEX_POINT('',#1785);
#603=VERTEX_POINT('',#1812);
#604=VERTEX_POINT('',#1814);
#605=VERTEX_POINT('',#1823);
#606=VERTEX_POINT('',#1825);
#607=VERTEX_POINT('',#1852);
#608=VERTEX_POINT('',#1856);
#609=VERTEX_POINT('',#1859);
#610=VERTEX_POINT('',#1866);
#611=VERTEX_POINT('',#1867);
#612=VERTEX_POINT('',#1869);
#613=VERTEX_POINT('',#1874);
#614=VERTEX_POINT('',#1881);
#615=VERTEX_POINT('',#1883);
#616=VERTEX_POINT('',#1890);
#617=VERTEX_POINT('',#1899);
#618=VERTEX_POINT('',#1901);
#619=VERTEX_POINT('',#1909);
#620=VERTEX_POINT('',#1911);
#621=VERTEX_POINT('',#1913);
#622=VERTEX_POINT('',#1915);
#623=VERTEX_POINT('',#1931);
#624=VERTEX_POINT('',#2051);
#625=VERTEX_POINT('',#2119);
#626=VERTEX_POINT('',#2132);
#627=VERTEX_POINT('',#2145);
#628=VERTEX_POINT('',#2158);
#629=VERTEX_POINT('',#2167);
#630=VERTEX_POINT('',#2176);
#631=VERTEX_POINT('',#2185);
#632=VERTEX_POINT('',#2188);
#633=VERTEX_POINT('',#2263);
#634=VERTEX_POINT('',#2338);
#635=VERTEX_POINT('',#2413);
#636=VERTEX_POINT('',#2416);
#637=B_SPLINE_CURVE_WITH_KNOTS('',3,(#1117,#1118,#1119,#1120,#1121,#1122,
#1123,#1124,#1125,#1126,#1127,#1128,#1129,#1130,#1131,#1132,#1133,#1134,
#1135,#1136,#1137,#1138,#1139,#1140,#1141,#1142),.UNSPECIFIED.,.T.,.F.,
(1,3,1,1,1,1,1,1,1,1,1,1,1,1,1,1,1,1,1,1,1,1,1,1,3,1),(-0.0319953308219025,
0.,0.0528906655963662,0.111085152591064,0.177513875653757,0.248456132133941,
0.300898976030317,0.340758552284566,0.374052794483262,0.413646556445148,
0.447257387617048,0.489536462535136,0.515561430452994,0.541508798204115,
0.568242621312298,0.588908092303627,0.624581754303046,0.662853787732515,
0.701749936407812,0.749073981118733,0.816446530235874,0.881445657028469,
0.919982913402397,0.968004669178098,1.,1.05289066559637),.UNSPECIFIED.);
#638=B_SPLINE_CURVE_WITH_KNOTS('',3,(#1147,#1148,#1149,#1150,#1151,#1152,
#1153,#1154,#1155,#1156,#1157,#1158,#1159,#1160,#1161,#1162,#1163,#1164,
#1165,#1166,#1167,#1168,#1169,#1170,#1171,#1172),.UNSPECIFIED.,.T.,.F.,
(1,3,1,1,1,1,1,1,1,1,1,1,1,1,1,1,1,1,1,1,1,1,1,1,3,1),(-0.0319953308219025,
0.,0.0528906655963662,0.111085152591064,0.177513875653757,0.248456132133941,
0.300898976030317,0.340758552284566,0.374052794483263,0.413646556445148,
0.447257387617048,0.489536462535136,0.515561430452994,0.541508798204115,
0.568242621312299,0.588908092303627,0.624581754303046,0.662853787732515,
0.701749936407812,0.749073981118733,0.816446530235874,0.881445657028469,
0.919982913402397,0.968004669178098,1.,1.05289066559637),.UNSPECIFIED.);
#639=B_SPLINE_CURVE_WITH_KNOTS('',3,(#1183,#1184,#1185,#1186,#1187),
 .UNSPECIFIED.,.F.,.F.,(4,1,4),(0.,0.406362267523909,1.),.UNSPECIFIED.);
#640=B_SPLINE_CURVE_WITH_KNOTS('',3,(#1189,#1190,#1191,#1192,#1193),
 .UNSPECIFIED.,.F.,.F.,(4,1,4),(0.,0.406362267523909,1.),.UNSPECIFIED.);
#641=B_SPLINE_CURVE_WITH_KNOTS('',3,(#1198,#1199,#1200,#1201),
 .UNSPECIFIED.,.F.,.F.,(4,4),(0.,1.),.PIECEWISE_BEZIER_KNOTS.);
#642=B_SPLINE_CURVE_WITH_KNOTS('',3,(#1213,#1214,#1215,#1216),
 .UNSPECIFIED.,.F.,.F.,(4,4),(0.,1.),.PIECEWISE_BEZIER_KNOTS.);
#643=B_SPLINE_CURVE_WITH_KNOTS('',3,(#1223,#1224,#1225,#1226,#1227),
 .UNSPECIFIED.,.F.,.F.,(4,1,4),(0.,0.406362267523909,1.),.UNSPECIFIED.);
#644=B_SPLINE_CURVE_WITH_KNOTS('',3,(#1229,#1230,#1231,#1232,#1233),
 .UNSPECIFIED.,.F.,.F.,(4,1,4),(0.,0.406362267523909,1.),.UNSPECIFIED.);
#645=B_SPLINE_CURVE_WITH_KNOTS('',3,(#1258,#1259,#1260,#1261,#1262,#1263,
#1264,#1265,#1266),.UNSPECIFIED.,.F.,.F.,(4,1,1,1,1,1,4),(1.73472347597681E-18,
0.000711060166935785,0.00106659025040368,0.00142212033387157,0.00177765041733946,
0.00213318050080735,0.00284424066774314),.UNSPECIFIED.);
#646=B_SPLINE_CURVE_WITH_KNOTS('',3,(#1269,#1270,#1271,#1272,#1273,#1274,
#1275),.UNSPECIFIED.,.F.,.F.,(4,1,1,1,4),(2.83684885653185E-18,0.00102209001005873,
0.00204418002011745,0.00306627003017618,0.00408836004023491),
 .UNSPECIFIED.);
#647=B_SPLINE_CURVE_WITH_KNOTS('',3,(#1368,#1369,#1370,#1371,#1372,#1373,
#1374,#1375,#1376),.UNSPECIFIED.,.F.,.F.,(4,1,1,1,1,1,4),(0.00770025816285243,
0.00911404432291347,0.00982093740294399,0.0105278304829745,0.011234723563005,
0.0119416166430355,0.0133554028030966),.UNSPECIFIED.);
#648=B_SPLINE_CURVE_WITH_KNOTS('',3,(#1380,#1381,#1382,#1383,#1384,#1385,
#1386,#1387,#1388,#1389,#1390,#1391,#1392,#1393,#1394,#1395,#1396,#1397,
#1398,#1399,#1400,#1401,#1402,#1403,#1404,#1405),.UNSPECIFIED.,.T.,.F.,
(1,3,1,1,1,1,1,1,1,1,1,1,1,1,1,1,1,1,1,1,1,1,1,1,3,1),(-0.0319953308219025,
0.,0.0528906655963662,0.111085152591064,0.177513875653757,0.248456132133941,
0.300898976030317,0.340758552284566,0.374052794483263,0.413646556445148,
0.447257387617048,0.489536462535136,0.515561430452994,0.541508798204115,
0.568242621312299,0.588908092303627,0.624581754303046,0.662853787732515,
0.701749936407812,0.749073981118733,0.816446530235874,0.881445657028469,
0.919982913402397,0.968004669178098,1.,1.05289066559637),.UNSPECIFIED.);
#649=B_SPLINE_CURVE_WITH_KNOTS('',3,(#1409,#1410,#1411,#1412,#1413,#1414,
#1415,#1416),.UNSPECIFIED.,.F.,.F.,(4,1,1,1,1,4),(0.,0.000615897163689956,
0.00123179432737991,0.00153974290922489,0.00184769149106987,0.00246358865475983),
 .UNSPECIFIED.);
#650=B_SPLINE_CURVE_WITH_KNOTS('',3,(#1420,#1421,#1422,#1423,#1424,#1425,
#1426,#1427,#1428,#1429,#1430,#1431,#1432,#1433,#1434,#1435,#1436,#1437,
#1438,#1439,#1440,#1441,#1442,#1443,#1444,#1445),.UNSPECIFIED.,.T.,.F.,
(1,3,1,1,1,1,1,1,1,1,1,1,1,1,1,1,1,1,1,1,1,1,1,1,3,1),(-0.0319953308219025,
0.,0.0528906655963662,0.111085152591064,0.177513875653757,0.248456132133941,
0.300898976030317,0.340758552284566,0.374052794483263,0.413646556445148,
0.447257387617048,0.489536462535136,0.515561430452994,0.541508798204115,
0.568242621312299,0.588908092303627,0.624581754303046,0.662853787732515,
0.701749936407812,0.749073981118733,0.816446530235874,0.881445657028469,
0.919982913402397,0.968004669178098,1.,1.05289066559637),.UNSPECIFIED.);
#651=B_SPLINE_CURVE_WITH_KNOTS('',3,(#1449,#1450,#1451,#1452,#1453,#1454,
#1455,#1456,#1457,#1458),.UNSPECIFIED.,.F.,.F.,(4,1,1,1,1,1,1,4),(0.,0.000309145530045255,
0.00061829106009051,0.00123658212018102,0.00185487318027153,0.00247316424036204,
0.00370974636054306,0.00494632848072408),.UNSPECIFIED.);
#652=B_SPLINE_CURVE_WITH_KNOTS('',3,(#1462,#1463,#1464,#1465,#1466,#1467,
#1468,#1469,#1470,#1471,#1472,#1473,#1474,#1475,#1476,#1477,#1478,#1479,
#1480,#1481,#1482,#1483,#1484,#1485,#1486,#1487),.UNSPECIFIED.,.T.,.F.,
(1,3,1,1,1,1,1,1,1,1,1,1,1,1,1,1,1,1,1,1,1,1,1,1,3,1),(-0.0319953308219025,
0.,0.0528906655963662,0.111085152591064,0.177513875653757,0.248456132133941,
0.300898976030317,0.340758552284566,0.374052794483263,0.413646556445148,
0.447257387617048,0.489536462535136,0.515561430452994,0.541508798204115,
0.568242621312299,0.588908092303627,0.624581754303046,0.662853787732515,
0.701749936407812,0.749073981118733,0.816446530235874,0.881445657028469,
0.919982913402397,0.968004669178098,1.,1.05289066559637),.UNSPECIFIED.);
#653=B_SPLINE_CURVE_WITH_KNOTS('',3,(#1491,#1492,#1493,#1494,#1495,#1496,
#1497,#1498,#1499,#1500,#1501,#1502,#1503,#1504,#1505,#1506,#1507,#1508,
#1509,#1510,#1511,#1512,#1513,#1514,#1515,#1516),.UNSPECIFIED.,.T.,.F.,
(1,3,1,1,1,1,1,1,1,1,1,1,1,1,1,1,1,1,1,1,1,1,1,1,3,1),(-0.0319953308219025,
0.,0.0528906655963662,0.111085152591064,0.177513875653757,0.248456132133941,
0.300898976030317,0.340758552284566,0.374052794483263,0.413646556445148,
0.447257387617048,0.489536462535136,0.515561430452994,0.541508798204115,
0.568242621312299,0.588908092303627,0.624581754303046,0.662853787732515,
0.701749936407812,0.749073981118733,0.816446530235874,0.881445657028469,
0.919982913402397,0.968004669178098,1.,1.05289066559637),.UNSPECIFIED.);
#654=B_SPLINE_CURVE_WITH_KNOTS('',3,(#1518,#1519,#1520,#1521,#1522),
 .UNSPECIFIED.,.F.,.F.,(4,1,4),(2.57678470919057E-13,0.0121220234130003,
0.0242440468257429),.UNSPECIFIED.);
#655=B_SPLINE_CURVE_WITH_KNOTS('',3,(#1524,#1525,#1526,#1527),
 .UNSPECIFIED.,.F.,.F.,(4,4),(0.,1.),.PIECEWISE_BEZIER_KNOTS.);
#656=B_SPLINE_CURVE_WITH_KNOTS('',3,(#1532,#1533,#1534,#1535),
 .UNSPECIFIED.,.F.,.F.,(4,4),(2.54739062852154E-17,0.000815404847664945),
 .UNSPECIFIED.);
#657=B_SPLINE_CURVE_WITH_KNOTS('',3,(#1540,#1541,#1542,#1543),
 .UNSPECIFIED.,.F.,.F.,(4,4),(0.,0.00103266441377153),.UNSPECIFIED.);
#658=B_SPLINE_CURVE_WITH_KNOTS('',3,(#1547,#1548,#1549,#1550,#1551,#1552),
 .UNSPECIFIED.,.F.,.F.,(4,1,1,4),(0.00502377862825652,0.00631365968213898,
0.00695860020908021,0.00760354073602144),.UNSPECIFIED.);
#659=B_SPLINE_CURVE_WITH_KNOTS('',3,(#1563,#1564,#1565,#1566,#1567,#1568,
#1569),.UNSPECIFIED.,.F.,.F.,(4,1,1,1,4),(1.24620449702742E-15,0.00800230329020779,
0.0160046065804143,0.0240069098706209,0.0320092131608274),.UNSPECIFIED.);
#660=B_SPLINE_CURVE_WITH_KNOTS('',3,(#1590,#1591,#1592,#1593,#1594),
 .UNSPECIFIED.,.F.,.F.,(4,1,4),(5.04423504446518E-12,0.000871577807094129,
0.00174315560914402),.UNSPECIFIED.);
#661=B_SPLINE_CURVE_WITH_KNOTS('',3,(#1598,#1599,#1600,#1601,#1602,#1603,
#1604,#1605,#1606),.UNSPECIFIED.,.F.,.F.,(4,1,1,1,1,1,4),(0.,0.000711060166935754,
0.00106659025040363,0.00142212033387151,0.00177765041733939,0.00213318050080726,
0.00284424066774302),.UNSPECIFIED.);
#662=B_SPLINE_CURVE_WITH_KNOTS('',3,(#1700,#1701,#1702,#1703,#1704,#1705,
#1706,#1707,#1708),.UNSPECIFIED.,.F.,.F.,(4,1,1,1,1,1,4),(0.00770745951374253,
0.0090705401432037,0.00975208045793429,0.0104336207726649,0.0111151610873955,
0.0117967014021261,0.0131597820315872),.UNSPECIFIED.);
#663=B_SPLINE_CURVE_WITH_KNOTS('',3,(#1710,#1711,#1712,#1713,#1714),
 .UNSPECIFIED.,.F.,.F.,(4,1,4),(2.92065655472204E-12,0.0121220234148695,
0.0242440468268183),.UNSPECIFIED.);
#664=B_SPLINE_CURVE_WITH_KNOTS('',3,(#1716,#1717,#1718,#1719,#1720,#1721,
#1722,#1723,#1724,#1725,#1726,#1727,#1728,#1729,#1730,#1731,#1732,#1733,
#1734,#1735,#1736,#1737,#1738,#1739,#1740,#1741),.UNSPECIFIED.,.T.,.F.,
(1,3,1,1,1,1,1,1,1,1,1,1,1,1,1,1,1,1,1,1,1,1,1,1,3,1),(-0.0319953308219025,
0.,0.0528906655963662,0.111085152591064,0.177513875653757,0.248456132133941,
0.300898976030317,0.340758552284566,0.374052794483262,0.413646556445148,
0.447257387617048,0.489536462535136,0.515561430452994,0.541508798204115,
0.568242621312298,0.588908092303627,0.624581754303046,0.662853787732515,
0.701749936407812,0.749073981118733,0.816446530235874,0.881445657028469,
0.919982913402397,0.968004669178098,1.,1.05289066559637),.UNSPECIFIED.);
#665=B_SPLINE_CURVE_WITH_KNOTS('',3,(#1745,#1746,#1747,#1748,#1749,#1750,
#1751,#1752,#1753,#1754,#1755,#1756,#1757,#1758,#1759,#1760,#1761,#1762,
#1763,#1764,#1765,#1766,#1767,#1768,#1769,#1770),.UNSPECIFIED.,.T.,.F.,
(1,3,1,1,1,1,1,1,1,1,1,1,1,1,1,1,1,1,1,1,1,1,1,1,3,1),(-0.0319953308219025,
0.,0.0528906655963662,0.111085152591064,0.177513875653757,0.248456132133941,
0.300898976030317,0.340758552284566,0.374052794483262,0.413646556445148,
0.447257387617048,0.489536462535136,0.515561430452994,0.541508798204115,
0.568242621312298,0.588908092303627,0.624581754303046,0.662853787732515,
0.701749936407812,0.749073981118733,0.816446530235874,0.881445657028469,
0.919982913402397,0.968004669178098,1.,1.05289066559637),.UNSPECIFIED.);
#666=B_SPLINE_CURVE_WITH_KNOTS('',3,(#1774,#1775,#1776,#1777,#1778,#1779,
#1780,#1781,#1782),.UNSPECIFIED.,.F.,.F.,(4,1,1,1,1,1,4),(0.,0.000541989884224833,
0.00108397976844967,0.0016259696526745,0.00216795953689933,0.003251939305349,
0.00433591907379867),.UNSPECIFIED.);
#667=B_SPLINE_CURVE_WITH_KNOTS('',3,(#1786,#1787,#1788,#1789,#1790,#1791,
#1792,#1793,#1794,#1795,#1796,#1797,#1798,#1799,#1800,#1801,#1802,#1803,
#1804,#1805,#1806,#1807,#1808,#1809,#1810,#1811),.UNSPECIFIED.,.T.,.F.,
(1,3,1,1,1,1,1,1,1,1,1,1,1,1,1,1,1,1,1,1,1,1,1,1,3,1),(-0.0319953308219025,
0.,0.0528906655963662,0.111085152591064,0.177513875653757,0.248456132133941,
0.300898976030317,0.340758552284566,0.374052794483262,0.413646556445148,
0.447257387617048,0.489536462535136,0.515561430452994,0.541508798204115,
0.568242621312298,0.588908092303627,0.624581754303046,0.662853787732515,
0.701749936407812,0.749073981118733,0.816446530235874,0.881445657028469,
0.919982913402397,0.968004669178098,1.,1.05289066559637),.UNSPECIFIED.);
#668=B_SPLINE_CURVE_WITH_KNOTS('',3,(#1815,#1816,#1817,#1818,#1819,#1820,
#1821,#1822),.UNSPECIFIED.,.F.,.F.,(4,1,1,1,1,4),(0.,0.000503331115678554,
0.00100666223135711,0.00125832778919638,0.00150999334703566,0.00201332446271421),
 .UNSPECIFIED.);
#669=B_SPLINE_CURVE_WITH_KNOTS('',3,(#1826,#1827,#1828,#1829,#1830,#1831,
#1832,#1833,#1834,#1835,#1836,#1837,#1838,#1839,#1840,#1841,#1842,#1843,
#1844,#1845,#1846,#1847,#1848,#1849,#1850,#1851),.UNSPECIFIED.,.T.,.F.,
(1,3,1,1,1,1,1,1,1,1,1,1,1,1,1,1,1,1,1,1,1,1,1,1,3,1),(-0.0319953308219025,
0.,0.0528906655963662,0.111085152591064,0.177513875653757,0.248456132133941,
0.300898976030317,0.340758552284566,0.374052794483262,0.413646556445148,
0.447257387617048,0.489536462535136,0.515561430452994,0.541508798204115,
0.568242621312298,0.588908092303627,0.624581754303046,0.662853787732515,
0.701749936407812,0.749073981118733,0.816446530235874,0.881445657028469,
0.919982913402397,0.968004669178098,1.,1.05289066559637),.UNSPECIFIED.);
#670=B_SPLINE_CURVE_WITH_KNOTS('',3,(#1862,#1863,#1864,#1865),
 .UNSPECIFIED.,.F.,.F.,(4,4),(1.22111202762813E-17,0.000815404890881706),
 .UNSPECIFIED.);
#671=B_SPLINE_CURVE_WITH_KNOTS('',3,(#1870,#1871,#1872,#1873),
 .UNSPECIFIED.,.F.,.F.,(4,4),(0.,1.),.PIECEWISE_BEZIER_KNOTS.);
#672=B_SPLINE_CURVE_WITH_KNOTS('',3,(#1877,#1878,#1879,#1880),
 .UNSPECIFIED.,.F.,.F.,(4,4),(0.,1.),.PIECEWISE_BEZIER_KNOTS.);
#673=B_SPLINE_CURVE_WITH_KNOTS('',3,(#1884,#1885,#1886,#1887),
 .UNSPECIFIED.,.F.,.F.,(4,4),(1.81004143817622E-11,0.00103296375003991),
 .UNSPECIFIED.);
#674=B_SPLINE_CURVE_WITH_KNOTS('',3,(#1891,#1892,#1893,#1894,#1895,#1896),
 .UNSPECIFIED.,.F.,.F.,(4,1,1,4),(0.00502377862825652,0.00631365968213898,
0.00695860020908021,0.00760354073602145),.UNSPECIFIED.);
#675=B_SPLINE_CURVE_WITH_KNOTS('',3,(#1932,#1933,#1934,#1935,#1936,#1937,
#1938),.UNSPECIFIED.,.F.,.F.,(4,1,1,1,4),(0.,0.186043597354842,0.359272036476815,
0.920904308860669,1.),.UNSPECIFIED.);
#676=B_SPLINE_CURVE_WITH_KNOTS('',3,(#1939,#1940,#1941,#1942,#1943,#1944,
#1945),.UNSPECIFIED.,.F.,.F.,(4,1,1,1,4),(0.,0.186043597354842,0.359272036476815,
0.920904308860669,1.),.UNSPECIFIED.);
#677=B_SPLINE_CURVE_WITH_KNOTS('',3,(#1946,#1947,#1948,#1949,#1950,#1951,
#1952),.UNSPECIFIED.,.F.,.F.,(4,1,1,1,4),(0.,0.186043597354842,0.359272036476815,
0.920904308860669,1.),.UNSPECIFIED.);
#678=B_SPLINE_CURVE_WITH_KNOTS('',3,(#1953,#1954,#1955,#1956,#1957,#1958,
#1959),.UNSPECIFIED.,.F.,.F.,(4,1,1,1,4),(0.,0.186043597354842,0.359272036476815,
0.920904308860669,1.),.UNSPECIFIED.);
#679=B_SPLINE_CURVE_WITH_KNOTS('',3,(#1960,#1961,#1962,#1963,#1964,#1965,
#1966),.UNSPECIFIED.,.F.,.F.,(4,1,1,1,4),(0.,0.186043597354842,0.359272036476815,
0.920904308860669,1.),.UNSPECIFIED.);
#680=B_SPLINE_CURVE_WITH_KNOTS('',3,(#1967,#1968,#1969,#1970,#1971,#1972,
#1973),.UNSPECIFIED.,.F.,.F.,(4,1,1,1,4),(0.,0.186043597354842,0.359272036476815,
0.920904308860669,1.),.UNSPECIFIED.);
#681=B_SPLINE_CURVE_WITH_KNOTS('',3,(#1985,#1986,#1987,#1988,#1989,#1990,
#1991),.UNSPECIFIED.,.F.,.F.,(4,1,1,1,4),(1.22531285478499E-15,0.00800230329020779,
0.0160046065804143,0.0240069098706209,0.0320092131608275),.UNSPECIFIED.);
#682=B_SPLINE_CURVE_WITH_KNOTS('',3,(#2029,#2030,#2031,#2032,#2033,#2034,
#2035),.UNSPECIFIED.,.F.,.F.,(4,1,1,1,4),(0.,0.186043597354842,0.359272036476815,
0.920904308860669,1.),.UNSPECIFIED.);
#683=B_SPLINE_CURVE_WITH_KNOTS('',3,(#2044,#2045,#2046,#2047,#2048,#2049,
#2050),.UNSPECIFIED.,.F.,.F.,(4,1,1,1,4),(0.,0.186043597354842,0.359272036476815,
0.920904308860669,1.),.UNSPECIFIED.);
#684=B_SPLINE_CURVE_WITH_KNOTS('',3,(#2054,#2055,#2056,#2057,#2058,#2059,
#2060),.UNSPECIFIED.,.F.,.F.,(4,1,1,1,4),(0.,0.186043597354842,0.359272036476815,
0.920904308860669,1.),.UNSPECIFIED.);
#685=B_SPLINE_CURVE_WITH_KNOTS('',3,(#2062,#2063,#2064,#2065,#2066,#2067,
#2068),.UNSPECIFIED.,.F.,.F.,(4,1,1,1,4),(0.,0.186043597354842,0.359272036476815,
0.920904308860669,1.),.UNSPECIFIED.);
#686=B_SPLINE_CURVE_WITH_KNOTS('',3,(#2069,#2070,#2071,#2072,#2073,#2074,
#2075),.UNSPECIFIED.,.F.,.F.,(4,1,1,1,4),(0.,0.186043597354842,0.359272036476815,
0.920904308860669,1.),.UNSPECIFIED.);
#687=B_SPLINE_CURVE_WITH_KNOTS('',3,(#2094,#2095,#2096,#2097,#2098,#2099,
#2100),.UNSPECIFIED.,.F.,.F.,(4,1,1,1,4),(0.,0.186043597354842,0.359272036476815,
0.920904308860669,1.),.UNSPECIFIED.);
#688=B_SPLINE_CURVE_WITH_KNOTS('',3,(#2121,#2122,#2123,#2124,#2125,#2126,
#2127,#2128,#2129,#2130,#2131),.UNSPECIFIED.,.T.,.F.,(1,1,1,1,1,1,1,1,1,
1,1,1,1,1,1),(-0.00326178511015009,-0.00217452340676673,-0.00108726170338336,
1.09718902868973E-17,0.00108726170338338,0.00217452340676675,0.00326178511015011,
0.00434904681353348,0.00543630851691685,0.00652357022030022,0.00761083192368358,
0.00869809362706695,0.00978535533045032,0.0108726170338337,0.0119598787372171),
 .UNSPECIFIED.);
#689=B_SPLINE_CURVE_WITH_KNOTS('',3,(#2134,#2135,#2136,#2137,#2138,#2139,
#2140,#2141,#2142,#2143,#2144),.UNSPECIFIED.,.T.,.F.,(1,1,1,1,1,1,1,1,1,
1,1,1,1,1,1),(-0.00326099197643393,-0.00217399465095595,-0.00108699732547797,
1.30397568169979E-17,0.00108699732547799,0.00217399465095598,0.00326099197643396,
0.00434798930191194,0.00543498662738992,0.0065219839528679,0.00760898127834588,
0.00869597860382386,0.00978297592930184,0.0108699732547798,0.0119569705802578),
 .UNSPECIFIED.);
#690=B_SPLINE_CURVE_WITH_KNOTS('',3,(#2147,#2148,#2149,#2150,#2151,#2152,
#2153,#2154,#2155,#2156,#2157),.UNSPECIFIED.,.T.,.F.,(1,1,1,1,1,1,1,1,1,
1,1,1,1,1,1),(-0.00326593106129083,-0.00217728737419389,-0.00108864368709694,
0.,0.00108864368709694,0.00217728737419389,0.00326593106129083,0.00435457474838777,
0.00544321843548471,0.00653186212258166,0.0076205058096786,0.00870914949677554,
0.00979779318387248,0.0108864368709694,0.0119750805580664),
 .UNSPECIFIED.);
#691=B_SPLINE_CURVE_WITH_KNOTS('',3,(#2160,#2161,#2162,#2163,#2164,#2165,
#2166),.UNSPECIFIED.,.T.,.F.,(1,1,1,1,1,1,1,1,1,1,1),(-0.00118865774527163,
-0.000792438496847567,-0.000396219248423504,5.59270113657649E-16,0.000396219248424623,
0.000792438496848686,0.00118865774527275,0.00158487699369681,0.00198109624212088,
0.00237731549054494,0.002773534738969),.UNSPECIFIED.);
#692=B_SPLINE_CURVE_WITH_KNOTS('',3,(#2169,#2170,#2171,#2172,#2173,#2174,
#2175),.UNSPECIFIED.,.T.,.F.,(1,1,1,1,1,1,1,1,1,1,1),(-0.00118995037550931,
-0.000793300250339542,-0.000396650125169771,0.,0.000396650125169771,0.000793300250339542,
0.00118995037550931,0.00158660050067908,0.00198325062584885,0.00237990075101863,
0.0027765508761884),.UNSPECIFIED.);
#693=B_SPLINE_CURVE_WITH_KNOTS('',3,(#2178,#2179,#2180,#2181,#2182,#2183,
#2184),.UNSPECIFIED.,.T.,.F.,(1,1,1,1,1,1,1,1,1,1,1),(-0.00118958805895632,
-0.000793058705970882,-0.000396529352985441,0.,0.000396529352985441,0.000793058705970882,
0.00118958805895632,0.00158611741194176,0.0019826467649272,0.00237917611791265,
0.00277570547089809),.UNSPECIFIED.);
#694=B_SPLINE_CURVE_WITH_KNOTS('',3,(#2252,#2253,#2254,#2255,#2256,#2257,
#2258,#2259,#2260,#2261,#2262),.UNSPECIFIED.,.T.,.F.,(1,1,1,1,1,1,1,1,1,
1,1,1,1,1,1),(-0.00244471324476252,-0.00162980882984168,-0.000814904414920839,
0.,0.000814904414920839,0.00162980882984168,0.00244471324476252,0.00325961765968336,
0.0040745220746042,0.00488942648952504,0.00570433090444588,0.00651923531936672,
0.00733413973428755,0.00814904414920839,0.00896394856412923),
 .UNSPECIFIED.);
#695=B_SPLINE_CURVE_WITH_KNOTS('',3,(#2327,#2328,#2329,#2330,#2331,#2332,
#2333,#2334,#2335,#2336,#2337),.UNSPECIFIED.,.T.,.F.,(1,1,1,1,1,1,1,1,1,
1,1,1,1,1,1),(-0.00244727151721011,-0.00163151434480674,-0.000815757172403371,
0.,0.000815757172403371,0.00163151434480674,0.00244727151721011,0.00326302868961349,
0.00407878586201686,0.00489454303442023,0.0057103002068236,0.00652605737922697,
0.00734181455163034,0.00815757172403371,0.00897332889643708),
 .UNSPECIFIED.);
#696=B_SPLINE_CURVE_WITH_KNOTS('',3,(#2402,#2403,#2404,#2405,#2406,#2407,
#2408,#2409,#2410,#2411,#2412),.UNSPECIFIED.,.T.,.F.,(1,1,1,1,1,1,1,1,1,
1,1,1,1,1,1),(-0.00244855839381528,-0.00163237226254351,-0.00081618613127174,
2.79715755706988E-17,0.000816186131271796,0.00163237226254356,0.00244855839381533,
0.0032647445250871,0.00408093065635887,0.00489711678763063,0.0057133029189024,
0.00652948905017417,0.00734567518144594,0.00816186131271771,0.00897804744398947),
 .UNSPECIFIED.);
#697=EDGE_LOOP('',(#168,#169,#170,#171));
#698=EDGE_LOOP('',(#172,#173,#174,#175,#176));
#699=EDGE_LOOP('',(#177,#178,#179,#180,#181,#182,#183,#184));
#700=EDGE_LOOP('',(#185,#186,#187,#188,#189));
#701=EDGE_LOOP('',(#190,#191,#192,#193,#194,#195));
#702=EDGE_LOOP('',(#196,#197,#198,#199,#200,#201,#202,#203,#204,#205,#206,
#207,#208,#209,#210));
#703=EDGE_LOOP('',(#211,#212,#213,#214,#215,#216,#217,#218));
#704=EDGE_LOOP('',(#219,#220,#221));
#705=EDGE_LOOP('',(#222,#223,#224));
#706=EDGE_LOOP('',(#225,#226));
#707=EDGE_LOOP('',(#227,#228,#229,#230,#231,#232));
#708=EDGE_LOOP('',(#233,#234,#235,#236,#237,#238,#239,#240,#241,#242,#243,
#244,#245,#246,#247));
#709=EDGE_LOOP('',(#248,#249,#250,#251,#252,#253,#254));
#710=EDGE_LOOP('',(#255,#256,#257,#258));
#711=EDGE_LOOP('',(#259,#260,#261,#262));
#712=EDGE_LOOP('',(#263,#264,#265));
#713=EDGE_LOOP('',(#266,#267,#268,#269,#270,#271,#272));
#714=EDGE_LOOP('',(#273,#274,#275,#276));
#715=EDGE_LOOP('',(#277));
#716=EDGE_LOOP('',(#278));
#717=EDGE_LOOP('',(#279));
#718=EDGE_LOOP('',(#280));
#719=EDGE_LOOP('',(#281,#282,#283,#284,#285,#286,#287,#288));
#720=EDGE_LOOP('',(#289,#290,#291,#292));
#721=EDGE_LOOP('',(#293,#294,#295,#296));
#722=EDGE_LOOP('',(#297,#298,#299,#300,#301,#302,#303,#304,#305,#306,#307,
#308,#309,#310,#311,#312,#313,#314,#315,#316));
#723=EDGE_LOOP('',(#317,#318,#319,#320));
#724=EDGE_LOOP('',(#321,#322,#323,#324));
#725=EDGE_LOOP('',(#325,#326,#327));
#726=EDGE_LOOP('',(#328,#329,#330,#331));
#727=EDGE_LOOP('',(#332,#333,#334,#335));
#728=EDGE_LOOP('',(#336,#337,#338,#339));
#729=EDGE_LOOP('',(#340,#341,#342,#343));
#730=EDGE_LOOP('',(#344,#345));
#731=EDGE_LOOP('',(#346,#347,#348,#349,#350,#351));
#732=EDGE_LOOP('',(#352,#353,#354,#355,#356,#357));
#733=EDGE_LOOP('',(#358,#359,#360,#361,#362,#363,#364,#365,#366,#367,#368,
#369,#370,#371,#372,#373,#374,#375));
#734=EDGE_LOOP('',(#376,#377,#378,#379));
#735=EDGE_LOOP('',(#380,#381,#382,#383));
#736=EDGE_LOOP('',(#384,#385,#386,#387));
#737=EDGE_LOOP('',(#388,#389));
#738=EDGE_LOOP('',(#390,#391));
#739=EDGE_LOOP('',(#392,#393));
#740=EDGE_LOOP('',(#394));
#741=EDGE_LOOP('',(#395));
#742=EDGE_LOOP('',(#396));
#743=EDGE_LOOP('',(#397));
#744=EDGE_LOOP('',(#398));
#745=EDGE_LOOP('',(#399));
#746=EDGE_LOOP('',(#400));
#747=EDGE_LOOP('',(#401));
#748=EDGE_LOOP('',(#402));
#749=EDGE_LOOP('',(#403));
#750=EDGE_LOOP('',(#404));
#751=EDGE_LOOP('',(#405));
#752=EDGE_LOOP('',(#406));
#753=EDGE_LOOP('',(#407));
#754=EDGE_LOOP('',(#408));
#755=EDGE_LOOP('',(#409));
#756=EDGE_LOOP('',(#410));
#757=EDGE_LOOP('',(#411));
#758=EDGE_LOOP('',(#412));
#759=EDGE_LOOP('',(#413));
#760=EDGE_LOOP('',(#414));
#761=EDGE_LOOP('',(#415));
#762=EDGE_LOOP('',(#416));
#763=EDGE_LOOP('',(#417));
#764=EDGE_LOOP('',(#418));
#765=EDGE_LOOP('',(#419));
#766=EDGE_LOOP('',(#420));
#767=EDGE_LOOP('',(#421));
#768=FACE_BOUND('',#697,.T.);
#769=FACE_BOUND('',#698,.T.);
#770=FACE_BOUND('',#699,.T.);
#771=FACE_BOUND('',#700,.T.);
#772=FACE_BOUND('',#701,.T.);
#773=FACE_BOUND('',#702,.T.);
#774=FACE_BOUND('',#703,.T.);
#775=FACE_BOUND('',#704,.T.);
#776=FACE_BOUND('',#705,.T.);
#777=FACE_BOUND('',#706,.T.);
#778=FACE_BOUND('',#707,.T.);
#779=FACE_BOUND('',#708,.T.);
#780=FACE_BOUND('',#709,.T.);
#781=FACE_BOUND('',#710,.T.);
#782=FACE_BOUND('',#711,.T.);
#783=FACE_BOUND('',#712,.T.);
#784=FACE_BOUND('',#713,.T.);
#785=FACE_BOUND('',#714,.T.);
#786=FACE_BOUND('',#715,.T.);
#787=FACE_BOUND('',#716,.T.);
#788=FACE_BOUND('',#717,.T.);
#789=FACE_BOUND('',#718,.T.);
#790=FACE_BOUND('',#719,.T.);
#791=FACE_BOUND('',#720,.T.);
#792=FACE_BOUND('',#721,.T.);
#793=FACE_BOUND('',#722,.T.);
#794=FACE_BOUND('',#723,.T.);
#795=FACE_BOUND('',#724,.T.);
#796=FACE_BOUND('',#725,.T.);
#797=FACE_BOUND('',#726,.T.);
#798=FACE_BOUND('',#727,.T.);
#799=FACE_BOUND('',#728,.T.);
#800=FACE_BOUND('',#729,.T.);
#801=FACE_BOUND('',#730,.T.);
#802=FACE_BOUND('',#731,.T.);
#803=FACE_BOUND('',#732,.T.);
#804=FACE_BOUND('',#733,.T.);
#805=FACE_BOUND('',#734,.T.);
#806=FACE_BOUND('',#735,.T.);
#807=FACE_BOUND('',#736,.T.);
#808=FACE_BOUND('',#737,.T.);
#809=FACE_BOUND('',#738,.T.);
#810=FACE_BOUND('',#739,.T.);
#811=FACE_BOUND('',#740,.T.);
#812=FACE_BOUND('',#741,.T.);
#813=FACE_BOUND('',#742,.T.);
#814=FACE_BOUND('',#743,.T.);
#815=FACE_BOUND('',#744,.T.);
#816=FACE_BOUND('',#745,.T.);
#817=FACE_BOUND('',#746,.T.);
#818=FACE_BOUND('',#747,.T.);
#819=FACE_BOUND('',#748,.T.);
#820=FACE_BOUND('',#749,.T.);
#821=FACE_BOUND('',#750,.T.);
#822=FACE_BOUND('',#751,.T.);
#823=FACE_BOUND('',#752,.T.);
#824=FACE_BOUND('',#753,.T.);
#825=FACE_BOUND('',#754,.T.);
#826=FACE_BOUND('',#755,.T.);
#827=FACE_BOUND('',#756,.T.);
#828=FACE_BOUND('',#757,.T.);
#829=FACE_BOUND('',#758,.T.);
#830=FACE_BOUND('',#759,.T.);
#831=FACE_BOUND('',#760,.T.);
#832=FACE_BOUND('',#761,.T.);
#833=FACE_BOUND('',#762,.T.);
#834=FACE_BOUND('',#763,.T.);
#835=FACE_BOUND('',#764,.T.);
#836=FACE_BOUND('',#765,.T.);
#837=FACE_BOUND('',#766,.T.);
#838=FACE_BOUND('',#767,.T.);
#839=PLANE('',#926);
#840=PLANE('',#927);
#841=PLANE('',#929);
#842=PLANE('',#930);
#843=PLANE('',#936);
#844=PLANE('',#941);
#845=PLANE('',#942);
#846=PLANE('',#943);
#847=PLANE('',#948);
#848=PLANE('',#949);
#849=PLANE('',#951);
#850=PLANE('',#952);
#851=PLANE('',#953);
#852=PLANE('',#954);
#853=PLANE('',#955);
#854=PLANE('',#956);
#855=PLANE('',#962);
#856=PLANE('',#963);
#857=PLANE('',#964);
#858=PLANE('',#965);
#859=ADVANCED_FACE('',(#768),#839,.T.);
#860=ADVANCED_FACE('',(#769),#840,.T.);
#861=ADVANCED_FACE('',(#770),#841,.F.);
#862=ADVANCED_FACE('',(#771),#842,.F.);
#863=ADVANCED_FACE('',(#772),#30,.T.);
#864=ADVANCED_FACE('',(#773),#31,.T.);
#865=ADVANCED_FACE('',(#774),#24,.T.);
#866=ADVANCED_FACE('',(#775),#25,.F.);
#867=ADVANCED_FACE('',(#776),#32,.F.);
#868=ADVANCED_FACE('',(#777,#778),#33,.F.);
#869=ADVANCED_FACE('',(#779),#34,.F.);
#870=ADVANCED_FACE('',(#780),#843,.F.);
#871=ADVANCED_FACE('',(#781),#26,.T.);
#872=ADVANCED_FACE('',(#782),#27,.T.);
#873=ADVANCED_FACE('',(#783),#28,.F.);
#874=ADVANCED_FACE('',(#784),#844,.F.);
#875=ADVANCED_FACE('',(#785),#845,.F.);
#876=ADVANCED_FACE('',(#786,#787,#788,#789,#790),#846,.T.);
#877=ADVANCED_FACE('',(#791),#35,.T.);
#878=ADVANCED_FACE('',(#792),#847,.T.);
#879=ADVANCED_FACE('',(#793),#848,.F.);
#880=ADVANCED_FACE('',(#794),#29,.F.);
#881=ADVANCED_FACE('',(#795),#849,.T.);
#882=ADVANCED_FACE('',(#796),#36,.T.);
#883=ADVANCED_FACE('',(#797),#850,.F.);
#884=ADVANCED_FACE('',(#798),#37,.F.);
#885=ADVANCED_FACE('',(#799),#851,.T.);
#886=ADVANCED_FACE('',(#800),#38,.F.);
#887=ADVANCED_FACE('',(#801),#39,.F.);
#888=ADVANCED_FACE('',(#802),#40,.F.);
#889=ADVANCED_FACE('',(#803),#41,.F.);
#890=ADVANCED_FACE('',(#804),#852,.T.);
#891=ADVANCED_FACE('',(#805),#42,.F.);
#892=ADVANCED_FACE('',(#806),#43,.F.);
#893=ADVANCED_FACE('',(#807),#853,.T.);
#894=ADVANCED_FACE('',(#808),#854,.T.);
#895=ADVANCED_FACE('',(#809),#44,.F.);
#896=ADVANCED_FACE('',(#810),#45,.F.);
#897=ADVANCED_FACE('',(#811,#812),#20,.T.);
#898=ADVANCED_FACE('',(#813,#814),#21,.T.);
#899=ADVANCED_FACE('',(#815,#816),#22,.T.);
#900=ADVANCED_FACE('',(#817,#818),#23,.T.);
#901=ADVANCED_FACE('',(#819),#855,.T.);
#902=ADVANCED_FACE('',(#820),#856,.T.);
#903=ADVANCED_FACE('',(#821),#857,.T.);
#904=ADVANCED_FACE('',(#822),#858,.T.);
#905=ADVANCED_FACE('',(#823,#824),#14,.F.);
#906=ADVANCED_FACE('',(#825,#826),#15,.F.);
#907=ADVANCED_FACE('',(#827,#828),#16,.F.);
#908=ADVANCED_FACE('',(#829,#830),#13,.F.);
#909=ADVANCED_FACE('',(#831,#832),#12,.T.);
#910=ADVANCED_FACE('',(#833,#834),#17,.T.);
#911=ADVANCED_FACE('',(#835,#836),#18,.T.);
#912=ADVANCED_FACE('',(#837,#838),#19,.T.);
#913=CLOSED_SHELL('',(#859,#860,#861,#862,#863,#864,#865,#866,#867,#868,
#869,#870,#871,#872,#873,#874,#875,#876,#877,#878,#879,#880,#881,#882,#883,
#884,#885,#886,#887,#888,#889,#890,#891,#892,#893,#894,#895,#896,#897,#898,
#899,#900,#901,#902,#903,#904,#905,#906,#907,#908,#909,#910,#911,#912));
#914=STYLED_ITEM('',(#915),#922);
#915=PRESENTATION_STYLE_ASSIGNMENT((#916));
#916=SURFACE_STYLE_USAGE(.BOTH.,#917);
#917=SURFACE_SIDE_STYLE('',(#918));
#918=SURFACE_STYLE_FILL_AREA(#919);
#919=FILL_AREA_STYLE('',(#920));
#920=FILL_AREA_STYLE_COLOUR('',#921);
#921=COLOUR_RGB('',0.615686274509804,0.811764705882353,0.929411764705882);
#922=MANIFOLD_SOLID_BREP('Part 1',#913);
#923=SHAPE_DEFINITION_REPRESENTATION(#2523,#924);
#924=SHAPE_REPRESENTATION('Part 1',(#925),#2518);
#925=AXIS2_PLACEMENT_3D('',#1115,#970,#971);
#926=AXIS2_PLACEMENT_3D('',#1116,#972,#973);
#927=AXIS2_PLACEMENT_3D('',#1175,#976,#977);
#928=AXIS2_PLACEMENT_3D('',#1181,#980,#981);
#929=AXIS2_PLACEMENT_3D('',#1194,#982,#983);
#930=AXIS2_PLACEMENT_3D('',#1217,#990,#991);
#931=AXIS2_PLACEMENT_3D('',#1235,#994,#995);
#932=AXIS2_PLACEMENT_3D('',#1523,#1004,#1005);
#933=AXIS2_PLACEMENT_3D('',#1539,#1008,#1009);
#934=AXIS2_PLACEMENT_3D('',#1546,#1011,#1012);
#935=AXIS2_PLACEMENT_3D('',#1554,#1013,#1014);
#936=AXIS2_PLACEMENT_3D('',#1854,#1023,#1024);
#937=AXIS2_PLACEMENT_3D('',#1861,#1029,#1030);
#938=AXIS2_PLACEMENT_3D('',#1876,#1033,#1034);
#939=AXIS2_PLACEMENT_3D('',#1888,#1036,#1037);
#940=AXIS2_PLACEMENT_3D('',#1889,#1038,#1039);
#941=AXIS2_PLACEMENT_3D('',#1897,#1040,#1041);
#942=AXIS2_PLACEMENT_3D('',#1904,#1046,#1047);
#943=AXIS2_PLACEMENT_3D('',#1907,#1050,#1051);
#944=AXIS2_PLACEMENT_3D('',#1908,#1052,#1053);
#945=AXIS2_PLACEMENT_3D('',#1910,#1054,#1055);
#946=AXIS2_PLACEMENT_3D('',#1912,#1056,#1057);
#947=AXIS2_PLACEMENT_3D('',#1914,#1058,#1059);
#948=AXIS2_PLACEMENT_3D('',#1928,#1064,#1065);
#949=AXIS2_PLACEMENT_3D('',#1929,#1066,#1067);
#950=AXIS2_PLACEMENT_3D('',#1974,#1069,#1070);
#951=AXIS2_PLACEMENT_3D('',#1976,#1072,#1073);
#952=AXIS2_PLACEMENT_3D('',#1992,#1074,#1075);
#953=AXIS2_PLACEMENT_3D('',#2003,#1078,#1079);
#954=AXIS2_PLACEMENT_3D('',#2053,#1082,#1083);
#955=AXIS2_PLACEMENT_3D('',#2092,#1085,#1086);
#956=AXIS2_PLACEMENT_3D('',#2093,#1087,#1088);
#957=AXIS2_PLACEMENT_3D('',#2117,#1089,#1090);
#958=AXIS2_PLACEMENT_3D('',#2118,#1091,#1092);
#959=AXIS2_PLACEMENT_3D('',#2120,#1093,#1094);
#960=AXIS2_PLACEMENT_3D('',#2133,#1095,#1096);
#961=AXIS2_PLACEMENT_3D('',#2146,#1097,#1098);
#962=AXIS2_PLACEMENT_3D('',#2159,#1099,#1100);
#963=AXIS2_PLACEMENT_3D('',#2168,#1101,#1102);
#964=AXIS2_PLACEMENT_3D('',#2177,#1103,#1104);
#965=AXIS2_PLACEMENT_3D('',#2186,#1105,#1106);
#966=AXIS2_PLACEMENT_3D('',#2187,#1107,#1108);
#967=AXIS2_PLACEMENT_3D('',#2414,#1109,#1110);
#968=AXIS2_PLACEMENT_3D('',#2415,#1111,#1112);
#969=AXIS2_PLACEMENT_3D('',#2417,#1113,#1114);
#970=DIRECTION('',(0.,0.,1.));
#971=DIRECTION('',(1.,0.,0.));
#972=DIRECTION('',(0.,-1.,0.));
#973=DIRECTION('',(1.,0.,0.));
#974=DIRECTION('',(-1.,0.,0.));
#975=DIRECTION('',(-1.,0.,0.));
#976=DIRECTION('',(0.,-1.,0.));
#977=DIRECTION('',(1.,0.,0.));
#978=DIRECTION('',(-1.,0.,0.));
#979=DIRECTION('',(0.,0.,1.));
#980=DIRECTION('',(0.,-1.,0.));
#981=DIRECTION('',(0.,0.,-1.));
#982=DIRECTION('',(0.,-1.,0.));
#983=DIRECTION('',(0.,0.,-1.));
#984=DIRECTION('',(-1.,0.,0.));
#985=DIRECTION('',(-1.,0.,0.));
#986=DIRECTION('',(0.,0.,1.));
#987=DIRECTION('',(-1.,0.,0.));
#988=DIRECTION('',(0.,0.,1.));
#989=DIRECTION('',(-1.,0.,0.));
#990=DIRECTION('',(0.,-1.,0.));
#991=DIRECTION('',(0.,0.,-1.));
#992=DIRECTION('',(0.,0.,1.));
#993=DIRECTION('',(-1.,0.,0.));
#994=DIRECTION('',(0.,1.,0.));
#995=DIRECTION('',(0.,0.,1.));
#996=DIRECTION('',(0.,1.,0.));
#997=DIRECTION('',(0.,1.,0.));
#998=DIRECTION('',(0.,-1.,0.));
#999=DIRECTION('',(0.,-1.,0.));
#1000=DIRECTION('',(0.,-1.,0.));
#1001=DIRECTION('',(0.,-1.,0.));
#1002=DIRECTION('',(0.,-1.,0.));
#1003=DIRECTION('',(0.,-1.,0.));
#1004=DIRECTION('',(-1.,0.,0.));
#1005=DIRECTION('',(0.,0.,1.));
#1006=DIRECTION('',(-1.,0.,0.));
#1007=DIRECTION('',(-1.,0.,0.));
#1008=DIRECTION('',(-1.,0.,0.));
#1009=DIRECTION('',(0.,0.,1.));
#1010=DIRECTION('',(-1.,0.,0.));
#1011=DIRECTION('',(0.,1.,0.));
#1012=DIRECTION('',(0.,0.,1.));
#1013=DIRECTION('',(0.,1.,0.));
#1014=DIRECTION('',(0.,0.,1.));
#1015=DIRECTION('',(0.,1.,0.));
#1016=DIRECTION('',(0.,1.,0.));
#1017=DIRECTION('',(0.,-1.,0.));
#1018=DIRECTION('',(0.,-1.,0.));
#1019=DIRECTION('',(0.,-1.,0.));
#1020=DIRECTION('',(0.,-1.,0.));
#1021=DIRECTION('',(0.,-1.,0.));
#1022=DIRECTION('',(0.,-1.,0.));
#1023=DIRECTION('',(0.,-1.,0.));
#1024=DIRECTION('',(1.,0.,0.));
#1025=DIRECTION('',(-1.,0.,0.));
#1026=DIRECTION('',(0.,0.,1.));
#1027=DIRECTION('',(-1.,0.,0.));
#1028=DIRECTION('',(0.,0.,-1.));
#1029=DIRECTION('',(-1.,0.,0.));
#1030=DIRECTION('',(0.,0.,1.));
#1031=DIRECTION('',(-1.,0.,0.));
#1032=DIRECTION('',(-1.,0.,0.));
#1033=DIRECTION('',(-1.,0.,0.));
#1034=DIRECTION('',(0.,0.,1.));
#1035=DIRECTION('',(-1.,0.,0.));
#1036=DIRECTION('',(0.,-1.,0.));
#1037=DIRECTION('',(0.,0.,-1.));
#1038=DIRECTION('',(0.,-1.,0.));
#1039=DIRECTION('',(0.,0.,-1.));
#1040=DIRECTION('',(0.,-1.,0.));
#1041=DIRECTION('',(1.,0.,0.));
#1042=DIRECTION('',(-1.,0.,0.));
#1043=DIRECTION('',(0.,0.,-1.));
#1044=DIRECTION('',(-1.,0.,0.));
#1045=DIRECTION('',(0.,0.,1.));
#1046=DIRECTION('',(0.,-1.,0.));
#1047=DIRECTION('',(1.,0.,0.));
#1048=DIRECTION('',(0.,0.,1.));
#1049=DIRECTION('',(0.,0.,1.));
#1050=DIRECTION('',(0.,0.,-1.));
#1051=DIRECTION('',(-1.,0.,0.));
#1052=DIRECTION('',(0.,0.,-1.));
#1053=DIRECTION('',(-1.,0.,0.));
#1054=DIRECTION('',(0.,0.,-1.));
#1055=DIRECTION('',(-1.,0.,0.));
#1056=DIRECTION('',(0.,0.,-1.));
#1057=DIRECTION('',(-1.,0.,0.));
#1058=DIRECTION('',(0.,0.,-1.));
#1059=DIRECTION('',(-1.,0.,0.));
#1060=DIRECTION('',(0.,-1.,0.));
#1061=DIRECTION('',(0.,-1.,0.));
#1062=DIRECTION('',(-1.,0.,0.));
#1063=DIRECTION('',(-1.,0.,0.));
#1064=DIRECTION('',(1.,0.,0.));
#1065=DIRECTION('',(0.,1.,0.));
#1066=DIRECTION('',(1.,0.,0.));
#1067=DIRECTION('',(0.,1.,0.));
#1068=DIRECTION('',(0.,-0.0315118056483886,-0.999503379736546));
#1069=DIRECTION('',(0.,1.,0.));
#1070=DIRECTION('',(0.,0.,1.));
#1071=DIRECTION('',(0.,1.,0.));
#1072=DIRECTION('',(0.,-1.,0.));
#1073=DIRECTION('',(0.,0.,-1.));
#1074=DIRECTION('',(0.,-1.,0.));
#1075=DIRECTION('',(1.,0.,0.));
#1076=DIRECTION('',(0.,0.,1.));
#1077=DIRECTION('',(0.,0.,1.));
#1078=DIRECTION('',(0.,0.999503379736546,-0.0315118056483886));
#1079=DIRECTION('',(0.,0.0315118056483886,0.999503379736546));
#1080=DIRECTION('',(-1.,0.,0.));
#1081=DIRECTION('',(-1.,0.,0.));
#1082=DIRECTION('',(1.,0.,0.));
#1083=DIRECTION('',(0.,1.,0.));
#1084=DIRECTION('',(0.,-0.0315118056483886,-0.999503379736546));
#1085=DIRECTION('',(0.,0.999503379736546,-0.0315118056483886));
#1086=DIRECTION('',(0.,0.0315118056483886,0.999503379736546));
#1087=DIRECTION('',(1.,0.,0.));
#1088=DIRECTION('',(0.,1.,0.));
#1089=DIRECTION('',(0.,0.,1.));
#1090=DIRECTION('',(-1.,0.,0.));
#1091=DIRECTION('',(0.,0.,1.));
#1092=DIRECTION('',(1.,0.,0.));
#1093=DIRECTION('',(0.,0.,1.));
#1094=DIRECTION('',(-1.,0.,0.));
#1095=DIRECTION('',(0.,0.,1.));
#1096=DIRECTION('',(-1.,0.,0.));
#1097=DIRECTION('',(0.,0.,1.));
#1098=DIRECTION('',(-1.,0.,0.));
#1099=DIRECTION('',(0.,0.,-1.));
#1100=DIRECTION('',(1.,0.,0.));
#1101=DIRECTION('',(0.,0.,-1.));
#1102=DIRECTION('',(1.,0.,0.));
#1103=DIRECTION('',(0.,0.,-1.));
#1104=DIRECTION('',(1.,0.,0.));
#1105=DIRECTION('',(0.,0.,-1.));
#1106=DIRECTION('',(1.,0.,0.));
#1107=DIRECTION('',(0.,0.,-1.));
#1108=DIRECTION('',(-1.,0.,0.));
#1109=DIRECTION('',(0.,0.,-1.));
#1110=DIRECTION('',(-1.,0.,0.));
#1111=DIRECTION('',(0.,0.,1.));
#1112=DIRECTION('',(1.,0.,0.));
#1113=DIRECTION('',(0.,0.,1.));
#1114=DIRECTION('',(1.,0.,0.));
#1115=CARTESIAN_POINT('',(0.,0.,0.));
#1116=CARTESIAN_POINT('',(0.013,-0.0034,0.0227757868824207));
#1117=CARTESIAN_POINT('',(0.0238537485003472,-0.0034,-5.42101086242752E-20));
#1118=CARTESIAN_POINT('',(0.0236340653115816,-0.0034,0.000602959395783893));
#1119=CARTESIAN_POINT('',(0.0237079112745633,-0.0034,0.00289991393321132));
#1120=CARTESIAN_POINT('',(0.0250587783058221,-0.0034,0.00583210062965938));
#1121=CARTESIAN_POINT('',(0.024914516990951,-0.0034,0.00990073872516624));
#1122=CARTESIAN_POINT('',(0.0223644915213371,-0.0034,0.0152336350415996));
#1123=CARTESIAN_POINT('',(0.0260336146404679,-0.0034,0.0159344824970368));
#1124=CARTESIAN_POINT('',(0.0275226977693371,-0.0034,0.0158481998972634));
#1125=CARTESIAN_POINT('',(0.0284390423350261,-0.0034,0.0150662735481603));
#1126=CARTESIAN_POINT('',(0.0284938271538141,-0.0034,0.0132459170601114));
#1127=CARTESIAN_POINT('',(0.0273407300352728,-0.0034,0.0129265510575053));
#1128=CARTESIAN_POINT('',(0.0255237592676592,-0.0034,0.0126329006321966));
#1129=CARTESIAN_POINT('',(0.025148985029717,-0.0034,0.0133665764256659));
#1130=CARTESIAN_POINT('',(0.025263316934546,-0.0034,0.0141468297745744));
#1131=CARTESIAN_POINT('',(0.0260894957689129,-0.0034,0.0141852631444454));
#1132=CARTESIAN_POINT('',(0.0261555636570423,-0.0034,0.0149998438197276));
#1133=CARTESIAN_POINT('',(0.0244381393613924,-0.0034,0.0145010406050028));
#1134=CARTESIAN_POINT('',(0.0247305937010127,-0.0034,0.0128125623660827));
#1135=CARTESIAN_POINT('',(0.0257024760603041,-0.0034,0.0117362633168247));
#1136=CARTESIAN_POINT('',(0.0269156122077321,-0.0034,0.00977200760452541));
#1137=CARTESIAN_POINT('',(0.0268860530292292,-0.0034,0.00549485391422872));
#1138=CARTESIAN_POINT('',(0.0268918543293698,-0.0034,0.00156228864143242));
#1139=CARTESIAN_POINT('',(0.0272064840341354,-0.0034,-0.000227840709796762));
#1140=CARTESIAN_POINT('',(0.0245522259176913,-0.0034,-0.000827885494244155));
#1141=CARTESIAN_POINT('',(0.0239866422013681,-0.0034,-0.000364750284814066));
#1142=CARTESIAN_POINT('',(0.0238537485003472,-0.0034,-5.42101086242752E-20));
#1143=CARTESIAN_POINT('',(0.0245633693371497,-0.0034,0.00499427026573166));
#1144=CARTESIAN_POINT('',(0.0238686977770893,-0.0034,0.0120238515515868));
#1145=CARTESIAN_POINT('',(0.0023,-0.0034,0.012023851551606));
#1146=CARTESIAN_POINT('',(0.0021313022229118,-0.0034,0.0120238515515901));
#1147=CARTESIAN_POINT('',(0.00214625149965286,-0.0034,0.));
#1148=CARTESIAN_POINT('',(0.00236593468841834,-0.0034,0.000602959395783894));
#1149=CARTESIAN_POINT('',(0.00229208872543674,-0.0034,0.00289991393321132));
#1150=CARTESIAN_POINT('',(0.000941221694177879,-0.0034,0.00583210062965938));
#1151=CARTESIAN_POINT('',(0.00108548300904903,-0.0034,0.00990073872516624));
#1152=CARTESIAN_POINT('',(0.00363550847866296,-0.0034,0.0152336350415996));
#1153=CARTESIAN_POINT('',(-3.36146404678474E-5,-0.0034,0.0159344824970368));
#1154=CARTESIAN_POINT('',(-0.00152269776933713,-0.0034,0.0158481998972634));
#1155=CARTESIAN_POINT('',(-0.00243904233502609,-0.0034,0.0150662735481603));
#1156=CARTESIAN_POINT('',(-0.00249382715381409,-0.0034,0.0132459170601114));
#1157=CARTESIAN_POINT('',(-0.00134073003527277,-0.0034,0.0129265510575053));
#1158=CARTESIAN_POINT('',(0.000476240732340769,-0.0034,0.0126329006321966));
#1159=CARTESIAN_POINT('',(0.000851014970282961,-0.0034,0.0133665764256659));
#1160=CARTESIAN_POINT('',(0.000736683065453942,-0.0034,0.0141468297745745));
#1161=CARTESIAN_POINT('',(-8.94957689129071E-5,-0.0034,0.0141852631444454));
#1162=CARTESIAN_POINT('',(-0.000155563657042298,-0.0034,0.0149998438197276));
#1163=CARTESIAN_POINT('',(0.00156186063860758,-0.0034,0.0145010406050028));
#1164=CARTESIAN_POINT('',(0.00126940629898726,-0.0034,0.0128125623660827));
#1165=CARTESIAN_POINT('',(0.000297523939695841,-0.0034,0.0117362633168247));
#1166=CARTESIAN_POINT('',(-0.000915612207732075,-0.0034,0.0097720076045254));
#1167=CARTESIAN_POINT('',(-0.000886053029229146,-0.0034,0.00549485391422872));
#1168=CARTESIAN_POINT('',(-0.00089185432936982,-0.0034,0.00156228864143243));
#1169=CARTESIAN_POINT('',(-0.00120648403413543,-0.0034,-0.000227840709796762));
#1170=CARTESIAN_POINT('',(0.0014477740823087,-0.0034,-0.000827885494244155));
#1171=CARTESIAN_POINT('',(0.00201335779863193,-0.0034,-0.000364750284814066));
#1172=CARTESIAN_POINT('',(0.00214625149965286,-0.0034,0.));
#1173=CARTESIAN_POINT('',(0.00143663066285031,-0.0034,0.00499427027583104));
#1174=CARTESIAN_POINT('',(0.026,-0.0034,0.00499427027583104));
#1175=CARTESIAN_POINT('',(0.013,-0.0034,0.0227757868824207));
#1176=CARTESIAN_POINT('',(0.0023,-0.0034,0.0403759213452883));
#1177=CARTESIAN_POINT('',(0.,-0.0034,0.0403759213452883));
#1178=CARTESIAN_POINT('',(0.0258,-0.0034,0.040375921344535));
#1179=CARTESIAN_POINT('',(0.0258,-0.0034,0.0227757868824207));
#1180=CARTESIAN_POINT('',(0.0258,-0.0034,0.0390427364314102));
#1181=CARTESIAN_POINT('',(0.635871956794713,-0.0034,-0.0518377872891268));
#1182=CARTESIAN_POINT('',(0.026,-0.0034,0.0403759213452883));
#1183=CARTESIAN_POINT('',(0.026,-0.0034,0.0403759213452883));
#1184=CARTESIAN_POINT('',(0.026,-0.0034,0.0414569203860201));
#1185=CARTESIAN_POINT('',(0.0222774902016064,-0.0034,0.0455515737648414));
#1186=CARTESIAN_POINT('',(0.015973693419948,-0.0034,0.0412755650532509));
#1187=CARTESIAN_POINT('',(0.013,-0.0034,0.0412098750534026));
#1188=CARTESIAN_POINT('',(0.013,-0.0034,0.0412098750534026));
#1189=CARTESIAN_POINT('',(0.,-0.0034,0.0403759213452883));
#1190=CARTESIAN_POINT('',(1.36018262821278E-27,-0.0034,0.0414569203860201));
#1191=CARTESIAN_POINT('',(0.00372250979839363,-0.0034,0.0455515737648414));
#1192=CARTESIAN_POINT('',(0.010026306580052,-0.0034,0.0412755650532509));
#1193=CARTESIAN_POINT('',(0.013,-0.0034,0.0412098750534026));
#1194=CARTESIAN_POINT('',(0.026,0.,0.00215));
#1195=CARTESIAN_POINT('',(0.0023,3.25260651745652E-19,0.0364542608837104));
#1196=CARTESIAN_POINT('',(0.0254239489409177,0.,0.0364542608811672));
#1197=CARTESIAN_POINT('',(0.000576051059082245,0.,0.0364542608811672));
#1198=CARTESIAN_POINT('',(0.026,0.,0.));
#1199=CARTESIAN_POINT('',(0.0231417770721018,0.,0.0200542025268078));
#1200=CARTESIAN_POINT('',(0.0241964107137174,0.,0.0284234056537696));
#1201=CARTESIAN_POINT('',(0.026,0.,0.0403759213452883));
#1202=CARTESIAN_POINT('',(0.0254242662814824,0.,0.0043));
#1203=CARTESIAN_POINT('',(0.026,0.,0.00430008227882392));
#1204=CARTESIAN_POINT('',(0.026,0.,0.00430008227882391));
#1205=CARTESIAN_POINT('',(0.026,0.,0.00215));
#1206=CARTESIAN_POINT('',(0.026,0.,0.));
#1207=CARTESIAN_POINT('',(0.026,0.,0.));
#1208=CARTESIAN_POINT('',(0.,0.,0.));
#1209=CARTESIAN_POINT('',(0.,0.,0.00215));
#1210=CARTESIAN_POINT('',(0.,0.,0.0043));
#1211=CARTESIAN_POINT('',(0.026,0.,0.0043));
#1212=CARTESIAN_POINT('',(0.000575733718517574,0.,0.0043));
#1213=CARTESIAN_POINT('',(0.,0.,0.));
#1214=CARTESIAN_POINT('',(0.00285822292789817,0.,0.0200542025268078));
#1215=CARTESIAN_POINT('',(0.00180358928628266,0.,0.0284234056537696));
#1216=CARTESIAN_POINT('',(0.,0.,0.0403759213452883));
#1217=CARTESIAN_POINT('',(0.026,0.,0.00215));
#1218=CARTESIAN_POINT('',(0.0258,0.,0.00215));
#1219=CARTESIAN_POINT('',(0.0258,0.,0.0390427364314102));
#1220=CARTESIAN_POINT('',(0.0258,0.,0.0403759213520924));
#1221=CARTESIAN_POINT('',(0.0023,6.02465541738852E-19,0.0403759213452883));
#1222=CARTESIAN_POINT('',(0.,0.,0.0403759213452883));
#1223=CARTESIAN_POINT('',(0.,0.,0.0403759213452883));
#1224=CARTESIAN_POINT('',(1.36018262821278E-27,0.,0.0414569203860201));
#1225=CARTESIAN_POINT('',(0.00372250979839363,0.,0.0455515737648414));
#1226=CARTESIAN_POINT('',(0.010026306580052,0.,0.0412755650532509));
#1227=CARTESIAN_POINT('',(0.013,0.,0.0412098750534026));
#1228=CARTESIAN_POINT('',(0.013,0.,0.0412098750534026));
#1229=CARTESIAN_POINT('',(0.026,0.,0.0403759213452883));
#1230=CARTESIAN_POINT('',(0.026,0.,0.0414569203860201));
#1231=CARTESIAN_POINT('',(0.0222774902016064,0.,0.0455515737648414));
#1232=CARTESIAN_POINT('',(0.015973693419948,0.,0.0412755650532509));
#1233=CARTESIAN_POINT('',(0.013,0.,0.0412098750534026));
#1234=CARTESIAN_POINT('',(0.026,0.,0.0403759213452883));
#1235=CARTESIAN_POINT('',(0.635871956794713,0.,-0.0518377872891268));
#1236=CARTESIAN_POINT('',(0.,-0.00340000000000001,0.0403759213452883));
#1237=CARTESIAN_POINT('',(0.,4.33680868994202E-19,0.0403759213452883));
#1238=CARTESIAN_POINT('',(4.18402105989316E-28,-0.00340000000000001,0.0407084445416836));
#1239=CARTESIAN_POINT('',(4.18402105989316E-28,4.33680868994202E-19,0.0407084445416836));
#1240=CARTESIAN_POINT('',(0.000286362003811756,-0.00340000000000001,0.0414844407739609));
#1241=CARTESIAN_POINT('',(0.000286362003811756,-4.33680868994202E-19,0.0414844407739609));
#1242=CARTESIAN_POINT('',(0.0013844085989967,-0.00340000000000001,0.0426323606901269));
#1243=CARTESIAN_POINT('',(0.0013844085989967,-4.33680868994202E-19,0.0426323606901269));
#1244=CARTESIAN_POINT('',(0.00296376779877095,-0.00340000000000001,0.0434382015195298));
#1245=CARTESIAN_POINT('',(0.00296376779877095,1.30104260698261E-18,0.0434382015195298));
#1246=CARTESIAN_POINT('',(0.00482537858844164,-0.00340000000000001,0.0434957410709671));
#1247=CARTESIAN_POINT('',(0.00482537858844164,8.67361737988404E-19,0.0434957410709671));
#1248=CARTESIAN_POINT('',(0.00685451020549752,-0.00340000000000001,0.042968660110844));
#1249=CARTESIAN_POINT('',(0.00685451020549752,-4.33680868994202E-19,0.042968660110844));
#1250=CARTESIAN_POINT('',(0.00966487401412483,-0.0034,0.0419375684581405));
#1251=CARTESIAN_POINT('',(0.00966487401412483,2.16840434497101E-18,0.0419375684581405));
#1252=CARTESIAN_POINT('',(0.0117476817690039,-0.00340000000000001,0.0412375392315093));
#1253=CARTESIAN_POINT('',(0.0117476817690039,4.33680868994202E-19,0.0412375392315093));
#1254=CARTESIAN_POINT('',(0.013,-0.00340000000000001,0.0412098750534026));
#1255=CARTESIAN_POINT('',(0.013,4.33680868994202E-19,0.0412098750534026));
#1256=CARTESIAN_POINT('',(0.013,-0.0034,0.0412098750534026));
#1257=CARTESIAN_POINT('',(0.013,-0.00244405852210353,0.0412098750534026));
#1258=CARTESIAN_POINT('',(0.013,-0.00244405852210353,0.0412098750534026));
#1259=CARTESIAN_POINT('',(0.0127609293419462,-0.00243118405687615,0.0412151562136547));
#1260=CARTESIAN_POINT('',(0.0124096284923441,-0.00235639419045025,0.0412468272365682));
#1261=CARTESIAN_POINT('',(0.0119921668605542,-0.0021252070339398,0.0413128240521661));
#1262=CARTESIAN_POINT('',(0.0117985448738904,-0.00177876250059771,0.0413501510858294));
#1263=CARTESIAN_POINT('',(0.0120069803988308,-0.00144369038341779,0.0413102079446649));
#1264=CARTESIAN_POINT('',(0.0124114654123771,-0.00120078886149424,0.0412469605644993));
#1265=CARTESIAN_POINT('',(0.0127615112662579,-0.00111774691022781,0.041215143358729));
#1266=CARTESIAN_POINT('',(0.013,-0.00110345606711211,0.0412098750534026));
#1267=CARTESIAN_POINT('',(0.013,-0.00110345606711212,0.0412098750534026));
#1268=CARTESIAN_POINT('',(0.013,-0.0034,0.0412098750534026));
#1269=CARTESIAN_POINT('',(-2.16840434497101E-19,-5.71821737975416E-18,0.0403759213452883));
#1270=CARTESIAN_POINT('',(-2.1684043414227E-19,-0.000204044550576137,0.0406579220396858));
#1271=CARTESIAN_POINT('',(0.000165192308421567,-0.000712877085692826,0.0410995912764283));
#1272=CARTESIAN_POINT('',(0.000369662634260116,-0.00171094110047239,0.0414370259544579));
#1273=CARTESIAN_POINT('',(0.000196630872236956,-0.00274486972176217,0.0411667976820297));
#1274=CARTESIAN_POINT('',(3.63670871042434E-28,-0.00320882272117803,0.0406649471382846));
#1275=CARTESIAN_POINT('',(0.,-0.0034,0.0403759213452883));
#1276=CARTESIAN_POINT('',(0.00174914842890031,-0.0025,0.00400984904519409));
#1277=CARTESIAN_POINT('',(0.00174914842890031,-0.0275,0.00400984904519409));
#1278=CARTESIAN_POINT('',(0.00158483201318569,-0.0025,0.00451739094016686));
#1279=CARTESIAN_POINT('',(0.00158483201318569,-0.0275,0.00451739094016686));
#1280=CARTESIAN_POINT('',(0.00123991981680304,-0.0025,0.00551895919559434));
#1281=CARTESIAN_POINT('',(0.00123991981680304,-0.0275,0.00551895919559434));
#1282=CARTESIAN_POINT('',(0.00102015695882926,-0.0025,0.0071719895900987));
#1283=CARTESIAN_POINT('',(0.00102015695882926,-0.0275,0.0071719895900987));
#1284=CARTESIAN_POINT('',(0.00115896541617503,-0.0025,0.00872320506128837));
#1285=CARTESIAN_POINT('',(0.00115896541617503,-0.0275,0.00872320506128837));
#1286=CARTESIAN_POINT('',(0.00148747083838273,-0.0025,0.0100871077606674));
#1287=CARTESIAN_POINT('',(0.00148747083838273,-0.0275,0.0100871077606674));
#1288=CARTESIAN_POINT('',(0.0019658324277415,-0.0025,0.0115368740030897));
#1289=CARTESIAN_POINT('',(0.0019658324277415,-0.0275,0.0115368740030897));
#1290=CARTESIAN_POINT('',(0.00259792244944944,-0.0025,0.0133510936721202));
#1291=CARTESIAN_POINT('',(0.00259792244944944,-0.0275,0.0133510936721202));
#1292=CARTESIAN_POINT('',(0.00261604561411863,-0.0025,0.0150246105674724));
#1293=CARTESIAN_POINT('',(0.00261604561411863,-0.0275,0.0150246105674724));
#1294=CARTESIAN_POINT('',(0.00118606745093107,-0.0025,0.0157294374193417));
#1295=CARTESIAN_POINT('',(0.00118606745093107,-0.0275,0.0157294374193417));
#1296=CARTESIAN_POINT('',(-0.000438599884209278,-0.0025,0.0159071562093769));
#1297=CARTESIAN_POINT('',(-0.000438599884209278,-0.0275,0.0159071562093769));
#1298=CARTESIAN_POINT('',(-0.0014415008136043,-0.0025,0.0158194438294524));
#1299=CARTESIAN_POINT('',(-0.0014415008136043,-0.0275,0.0158194438294524));
#1300=CARTESIAN_POINT('',(-0.00208186801546021,-0.0025,0.0154087763697421));
#1301=CARTESIAN_POINT('',(-0.00208186801546021,-0.0275,0.0154087763697421));
#1302=CARTESIAN_POINT('',(-0.00236808487474303,-0.0025,0.0147524014385612));
#1303=CARTESIAN_POINT('',(-0.00236808487474303,-0.0275,0.0147524014385612));
#1304=CARTESIAN_POINT('',(-0.00244354376894734,-0.0025,0.0141348901931649));
#1305=CARTESIAN_POINT('',(-0.00244354376894734,-0.0275,0.0141348901931649));
#1306=CARTESIAN_POINT('',(-0.00236496449217335,-0.0025,0.0135586557843325));
#1307=CARTESIAN_POINT('',(-0.00236496449217335,-0.0275,0.0135586557843325));
#1308=CARTESIAN_POINT('',(-0.00210950106389469,-0.0025,0.0131964375075412));
#1309=CARTESIAN_POINT('',(-0.00210950106389469,-0.0275,0.0131964375075412));
#1310=CARTESIAN_POINT('',(-0.00168917474343616,-0.0025,0.013024657659553));
#1311=CARTESIAN_POINT('',(-0.00168917474343616,-0.0275,0.013024657659553));
#1312=CARTESIAN_POINT('',(-0.000930497050035487,-0.0025,0.0128662814361715));
#1313=CARTESIAN_POINT('',(-0.000930497050035487,-0.0275,0.0128662814361715));
#1314=CARTESIAN_POINT('',(1.58389948417763E-5,-0.0025,0.0127264455493107));
#1315=CARTESIAN_POINT('',(1.58389948417763E-5,-0.0275,0.0127264455493107));
#1316=CARTESIAN_POINT('',(0.000587806227882233,-0.0025,0.012917625831331));
#1317=CARTESIAN_POINT('',(0.000587806227882233,-0.0275,0.012917625831331));
#1318=CARTESIAN_POINT('',(0.000772079281939985,-0.0025,0.0132343788489134));
#1319=CARTESIAN_POINT('',(0.000772079281939985,-0.0275,0.0132343788489134));
#1320=CARTESIAN_POINT('',(0.000812805281965381,-0.0025,0.0136346869115338));
#1321=CARTESIAN_POINT('',(0.000812805281965381,-0.0275,0.0136346869115338));
#1322=CARTESIAN_POINT('',(0.000702166828797582,-0.0025,0.0140068181116983));
#1323=CARTESIAN_POINT('',(0.000702166828797582,-0.0275,0.0140068181116983));
#1324=CARTESIAN_POINT('',(0.000345870590073034,-0.0025,0.0141594975135981));
#1325=CARTESIAN_POINT('',(0.000345870590073034,-0.0275,0.0141594975135981));
#1326=CARTESIAN_POINT('',(-3.13253465077511E-5,-0.0025,0.014272874593079));
#1327=CARTESIAN_POINT('',(-3.13253465077511E-5,-0.0275,0.014272874593079));
#1328=CARTESIAN_POINT('',(-0.000148961667207397,-0.0025,0.0146464057076161));
#1329=CARTESIAN_POINT('',(-0.000148961667207397,-0.0275,0.0146464057076161));
#1330=CARTESIAN_POINT('',(0.000137708407913361,-0.0025,0.0148469296669757));
#1331=CARTESIAN_POINT('',(0.000137708407913361,-0.0275,0.0148469296669757));
#1332=CARTESIAN_POINT('',(0.000715712400821021,-0.0025,0.014711563740736));
#1333=CARTESIAN_POINT('',(0.000715712400821021,-0.0275,0.014711563740736));
#1334=CARTESIAN_POINT('',(0.00140218784849633,-0.0025,0.014238977009039));
#1335=CARTESIAN_POINT('',(0.00140218784849633,-0.0275,0.014238977009039));
#1336=CARTESIAN_POINT('',(0.00138734771413286,-0.0025,0.0134385529106988));
#1337=CARTESIAN_POINT('',(0.00138734771413286,-0.0275,0.0134385529106988));
#1338=CARTESIAN_POINT('',(0.00109050694138609,-0.0025,0.0127350957884436));
#1339=CARTESIAN_POINT('',(0.00109050694138609,-0.0275,0.0127350957884436));
#1340=CARTESIAN_POINT('',(0.000704410036193221,-0.0025,0.0121578823905772));
#1341=CARTESIAN_POINT('',(0.000704410036193221,-0.0275,0.0121578823905772));
#1342=CARTESIAN_POINT('',(0.000118272674342834,-0.0025,0.0114588694878093));
#1343=CARTESIAN_POINT('',(0.000118272674342834,-0.0275,0.0114588694878093));
#1344=CARTESIAN_POINT('',(-0.000520402257854977,-0.0025,0.0103145493430744));
#1345=CARTESIAN_POINT('',(-0.000520402257854977,-0.0275,0.0103145493430744));
#1346=CARTESIAN_POINT('',(-0.000844061502988111,-0.0025,0.00871119426134621));
#1347=CARTESIAN_POINT('',(-0.000844061502988111,-0.0275,0.00871119426134621));
#1348=CARTESIAN_POINT('',(-0.000903689741140532,-0.0025,0.00676192314416018));
#1349=CARTESIAN_POINT('',(-0.000903689741140532,-0.0275,0.00676192314416018));
#1350=CARTESIAN_POINT('',(-0.000886878584800743,-0.0025,0.00470978609469658));
#1351=CARTESIAN_POINT('',(-0.000886878584800743,-0.0275,0.00470978609469658));
#1352=CARTESIAN_POINT('',(-0.000896519353938514,-0.0025,0.00276676793959053));
#1353=CARTESIAN_POINT('',(-0.000896519353938514,-0.0275,0.00276676793959053));
#1354=CARTESIAN_POINT('',(-0.00098153908452162,-0.0025,0.00116825408780722));
#1355=CARTESIAN_POINT('',(-0.00098153908452162,-0.0275,0.00116825408780722));
#1356=CARTESIAN_POINT('',(-0.00109054157929199,-0.0025,0.000290026273657953));
#1357=CARTESIAN_POINT('',(-0.00109054157929199,-0.0275,0.000290026273657953));
#1358=CARTESIAN_POINT('',(-0.000555538083370454,-0.0025,-0.000212129765847068));
#1359=CARTESIAN_POINT('',(-0.000555538083370454,-0.0275,-0.000212129765847068));
#1360=CARTESIAN_POINT('',(0.00035463441840368,-0.0025,-0.000572088214076526));
#1361=CARTESIAN_POINT('',(0.00035463441840368,-0.0275,-0.000572088214076526));
#1362=CARTESIAN_POINT('',(0.00164921802986042,-0.0025,-0.000694302027679485));
#1363=CARTESIAN_POINT('',(0.00164921802986042,-0.0275,-0.000694302027679485));
#1364=CARTESIAN_POINT('',(0.0020264971982934,-0.0025,-0.000328686876751908));
#1365=CARTESIAN_POINT('',(0.0020264971982934,-0.0275,-0.000328686876751908));
#1366=CARTESIAN_POINT('',(0.00214625149965286,-0.0025,0.));
#1367=CARTESIAN_POINT('',(0.00214625149965286,-0.0275,0.));
#1368=CARTESIAN_POINT('',(0.0021313022229119,-0.00339999999999766,0.0120238515515904));
#1369=CARTESIAN_POINT('',(0.00227387344516113,-0.00346616193954655,0.0124653575828682));
#1370=CARTESIAN_POINT('',(0.00247680858209391,-0.00356207597042302,0.0131338019888644));
#1371=CARTESIAN_POINT('',(0.00259579833679843,-0.0036863133634803,0.0140550697998007));
#1372=CARTESIAN_POINT('',(0.00250602482065522,-0.00377843817595424,0.0147696769210718));
#1373=CARTESIAN_POINT('',(0.00201732567620755,-0.00384465063360971,0.0153051090916572));
#1374=CARTESIAN_POINT('',(0.00115825689088413,-0.00389120827698743,0.0156907649432291));
#1375=CARTESIAN_POINT('',(0.000465197315276649,-0.00390393512759149,0.0157987034278994));
#1376=CARTESIAN_POINT('',(3.02692201669375E-18,-0.00390883703050871,0.0158401144357165));
#1377=CARTESIAN_POINT('',(4.33680868994202E-19,-0.00390883703166319,0.0158401144357165));
#1378=CARTESIAN_POINT('',(4.33680868994202E-19,-0.0025,0.0158401144357165));
#1379=CARTESIAN_POINT('',(0.,-0.0025,0.0158401144358866));
#1380=CARTESIAN_POINT('',(0.00214625149965286,-0.0025,0.));
#1381=CARTESIAN_POINT('',(0.00236593468841834,-0.0025,0.000602959395783894));
#1382=CARTESIAN_POINT('',(0.00229208872543674,-0.0025,0.00289991393321132));
#1383=CARTESIAN_POINT('',(0.000941221694177879,-0.0025,0.00583210062965938));
#1384=CARTESIAN_POINT('',(0.00108548300904903,-0.0025,0.00990073872516624));
#1385=CARTESIAN_POINT('',(0.00363550847866296,-0.0025,0.0152336350415996));
#1386=CARTESIAN_POINT('',(-3.36146404678474E-5,-0.0025,0.0159344824970368));
#1387=CARTESIAN_POINT('',(-0.00152269776933713,-0.0025,0.0158481998972634));
#1388=CARTESIAN_POINT('',(-0.00243904233502609,-0.0025,0.0150662735481603));
#1389=CARTESIAN_POINT('',(-0.00249382715381409,-0.0025,0.0132459170601114));
#1390=CARTESIAN_POINT('',(-0.00134073003527277,-0.0025,0.0129265510575053));
#1391=CARTESIAN_POINT('',(0.000476240732340769,-0.0025,0.0126329006321966));
#1392=CARTESIAN_POINT('',(0.000851014970282961,-0.0025,0.0133665764256659));
#1393=CARTESIAN_POINT('',(0.000736683065453942,-0.0025,0.0141468297745745));
#1394=CARTESIAN_POINT('',(-8.94957689129071E-5,-0.0025,0.0141852631444454));
#1395=CARTESIAN_POINT('',(-0.000155563657042298,-0.0025,0.0149998438197276));
#1396=CARTESIAN_POINT('',(0.00156186063860758,-0.0025,0.0145010406050028));
#1397=CARTESIAN_POINT('',(0.00126940629898726,-0.0025,0.0128125623660827));
#1398=CARTESIAN_POINT('',(0.000297523939695841,-0.0025,0.0117362633168247));
#1399=CARTESIAN_POINT('',(-0.000915612207732075,-0.0025,0.0097720076045254));
#1400=CARTESIAN_POINT('',(-0.000886053029229146,-0.0025,0.00549485391422872));
#1401=CARTESIAN_POINT('',(-0.00089185432936982,-0.0025,0.00156228864143243));
#1402=CARTESIAN_POINT('',(-0.00120648403413543,-0.0025,-0.000227840709796762));
#1403=CARTESIAN_POINT('',(0.0014477740823087,-0.0025,-0.000827885494244155));
#1404=CARTESIAN_POINT('',(0.00201335779863193,-0.0025,-0.000364750284814066));
#1405=CARTESIAN_POINT('',(0.00214625149965286,-0.0025,0.));
#1406=CARTESIAN_POINT('',(2.58277557327324E-14,-0.0025,0.0127924495871162));
#1407=CARTESIAN_POINT('',(-2.71050543121376E-19,-0.0025,0.0127924495871151));
#1408=CARTESIAN_POINT('',(-1.35525271560688E-19,-0.00351237305257238,0.0127924495871151));
#1409=CARTESIAN_POINT('',(-1.35525271560688E-19,-0.00351237305257238,0.0127924495871151));
#1410=CARTESIAN_POINT('',(0.000206347855248622,-0.00351358408594039,0.0128009386012806));
#1411=CARTESIAN_POINT('',(0.000659534929092123,-0.00352575508479626,0.0128845101223888));
#1412=CARTESIAN_POINT('',(0.000817017231589319,-0.00360151180792299,0.013427132508124));
#1413=CARTESIAN_POINT('',(0.000771027980747173,-0.00365701153244446,0.0138388487325777));
#1414=CARTESIAN_POINT('',(0.000501755524638705,-0.00370122859181396,0.014173086304897));
#1415=CARTESIAN_POINT('',(0.000141019544678339,-0.00370172073997017,0.0141768641518565));
#1416=CARTESIAN_POINT('',(1.62501918708457E-18,-0.0037213863431398,0.0143283931538463));
#1417=CARTESIAN_POINT('',(-1.76182853028895E-19,-0.00372138634312237,0.0143283931538463));
#1418=CARTESIAN_POINT('',(-1.76182853028895E-19,-0.0025,0.0143283931538463));
#1419=CARTESIAN_POINT('',(0.,-0.0025,0.0143283931549875));
#1420=CARTESIAN_POINT('',(0.00214625149965286,-0.0025,0.));
#1421=CARTESIAN_POINT('',(0.00236593468841834,-0.0025,0.000602959395783894));
#1422=CARTESIAN_POINT('',(0.00229208872543674,-0.0025,0.00289991393321132));
#1423=CARTESIAN_POINT('',(0.000941221694177879,-0.0025,0.00583210062965938));
#1424=CARTESIAN_POINT('',(0.00108548300904903,-0.0025,0.00990073872516624));
#1425=CARTESIAN_POINT('',(0.00363550847866296,-0.0025,0.0152336350415996));
#1426=CARTESIAN_POINT('',(-3.36146404678474E-5,-0.0025,0.0159344824970368));
#1427=CARTESIAN_POINT('',(-0.00152269776933713,-0.0025,0.0158481998972634));
#1428=CARTESIAN_POINT('',(-0.00243904233502609,-0.0025,0.0150662735481603));
#1429=CARTESIAN_POINT('',(-0.00249382715381409,-0.0025,0.0132459170601114));
#1430=CARTESIAN_POINT('',(-0.00134073003527277,-0.0025,0.0129265510575053));
#1431=CARTESIAN_POINT('',(0.000476240732340769,-0.0025,0.0126329006321966));
#1432=CARTESIAN_POINT('',(0.000851014970282961,-0.0025,0.0133665764256659));
#1433=CARTESIAN_POINT('',(0.000736683065453942,-0.0025,0.0141468297745745));
#1434=CARTESIAN_POINT('',(-8.94957689129071E-5,-0.0025,0.0141852631444454));
#1435=CARTESIAN_POINT('',(-0.000155563657042298,-0.0025,0.0149998438197276));
#1436=CARTESIAN_POINT('',(0.00156186063860758,-0.0025,0.0145010406050028));
#1437=CARTESIAN_POINT('',(0.00126940629898726,-0.0025,0.0128125623660827));
#1438=CARTESIAN_POINT('',(0.000297523939695841,-0.0025,0.0117362633168247));
#1439=CARTESIAN_POINT('',(-0.000915612207732075,-0.0025,0.0097720076045254));
#1440=CARTESIAN_POINT('',(-0.000886053029229146,-0.0025,0.00549485391422872));
#1441=CARTESIAN_POINT('',(-0.00089185432936982,-0.0025,0.00156228864143243));
#1442=CARTESIAN_POINT('',(-0.00120648403413543,-0.0025,-0.000227840709796762));
#1443=CARTESIAN_POINT('',(0.0014477740823087,-0.0025,-0.000827885494244155));
#1444=CARTESIAN_POINT('',(0.00201335779863193,-0.0025,-0.000364750284814066));
#1445=CARTESIAN_POINT('',(0.00214625149965286,-0.0025,0.));
#1446=CARTESIAN_POINT('',(3.8751023948607E-11,-0.0025,0.0147383871718035));
#1447=CARTESIAN_POINT('',(-4.07715166146379E-18,-0.0025,0.0147383871448878));
#1448=CARTESIAN_POINT('',(2.06568088504406E-18,-0.00377393877809535,0.0147383871448878));
#1449=CARTESIAN_POINT('',(2.06568088504406E-18,-0.00377393877809535,0.0147383871448878));
#1450=CARTESIAN_POINT('',(8.63679725223175E-5,-0.00378153283354931,0.0147983765404775));
#1451=CARTESIAN_POINT('',(0.000306661286872942,-0.00378177390464527,0.0148004181565323));
#1452=CARTESIAN_POINT('',(0.000699559226466521,-0.00376929631406272,0.0147016139582075));
#1453=CARTESIAN_POINT('',(0.00117313724094924,-0.00373620897141727,0.0144407581871858));
#1454=CARTESIAN_POINT('',(0.00140974735300608,-0.00365797180553533,0.013842679425486));
#1455=CARTESIAN_POINT('',(0.00127034352769397,-0.00354592335662601,0.0130211009213424));
#1456=CARTESIAN_POINT('',(0.000722539233192891,-0.00342255448799889,0.0121657744456187));
#1457=CARTESIAN_POINT('',(0.000209385498226805,-0.00332817619704405,0.0115479238760692));
#1458=CARTESIAN_POINT('',(3.15773882736403E-18,-0.00327411851352491,0.0112064402596364));
#1459=CARTESIAN_POINT('',(-1.88380127469357E-18,-0.0032741185131923,0.0112064402596364));
#1460=CARTESIAN_POINT('',(-1.88380127469357E-18,-0.0025,0.0112064402596364));
#1461=CARTESIAN_POINT('',(7.17301453287802E-11,-0.0025,0.01120644037662));
#1462=CARTESIAN_POINT('',(0.00214625149965286,-0.0025,0.));
#1463=CARTESIAN_POINT('',(0.00236593468841834,-0.0025,0.000602959395783894));
#1464=CARTESIAN_POINT('',(0.00229208872543674,-0.0025,0.00289991393321132));
#1465=CARTESIAN_POINT('',(0.000941221694177879,-0.0025,0.00583210062965938));
#1466=CARTESIAN_POINT('',(0.00108548300904903,-0.0025,0.00990073872516624));
#1467=CARTESIAN_POINT('',(0.00363550847866296,-0.0025,0.0152336350415996));
#1468=CARTESIAN_POINT('',(-3.36146404678474E-5,-0.0025,0.0159344824970368));
#1469=CARTESIAN_POINT('',(-0.00152269776933713,-0.0025,0.0158481998972634));
#1470=CARTESIAN_POINT('',(-0.00243904233502609,-0.0025,0.0150662735481603));
#1471=CARTESIAN_POINT('',(-0.00249382715381409,-0.0025,0.0132459170601114));
#1472=CARTESIAN_POINT('',(-0.00134073003527277,-0.0025,0.0129265510575053));
#1473=CARTESIAN_POINT('',(0.000476240732340769,-0.0025,0.0126329006321966));
#1474=CARTESIAN_POINT('',(0.000851014970282961,-0.0025,0.0133665764256659));
#1475=CARTESIAN_POINT('',(0.000736683065453942,-0.0025,0.0141468297745745));
#1476=CARTESIAN_POINT('',(-8.94957689129071E-5,-0.0025,0.0141852631444454));
#1477=CARTESIAN_POINT('',(-0.000155563657042298,-0.0025,0.0149998438197276));
#1478=CARTESIAN_POINT('',(0.00156186063860758,-0.0025,0.0145010406050028));
#1479=CARTESIAN_POINT('',(0.00126940629898726,-0.0025,0.0128125623660827));
#1480=CARTESIAN_POINT('',(0.000297523939695841,-0.0025,0.0117362633168247));
#1481=CARTESIAN_POINT('',(-0.000915612207732075,-0.0025,0.0097720076045254));
#1482=CARTESIAN_POINT('',(-0.000886053029229146,-0.0025,0.00549485391422872));
#1483=CARTESIAN_POINT('',(-0.00089185432936982,-0.0025,0.00156228864143243));
#1484=CARTESIAN_POINT('',(-0.00120648403413543,-0.0025,-0.000227840709796762));
#1485=CARTESIAN_POINT('',(0.0014477740823087,-0.0025,-0.000827885494244155));
#1486=CARTESIAN_POINT('',(0.00201335779863193,-0.0025,-0.000364750284814066));
#1487=CARTESIAN_POINT('',(0.00214625149965286,-0.0025,0.));
#1488=CARTESIAN_POINT('',(0.00214625149965286,-0.0025,0.));
#1489=CARTESIAN_POINT('',(0.00214625149965286,-0.0025,0.));
#1490=CARTESIAN_POINT('',(0.00214625149965286,-0.0275,0.));
#1491=CARTESIAN_POINT('',(0.00214625149965286,-0.0275,0.));
#1492=CARTESIAN_POINT('',(0.00236593468841834,-0.0275,0.000602959395783894));
#1493=CARTESIAN_POINT('',(0.00229208872543674,-0.0275,0.00289991393321132));
#1494=CARTESIAN_POINT('',(0.000941221694177879,-0.0275,0.00583210062965938));
#1495=CARTESIAN_POINT('',(0.00108548300904903,-0.0275,0.00990073872516624));
#1496=CARTESIAN_POINT('',(0.00363550847866296,-0.0275,0.0152336350415996));
#1497=CARTESIAN_POINT('',(-3.36146404678474E-5,-0.0275,0.0159344824970368));
#1498=CARTESIAN_POINT('',(-0.00152269776933713,-0.0275,0.0158481998972634));
#1499=CARTESIAN_POINT('',(-0.00243904233502609,-0.0275,0.0150662735481603));
#1500=CARTESIAN_POINT('',(-0.00249382715381409,-0.0275,0.0132459170601114));
#1501=CARTESIAN_POINT('',(-0.00134073003527277,-0.0275,0.0129265510575053));
#1502=CARTESIAN_POINT('',(0.000476240732340769,-0.0275,0.0126329006321966));
#1503=CARTESIAN_POINT('',(0.000851014970282961,-0.0275,0.0133665764256659));
#1504=CARTESIAN_POINT('',(0.000736683065453942,-0.0275,0.0141468297745745));
#1505=CARTESIAN_POINT('',(-8.94957689129071E-5,-0.0275,0.0141852631444454));
#1506=CARTESIAN_POINT('',(-0.000155563657042298,-0.0275,0.0149998438197276));
#1507=CARTESIAN_POINT('',(0.00156186063860758,-0.0275,0.0145010406050028));
#1508=CARTESIAN_POINT('',(0.00126940629898726,-0.0275,0.0128125623660827));
#1509=CARTESIAN_POINT('',(0.000297523939695841,-0.0275,0.0117362633168247));
#1510=CARTESIAN_POINT('',(-0.000915612207732075,-0.0275,0.0097720076045254));
#1511=CARTESIAN_POINT('',(-0.000886053029229146,-0.0275,0.00549485391422872));
#1512=CARTESIAN_POINT('',(-0.00089185432936982,-0.0275,0.00156228864143243));
#1513=CARTESIAN_POINT('',(-0.00120648403413543,-0.0275,-0.000227840709796762));
#1514=CARTESIAN_POINT('',(0.0014477740823087,-0.0275,-0.000827885494244155));
#1515=CARTESIAN_POINT('',(0.00201335779863193,-0.0275,-0.000364750284814066));
#1516=CARTESIAN_POINT('',(0.00214625149965286,-0.0275,0.));
#1517=CARTESIAN_POINT('',(0.00165470841358711,-0.0275,0.0043));
#1518=CARTESIAN_POINT('',(0.00165470841991275,-0.0275,0.0043));
#1519=CARTESIAN_POINT('',(0.00141942850583168,-0.0235271025890277,0.0050223461088539));
#1520=CARTESIAN_POINT('',(0.00117818542428258,-0.0154916211972942,0.00606066054480116));
#1521=CARTESIAN_POINT('',(0.00123839055097847,-0.00738200615034179,0.00566813319578539));
#1522=CARTESIAN_POINT('',(0.0014366306598833,-0.00339999999991748,0.00499427027581708));
#1523=CARTESIAN_POINT('',(0.025870916423588,-0.0119128930830922,-0.0453828839086247));
#1524=CARTESIAN_POINT('',(0.0258,-0.0275,0.0043));
#1525=CARTESIAN_POINT('',(0.0258,-0.0176916527447434,0.00608333864210918));
#1526=CARTESIAN_POINT('',(0.0258,-0.00874416516380985,0.00639804268359538));
#1527=CARTESIAN_POINT('',(0.0258,0.,0.0043));
#1528=CARTESIAN_POINT('',(0.0258,-0.0016999999999995,0.00467719118315602));
#1529=CARTESIAN_POINT('',(0.0258,-0.00100646943013661,0.00453068251933101));
#1530=CARTESIAN_POINT('',(0.0258,-0.0017,0.00467719118315612));
#1531=CARTESIAN_POINT('',(0.0253776043475893,-0.0017,0.00467719118315612));
#1532=CARTESIAN_POINT('',(0.0253776201620581,-0.00170000067904215,0.0046771897982292));
#1533=CARTESIAN_POINT('',(0.0253709449025605,-0.00196624488781238,0.00473150700665551));
#1534=CARTESIAN_POINT('',(0.0253645528596452,-0.00223291198323439,0.00478369819756692));
#1535=CARTESIAN_POINT('',(0.0253584391098175,-0.00250000191235301,0.00483376303838051));
#1536=CARTESIAN_POINT('',(0.0253584315287676,-0.0025,0.00483377231478267));
#1537=CARTESIAN_POINT('',(0.026,-0.0025,0.0048337723147833));
#1538=CARTESIAN_POINT('',(0.026,-0.0025,0.0048337723147833));
#1539=CARTESIAN_POINT('',(0.026,-0.0119128930830922,-0.0453828839086247));
#1540=CARTESIAN_POINT('',(0.0254242662821005,6.50521303491303E-19,0.0043));
#1541=CARTESIAN_POINT('',(0.025414258338512,-0.000334777418604857,0.00438032525696608));
#1542=CARTESIAN_POINT('',(0.0254047236332991,-0.000670268589941431,0.00445721329183247));
#1543=CARTESIAN_POINT('',(0.0253956492762127,-0.001006469430133,0.00453068251933022));
#1544=CARTESIAN_POINT('',(0.0253956492762127,-0.00100646943013301,0.00453068251933022));
#1545=CARTESIAN_POINT('',(0.0258,-0.001006469430133,0.00453068251933021));
#1546=CARTESIAN_POINT('',(0.229803438904329,-0.00233904,0.029799898193116));
#1547=CARTESIAN_POINT('',(0.0250940551731019,-0.00249999999784376,0.00710482692474064));
#1548=CARTESIAN_POINT('',(0.0251400782599031,-0.00240280178700678,0.00668839543889182));
#1549=CARTESIAN_POINT('',(0.0252110516249003,-0.00224685961567518,0.00606547543497676));
#1550=CARTESIAN_POINT('',(0.0253072408528512,-0.00198118127507847,0.00525411948063512));
#1551=CARTESIAN_POINT('',(0.0253556696313562,-0.00181739724081588,0.00485578452954727));
#1552=CARTESIAN_POINT('',(0.0253776043475893,-0.00170000000000001,0.00467719118315613));
#1553=CARTESIAN_POINT('',(0.0250940551731568,-0.0025,0.00710482692424343));
#1554=CARTESIAN_POINT('',(0.229803438904329,-0.0025,0.029799898193116));
#1555=CARTESIAN_POINT('',(0.0254580623900027,-0.0010125082467138,0.00403010176294493));
#1556=CARTESIAN_POINT('',(0.0254580623900027,0.,0.00403010176294493));
#1557=CARTESIAN_POINT('',(0.0235431785443856,-0.0010125082467138,0.01924688647966));
#1558=CARTESIAN_POINT('',(0.0235431785443856,0.,0.01924688647966));
#1559=CARTESIAN_POINT('',(0.024126617566149,-0.0010125082467138,0.0272775214355087));
#1560=CARTESIAN_POINT('',(0.024126617566149,0.,0.0272775214355087));
#1561=CARTESIAN_POINT('',(0.025447362329782,-0.0010125082467138,0.036620300188232));
#1562=CARTESIAN_POINT('',(0.025447362329782,0.,0.036620300188232));
#1563=CARTESIAN_POINT('',(0.0254239489409176,-4.00689536306918E-14,0.0364542608811672));
#1564=CARTESIAN_POINT('',(0.0250518348001133,-8.34098432972761E-5,0.0338086358995617));
#1565=CARTESIAN_POINT('',(0.0244031202025916,-0.000250378931580237,0.0285126471563657));
#1566=CARTESIAN_POINT('',(0.0241204584046163,-0.000502940327209219,0.0205018092068534));
#1567=CARTESIAN_POINT('',(0.0245098264890433,-0.000755464448301361,0.012492153546164));
#1568=CARTESIAN_POINT('',(0.0250680643694881,-0.000922850902889266,0.00718292661861369));
#1569=CARTESIAN_POINT('',(0.0253956492762127,-0.001006469430133,0.0045306825193302));
#1570=CARTESIAN_POINT('',(0.026,-0.0034,0.0403759213452883));
#1571=CARTESIAN_POINT('',(0.026,4.33680868994202E-19,0.0403759213452883));
#1572=CARTESIAN_POINT('',(0.026,-0.0034,0.0407084445416836));
#1573=CARTESIAN_POINT('',(0.026,4.33680868994202E-19,0.0407084445416836));
#1574=CARTESIAN_POINT('',(0.0257136379961882,-0.0034,0.0414844407739609));
#1575=CARTESIAN_POINT('',(0.0257136379961882,8.67361737988404E-19,0.0414844407739609));
#1576=CARTESIAN_POINT('',(0.0246155914010033,-0.0034,0.0426323606901269));
#1577=CARTESIAN_POINT('',(0.0246155914010033,4.33680868994202E-19,0.0426323606901269));
#1578=CARTESIAN_POINT('',(0.023036232201229,-0.0034,0.0434382015195298));
#1579=CARTESIAN_POINT('',(0.023036232201229,1.30104260698261E-18,0.0434382015195298));
#1580=CARTESIAN_POINT('',(0.0211746214115583,-0.0034,0.0434957410709671));
#1581=CARTESIAN_POINT('',(0.0211746214115583,4.33680868994202E-19,0.0434957410709671));
#1582=CARTESIAN_POINT('',(0.0191454897945025,-0.0034,0.042968660110844));
#1583=CARTESIAN_POINT('',(0.0191454897945025,0.,0.042968660110844));
#1584=CARTESIAN_POINT('',(0.0163351259858752,-0.0034,0.0419375684581405));
#1585=CARTESIAN_POINT('',(0.0163351259858752,1.30104260698261E-18,0.0419375684581405));
#1586=CARTESIAN_POINT('',(0.0142523182309961,-0.0034,0.0412375392315093));
#1587=CARTESIAN_POINT('',(0.0142523182309961,4.33680868994202E-19,0.0412375392315093));
#1588=CARTESIAN_POINT('',(0.013,-0.0034,0.0412098750534026));
#1589=CARTESIAN_POINT('',(0.013,4.33680868994202E-19,0.0412098750534026));
#1590=CARTESIAN_POINT('',(0.0258,-0.000927800703287452,0.0411365882397158));
#1591=CARTESIAN_POINT('',(0.0257409894885058,-0.001188591728925,0.0412582982914594));
#1592=CARTESIAN_POINT('',(0.0256470736275424,-0.00176290127902448,0.0414094204701401));
#1593=CARTESIAN_POINT('',(0.0257346873714189,-0.00234647054894319,0.0412712965010544));
#1594=CARTESIAN_POINT('',(0.0257999999999988,-0.0026001230332077,0.0411365882397183));
#1595=CARTESIAN_POINT('',(0.0258,-0.00092780070795983,0.0411365882418963));
#1596=CARTESIAN_POINT('',(0.0258,-0.00260012306966544,0.0411365882397157));
#1597=CARTESIAN_POINT('',(0.0258,-0.0034,0.0411365882397157));
#1598=CARTESIAN_POINT('',(0.013,-0.00244405852210353,0.0412098750534026));
#1599=CARTESIAN_POINT('',(0.0132390706580538,-0.00243118405687615,0.0412151562136547));
#1600=CARTESIAN_POINT('',(0.0135903715076558,-0.00235639419045025,0.0412468272365682));
#1601=CARTESIAN_POINT('',(0.0140078331394457,-0.00212520703393982,0.0413128240521661));
#1602=CARTESIAN_POINT('',(0.0142014551261096,-0.00177876250059779,0.0413501510858293));
#1603=CARTESIAN_POINT('',(0.0139930196011692,-0.00144369038341786,0.0413102079446649));
#1604=CARTESIAN_POINT('',(0.0135885345876229,-0.00120078886149414,0.0412469605644993));
#1605=CARTESIAN_POINT('',(0.0132384887337421,-0.00111774691022782,0.041215143358729));
#1606=CARTESIAN_POINT('',(0.013,-0.00110345606711212,0.0412098750534026));
#1607=CARTESIAN_POINT('',(0.026,-0.0034,0.0403759213452883));
#1608=CARTESIAN_POINT('',(0.0242508515768317,-0.0025,0.0040098490628993));
#1609=CARTESIAN_POINT('',(0.0242508515768317,-0.0275,0.0040098490628993));
#1610=CARTESIAN_POINT('',(0.0244151679926418,-0.0025,0.00451739095754819));
#1611=CARTESIAN_POINT('',(0.0244151679926418,-0.0275,0.00451739095754819));
#1612=CARTESIAN_POINT('',(0.0247600801878485,-0.0025,0.00551895921308364));
#1613=CARTESIAN_POINT('',(0.0247600801878485,-0.0275,0.00551895921308364));
#1614=CARTESIAN_POINT('',(0.0249798430413576,-0.0025,0.00717198960929309));
#1615=CARTESIAN_POINT('',(0.0249798430413576,-0.0275,0.00717198960929309));
#1616=CARTESIAN_POINT('',(0.024841034580689,-0.0025,0.00872320508177514));
#1617=CARTESIAN_POINT('',(0.024841034580689,-0.0275,0.00872320508177514));
#1618=CARTESIAN_POINT('',(0.024512529155118,-0.0025,0.0100871077826664));
#1619=CARTESIAN_POINT('',(0.024512529155118,-0.0275,0.0100871077826664));
#1620=CARTESIAN_POINT('',(0.0240341675640997,-0.0025,0.0115368740255391));
#1621=CARTESIAN_POINT('',(0.0240341675640997,-0.0275,0.0115368740255391));
#1622=CARTESIAN_POINT('',(0.0234020775450854,-0.0025,0.0133510936919831));
#1623=CARTESIAN_POINT('',(0.0234020775450854,-0.0275,0.0133510936919831));
#1624=CARTESIAN_POINT('',(0.0233839543933285,-0.0025,0.0150246105785136));
#1625=CARTESIAN_POINT('',(0.0233839543933285,-0.0275,0.0150246105785136));
#1626=CARTESIAN_POINT('',(0.0248139325654367,-0.0025,0.0157294374223946));
#1627=CARTESIAN_POINT('',(0.0248139325654367,-0.0275,0.0157294374223946));
#1628=CARTESIAN_POINT('',(0.0264385998951622,-0.0025,0.0159071562099431));
#1629=CARTESIAN_POINT('',(0.0264385998951622,-0.0275,0.0159071562099431));
#1630=CARTESIAN_POINT('',(0.0274415008207816,-0.0025,0.0158194438270922));
#1631=CARTESIAN_POINT('',(0.0274415008207816,-0.0275,0.0158194438270922));
#1632=CARTESIAN_POINT('',(0.0280818680206375,-0.0025,0.0154087763643156));
#1633=CARTESIAN_POINT('',(0.0280818680206375,-0.0275,0.0154087763643156));
#1634=CARTESIAN_POINT('',(0.0283680848770222,-0.0025,0.0147524014293854));
#1635=CARTESIAN_POINT('',(0.0283680848770222,-0.0275,0.0147524014293854));
#1636=CARTESIAN_POINT('',(0.0284435437689509,-0.0025,0.0141348901837113));
#1637=CARTESIAN_POINT('',(0.0284435437689509,-0.0275,0.0141348901837113));
#1638=CARTESIAN_POINT('',(0.0283649644897198,-0.0025,0.0135586557769332));
#1639=CARTESIAN_POINT('',(0.0283649644897198,-0.0275,0.0135586557769332));
#1640=CARTESIAN_POINT('',(0.028109501058869,-0.0025,0.0131964375040796));
#1641=CARTESIAN_POINT('',(0.028109501058869,-0.0275,0.0131964375040796));
#1642=CARTESIAN_POINT('',(0.0276891747364276,-0.0025,0.0130246576578118));
#1643=CARTESIAN_POINT('',(0.0276891747364276,-0.0275,0.0130246576578118));
#1644=CARTESIAN_POINT('',(0.0269304970405939,-0.0025,0.0128662814343987));
#1645=CARTESIAN_POINT('',(0.0269304970405939,-0.0275,0.0128662814343987));
#1646=CARTESIAN_POINT('',(0.0259841609967881,-0.0025,0.0127264455490424));
#1647=CARTESIAN_POINT('',(0.0259841609967881,-0.0275,0.0127264455490424));
#1648=CARTESIAN_POINT('',(0.0254121937684506,-0.0025,0.0129176258345057));
#1649=CARTESIAN_POINT('',(0.0254121937684506,-0.0275,0.0129176258345057));
#1650=CARTESIAN_POINT('',(0.0252279207168522,-0.0025,0.0132343788534773));
#1651=CARTESIAN_POINT('',(0.0252279207168522,-0.0275,0.0132343788534773));
#1652=CARTESIAN_POINT('',(0.0251871947182862,-0.0025,0.0136346869165172));
#1653=CARTESIAN_POINT('',(0.0251871947182862,-0.0275,0.0136346869165172));
#1654=CARTESIAN_POINT('',(0.0252978331738979,-0.0025,0.0140068181149662));
#1655=CARTESIAN_POINT('',(0.0252978331738979,-0.0275,0.0140068181149662));
#1656=CARTESIAN_POINT('',(0.0256541294147648,-0.0025,0.0141594975143313));
#1657=CARTESIAN_POINT('',(0.0256541294147648,-0.0275,0.0141594975143313));
#1658=CARTESIAN_POINT('',(0.0260313253494727,-0.0025,0.0142728745957546));
#1659=CARTESIAN_POINT('',(0.0260313253494727,-0.0275,0.0142728745957546));
#1660=CARTESIAN_POINT('',(0.0261489616665492,-0.0025,0.0146464057116928));
#1661=CARTESIAN_POINT('',(0.0261489616665492,-0.0275,0.0146464057116928));
#1662=CARTESIAN_POINT('',(0.0258622915870032,-0.0025,0.0148469296669061));
#1663=CARTESIAN_POINT('',(0.0258622915870032,-0.0275,0.0148469296669061));
#1664=CARTESIAN_POINT('',(0.0252842875932302,-0.0025,0.0147115637382638));
#1665=CARTESIAN_POINT('',(0.0252842875932302,-0.0275,0.0147115637382638));
#1666=CARTESIAN_POINT('',(0.0245978121492357,-0.0025,0.0142389770041433));
#1667=CARTESIAN_POINT('',(0.0245978121492357,-0.0275,0.0142389770041433));
#1668=CARTESIAN_POINT('',(0.0246126522872527,-0.0025,0.013438552905318));
#1669=CARTESIAN_POINT('',(0.0246126522872527,-0.0275,0.013438552905318));
#1670=CARTESIAN_POINT('',(0.0249094930607722,-0.0025,0.0127350957845528));
#1671=CARTESIAN_POINT('',(0.0249094930607722,-0.0275,0.0127350957845528));
#1672=CARTESIAN_POINT('',(0.0252955899664713,-0.0025,0.0121578823874366));
#1673=CARTESIAN_POINT('',(0.0252955899664713,-0.0275,0.0121578823874366));
#1674=CARTESIAN_POINT('',(0.0258817273282091,-0.0025,0.0114588694842316));
#1675=CARTESIAN_POINT('',(0.0258817273282091,-0.0275,0.0114588694842316));
#1676=CARTESIAN_POINT('',(0.0265204022595197,-0.0025,0.010314549338621));
#1677=CARTESIAN_POINT('',(0.0265204022595197,-0.0275,0.010314549338621));
#1678=CARTESIAN_POINT('',(0.026844061503392,-0.0025,0.00871119425598381));
#1679=CARTESIAN_POINT('',(0.026844061503392,-0.0275,0.00871119425598381));
#1680=CARTESIAN_POINT('',(0.0269036897411183,-0.0025,0.00676192313897911));
#1681=CARTESIAN_POINT('',(0.0269036897411183,-0.0275,0.00676192313897911));
#1682=CARTESIAN_POINT('',(0.0268868785847994,-0.0025,0.00470978609027321));
#1683=CARTESIAN_POINT('',(0.0268868785847994,-0.0275,0.00470978609027321));
#1684=CARTESIAN_POINT('',(0.0268965193539655,-0.0025,0.00276676793633086));
#1685=CARTESIAN_POINT('',(0.0268965193539655,-0.0275,0.00276676793633086));
#1686=CARTESIAN_POINT('',(0.0269815390848767,-0.0025,0.00116825408595096));
#1687=CARTESIAN_POINT('',(0.0269815390848767,-0.0275,0.00116825408595096));
#1688=CARTESIAN_POINT('',(0.027090541579001,-0.0025,0.000290026272641044));
#1689=CARTESIAN_POINT('',(0.027090541579001,-0.0275,0.000290026272641044));
#1690=CARTESIAN_POINT('',(0.0265555380822721,-0.0025,-0.000212129766431575));
#1691=CARTESIAN_POINT('',(0.0265555380822721,-0.0275,-0.000212129766431575));
#1692=CARTESIAN_POINT('',(0.0256453655805059,-0.0025,-0.000572088214262573));
#1693=CARTESIAN_POINT('',(0.0256453655805059,-0.0275,-0.000572088214262573));
#1694=CARTESIAN_POINT('',(0.0243507819698693,-0.0025,-0.000694302027533538));
#1695=CARTESIAN_POINT('',(0.0243507819698693,-0.0275,-0.000694302027533538));
#1696=CARTESIAN_POINT('',(0.0239735028016631,-0.0025,-0.00032868687663247));
#1697=CARTESIAN_POINT('',(0.0239735028016631,-0.0275,-0.00032868687663247));
#1698=CARTESIAN_POINT('',(0.0238537485003472,-0.0025,-5.42101086242752E-20));
#1699=CARTESIAN_POINT('',(0.0238537485003472,-0.0275,-5.42101086242752E-20));
#1700=CARTESIAN_POINT('',(0.0238686977770891,-0.00339999999999719,0.0120238515515872));
#1701=CARTESIAN_POINT('',(0.0237315553647833,-0.0034636426331276,0.012448545969028));
#1702=CARTESIAN_POINT('',(0.0235357509345922,-0.00355614988432676,0.0130922550680895));
#1703=CARTESIAN_POINT('',(0.023411412818064,-0.00367539759318522,0.0139730130103549));
#1704=CARTESIAN_POINT('',(0.0234608932004682,-0.0037649451371672,0.0146631638913301));
#1705=CARTESIAN_POINT('',(0.0238744522238437,-0.00383514521832741,0.0152272356210351));
#1706=CARTESIAN_POINT('',(0.0246877303932507,-0.0038860780540893,0.0156476800125024));
#1707=CARTESIAN_POINT('',(0.0253520341854264,-0.00390050848318599,0.0157698295282342));
#1708=CARTESIAN_POINT('',(0.0258,-0.00390646087149838,0.015820053125917));
#1709=CARTESIAN_POINT('',(0.0258,-0.00390646087265424,0.015820053125917));
#1710=CARTESIAN_POINT('',(0.0243452915800873,-0.0275,0.0043));
#1711=CARTESIAN_POINT('',(0.0245805714941529,-0.0235271025892879,0.0050223461088066));
#1712=CARTESIAN_POINT('',(0.0248218145757735,-0.0154916211940958,0.00606066054504635));
#1713=CARTESIAN_POINT('',(0.02476160944899,-0.00738200614901138,0.0056681331956451));
#1714=CARTESIAN_POINT('',(0.0245633693400639,-0.00339999999885769,0.00499427027563774));
#1715=CARTESIAN_POINT('',(0.0243452915864129,-0.0275,0.00430000001942072));
#1716=CARTESIAN_POINT('',(0.0238537485003472,-0.0275,-5.42101086242752E-20));
#1717=CARTESIAN_POINT('',(0.0236340653115816,-0.0275,0.000602959395783893));
#1718=CARTESIAN_POINT('',(0.0237079112745633,-0.0275,0.00289991393321132));
#1719=CARTESIAN_POINT('',(0.0250587783058221,-0.0275,0.00583210062965938));
#1720=CARTESIAN_POINT('',(0.024914516990951,-0.0275,0.00990073872516624));
#1721=CARTESIAN_POINT('',(0.0223644915213371,-0.0275,0.0152336350415996));
#1722=CARTESIAN_POINT('',(0.0260336146404679,-0.0275,0.0159344824970368));
#1723=CARTESIAN_POINT('',(0.0275226977693371,-0.0275,0.0158481998972634));
#1724=CARTESIAN_POINT('',(0.0284390423350261,-0.0275,0.0150662735481603));
#1725=CARTESIAN_POINT('',(0.0284938271538141,-0.0275,0.0132459170601114));
#1726=CARTESIAN_POINT('',(0.0273407300352728,-0.0275,0.0129265510575053));
#1727=CARTESIAN_POINT('',(0.0255237592676592,-0.0275,0.0126329006321966));
#1728=CARTESIAN_POINT('',(0.025148985029717,-0.0275,0.0133665764256659));
#1729=CARTESIAN_POINT('',(0.025263316934546,-0.0275,0.0141468297745744));
#1730=CARTESIAN_POINT('',(0.0260894957689129,-0.0275,0.0141852631444454));
#1731=CARTESIAN_POINT('',(0.0261555636570423,-0.0275,0.0149998438197276));
#1732=CARTESIAN_POINT('',(0.0244381393613924,-0.0275,0.0145010406050028));
#1733=CARTESIAN_POINT('',(0.0247305937010127,-0.0275,0.0128125623660827));
#1734=CARTESIAN_POINT('',(0.0257024760603041,-0.0275,0.0117362633168247));
#1735=CARTESIAN_POINT('',(0.0269156122077321,-0.0275,0.00977200760452541));
#1736=CARTESIAN_POINT('',(0.0268860530292292,-0.0275,0.00549485391422872));
#1737=CARTESIAN_POINT('',(0.0268918543293698,-0.0275,0.00156228864143242));
#1738=CARTESIAN_POINT('',(0.0272064840341354,-0.0275,-0.000227840709796762));
#1739=CARTESIAN_POINT('',(0.0245522259176913,-0.0275,-0.000827885494244155));
#1740=CARTESIAN_POINT('',(0.0239866422013681,-0.0275,-0.000364750284814066));
#1741=CARTESIAN_POINT('',(0.0238537485003472,-0.0275,-5.42101086242752E-20));
#1742=CARTESIAN_POINT('',(0.0238537485003472,-0.0275,-5.42101086242752E-20));
#1743=CARTESIAN_POINT('',(0.0238537485003472,-0.0025,-5.42101086242752E-20));
#1744=CARTESIAN_POINT('',(0.0238537485003472,-0.0025,-5.42101086242752E-20));
#1745=CARTESIAN_POINT('',(0.0238537485003472,-0.0025,-5.42101086242752E-20));
#1746=CARTESIAN_POINT('',(0.0236340653115816,-0.0025,0.000602959395783893));
#1747=CARTESIAN_POINT('',(0.0237079112745633,-0.0025,0.00289991393321132));
#1748=CARTESIAN_POINT('',(0.0250587783058221,-0.0025,0.00583210062965938));
#1749=CARTESIAN_POINT('',(0.024914516990951,-0.0025,0.00990073872516624));
#1750=CARTESIAN_POINT('',(0.0223644915213371,-0.0025,0.0152336350415996));
#1751=CARTESIAN_POINT('',(0.0260336146404679,-0.0025,0.0159344824970368));
#1752=CARTESIAN_POINT('',(0.0275226977693371,-0.0025,0.0158481998972634));
#1753=CARTESIAN_POINT('',(0.0284390423350261,-0.0025,0.0150662735481603));
#1754=CARTESIAN_POINT('',(0.0284938271538141,-0.0025,0.0132459170601114));
#1755=CARTESIAN_POINT('',(0.0273407300352728,-0.0025,0.0129265510575053));
#1756=CARTESIAN_POINT('',(0.0255237592676592,-0.0025,0.0126329006321966));
#1757=CARTESIAN_POINT('',(0.025148985029717,-0.0025,0.0133665764256659));
#1758=CARTESIAN_POINT('',(0.025263316934546,-0.0025,0.0141468297745744));
#1759=CARTESIAN_POINT('',(0.0260894957689129,-0.0025,0.0141852631444454));
#1760=CARTESIAN_POINT('',(0.0261555636570423,-0.0025,0.0149998438197276));
#1761=CARTESIAN_POINT('',(0.0244381393613924,-0.0025,0.0145010406050028));
#1762=CARTESIAN_POINT('',(0.0247305937010127,-0.0025,0.0128125623660827));
#1763=CARTESIAN_POINT('',(0.0257024760603041,-0.0025,0.0117362633168247));
#1764=CARTESIAN_POINT('',(0.0269156122077321,-0.0025,0.00977200760452541));
#1765=CARTESIAN_POINT('',(0.0268860530292292,-0.0025,0.00549485391422872));
#1766=CARTESIAN_POINT('',(0.0268918543293698,-0.0025,0.00156228864143242));
#1767=CARTESIAN_POINT('',(0.0272064840341354,-0.0025,-0.000227840709796762));
#1768=CARTESIAN_POINT('',(0.0245522259176913,-0.0025,-0.000827885494244155));
#1769=CARTESIAN_POINT('',(0.0239866422013681,-0.0025,-0.000364750284814066));
#1770=CARTESIAN_POINT('',(0.0238537485003472,-0.0025,-5.42101086242752E-20));
#1771=CARTESIAN_POINT('',(0.025799999979584,-0.0025,0.0115121545864982));
#1772=CARTESIAN_POINT('',(0.0258,-0.0025,0.0115121545570869));
#1773=CARTESIAN_POINT('',(0.0258,-0.00332201011194056,0.0115121545570869));
#1774=CARTESIAN_POINT('',(0.0258,-0.00378064853405874,0.0147914764431311));
#1775=CARTESIAN_POINT('',(0.0256170277901654,-0.00378129373856925,0.0147965896996165));
#1776=CARTESIAN_POINT('',(0.0252677643586324,-0.00376799023662626,0.0146910880598392));
#1777=CARTESIAN_POINT('',(0.0247981587082877,-0.00372932231671999,0.0143877967770682));
#1778=CARTESIAN_POINT('',(0.02460477348179,-0.00366004226049119,0.0138591891031394));
#1779=CARTESIAN_POINT('',(0.0246986745963601,-0.00356213371738006,0.0131385517900235));
#1780=CARTESIAN_POINT('',(0.025126109050507,-0.00344916964574878,0.0123477181997439));
#1781=CARTESIAN_POINT('',(0.0255962685682698,-0.00336751105956512,0.011805649798765));
#1782=CARTESIAN_POINT('',(0.0258,-0.00332201011173845,0.0115121545570869));
#1783=CARTESIAN_POINT('',(0.0258,-0.00378064853405874,0.0147914764431311));
#1784=CARTESIAN_POINT('',(0.0258,-0.0025,0.0147914764431311));
#1785=CARTESIAN_POINT('',(0.0257999999219581,-0.0025,0.014791476445312));
#1786=CARTESIAN_POINT('',(0.0238537485003472,-0.0025,-5.42101086242752E-20));
#1787=CARTESIAN_POINT('',(0.0236340653115816,-0.0025,0.000602959395783893));
#1788=CARTESIAN_POINT('',(0.0237079112745633,-0.0025,0.00289991393321132));
#1789=CARTESIAN_POINT('',(0.0250587783058221,-0.0025,0.00583210062965938));
#1790=CARTESIAN_POINT('',(0.024914516990951,-0.0025,0.00990073872516624));
#1791=CARTESIAN_POINT('',(0.0223644915213371,-0.0025,0.0152336350415996));
#1792=CARTESIAN_POINT('',(0.0260336146404679,-0.0025,0.0159344824970368));
#1793=CARTESIAN_POINT('',(0.0275226977693371,-0.0025,0.0158481998972634));
#1794=CARTESIAN_POINT('',(0.0284390423350261,-0.0025,0.0150662735481603));
#1795=CARTESIAN_POINT('',(0.0284938271538141,-0.0025,0.0132459170601114));
#1796=CARTESIAN_POINT('',(0.0273407300352728,-0.0025,0.0129265510575053));
#1797=CARTESIAN_POINT('',(0.0255237592676592,-0.0025,0.0126329006321966));
#1798=CARTESIAN_POINT('',(0.025148985029717,-0.0025,0.0133665764256659));
#1799=CARTESIAN_POINT('',(0.025263316934546,-0.0025,0.0141468297745744));
#1800=CARTESIAN_POINT('',(0.0260894957689129,-0.0025,0.0141852631444454));
#1801=CARTESIAN_POINT('',(0.0261555636570423,-0.0025,0.0149998438197276));
#1802=CARTESIAN_POINT('',(0.0244381393613924,-0.0025,0.0145010406050028));
#1803=CARTESIAN_POINT('',(0.0247305937010127,-0.0025,0.0128125623660827));
#1804=CARTESIAN_POINT('',(0.0257024760603041,-0.0025,0.0117362633168247));
#1805=CARTESIAN_POINT('',(0.0269156122077321,-0.0025,0.00977200760452541));
#1806=CARTESIAN_POINT('',(0.0268860530292292,-0.0025,0.00549485391422872));
#1807=CARTESIAN_POINT('',(0.0268918543293698,-0.0025,0.00156228864143242));
#1808=CARTESIAN_POINT('',(0.0272064840341354,-0.0025,-0.000227840709796762));
#1809=CARTESIAN_POINT('',(0.0245522259176913,-0.0025,-0.000827885494244155));
#1810=CARTESIAN_POINT('',(0.0239866422013681,-0.0025,-0.000364750284814066));
#1811=CARTESIAN_POINT('',(0.0238537485003472,-0.0025,-5.42101086242752E-20));
#1812=CARTESIAN_POINT('',(0.0257999999219508,-0.0025,0.0142050785858061));
#1813=CARTESIAN_POINT('',(0.0258,-0.0025,0.0142050786172608));
#1814=CARTESIAN_POINT('',(0.0258,-0.00370532229925499,0.0142050786170956));
#1815=CARTESIAN_POINT('',(0.0258,-0.00351509037625667,0.0128115087074277));
#1816=CARTESIAN_POINT('',(0.0256322399852769,-0.00351891601703458,0.0128383575755698));
#1817=CARTESIAN_POINT('',(0.0252973284050665,-0.00354002668908515,0.0129857038665442));
#1818=CARTESIAN_POINT('',(0.0251941074831144,-0.0036018384818519,0.0134305413236166));
#1819=CARTESIAN_POINT('',(0.0252188424111591,-0.00364655926240521,0.0137610642570629));
#1820=CARTESIAN_POINT('',(0.0253704999790842,-0.00368968513588288,0.014084963170662));
#1821=CARTESIAN_POINT('',(0.0256439177745174,-0.00369709724547192,0.0141421757387853));
#1822=CARTESIAN_POINT('',(0.0258,-0.0037053222992766,0.0142050786172608));
#1823=CARTESIAN_POINT('',(0.0258,-0.00351509037599502,0.0128115087055915));
#1824=CARTESIAN_POINT('',(0.0258,-0.0025,0.0128115087074277));
#1825=CARTESIAN_POINT('',(0.0258,-0.0025,0.0128115086949336));
#1826=CARTESIAN_POINT('',(0.0238537485003472,-0.0025,-5.42101086242752E-20));
#1827=CARTESIAN_POINT('',(0.0236340653115816,-0.0025,0.000602959395783893));
#1828=CARTESIAN_POINT('',(0.0237079112745633,-0.0025,0.00289991393321132));
#1829=CARTESIAN_POINT('',(0.0250587783058221,-0.0025,0.00583210062965938));
#1830=CARTESIAN_POINT('',(0.024914516990951,-0.0025,0.00990073872516624));
#1831=CARTESIAN_POINT('',(0.0223644915213371,-0.0025,0.0152336350415996));
#1832=CARTESIAN_POINT('',(0.0260336146404679,-0.0025,0.0159344824970368));
#1833=CARTESIAN_POINT('',(0.0275226977693371,-0.0025,0.0158481998972634));
#1834=CARTESIAN_POINT('',(0.0284390423350261,-0.0025,0.0150662735481603));
#1835=CARTESIAN_POINT('',(0.0284938271538141,-0.0025,0.0132459170601114));
#1836=CARTESIAN_POINT('',(0.0273407300352728,-0.0025,0.0129265510575053));
#1837=CARTESIAN_POINT('',(0.0255237592676592,-0.0025,0.0126329006321966));
#1838=CARTESIAN_POINT('',(0.025148985029717,-0.0025,0.0133665764256659));
#1839=CARTESIAN_POINT('',(0.025263316934546,-0.0025,0.0141468297745744));
#1840=CARTESIAN_POINT('',(0.0260894957689129,-0.0025,0.0141852631444454));
#1841=CARTESIAN_POINT('',(0.0261555636570423,-0.0025,0.0149998438197276));
#1842=CARTESIAN_POINT('',(0.0244381393613924,-0.0025,0.0145010406050028));
#1843=CARTESIAN_POINT('',(0.0247305937010127,-0.0025,0.0128125623660827));
#1844=CARTESIAN_POINT('',(0.0257024760603041,-0.0025,0.0117362633168247));
#1845=CARTESIAN_POINT('',(0.0269156122077321,-0.0025,0.00977200760452541));
#1846=CARTESIAN_POINT('',(0.0268860530292292,-0.0025,0.00549485391422872));
#1847=CARTESIAN_POINT('',(0.0268918543293698,-0.0025,0.00156228864143242));
#1848=CARTESIAN_POINT('',(0.0272064840341354,-0.0025,-0.000227840709796762));
#1849=CARTESIAN_POINT('',(0.0245522259176913,-0.0025,-0.000827885494244155));
#1850=CARTESIAN_POINT('',(0.0239866422013681,-0.0025,-0.000364750284814066));
#1851=CARTESIAN_POINT('',(0.0238537485003472,-0.0025,-5.42101086242752E-20));
#1852=CARTESIAN_POINT('',(0.025800000020375,-0.0025,0.0158200531282012));
#1853=CARTESIAN_POINT('',(0.0258,-0.0025,0.015820053125917));
#1854=CARTESIAN_POINT('',(0.013,-0.0025,0.0125577797737658));
#1855=CARTESIAN_POINT('',(0.0258,-0.0025,0.00710482693397874));
#1856=CARTESIAN_POINT('',(0.0258,-0.0025,0.0071048268950892));
#1857=CARTESIAN_POINT('',(0.0258,-0.0025,0.0125577797737658));
#1858=CARTESIAN_POINT('',(0.026,-0.0025,0.));
#1859=CARTESIAN_POINT('',(0.026,-0.0025,0.));
#1860=CARTESIAN_POINT('',(0.026,-0.0025,0.00319902134179769));
#1861=CARTESIAN_POINT('',(0.000516334305647907,-0.0119550534670113,-0.0455969474983517));
#1862=CARTESIAN_POINT('',(0.000622380439047295,-0.0016999996661429,0.00467719468948048));
#1863=CARTESIAN_POINT('',(0.000629054752018965,-0.00196624540627998,0.00473150420667038));
#1864=CARTESIAN_POINT('',(0.000635446967317981,-0.00223291231763848,0.00478369676234725));
#1865=CARTESIAN_POINT('',(0.000641561984451589,-0.00250000020767681,0.00483377199923449));
#1866=CARTESIAN_POINT('',(0.000622395652410679,-0.0017,0.00467719118315612));
#1867=CARTESIAN_POINT('',(0.000641562003718455,-0.0025000001038384,0.0048337721570089));
#1868=CARTESIAN_POINT('',(0.0023,-0.0017,0.00467719118315612));
#1869=CARTESIAN_POINT('',(0.,-0.00169999999445851,0.00467719118202563));
#1870=CARTESIAN_POINT('',(0.,-0.0275,0.0043));
#1871=CARTESIAN_POINT('',(0.,-0.0176916527447434,0.00608333864210918));
#1872=CARTESIAN_POINT('',(0.,-0.00874416516380985,0.00639804268359538));
#1873=CARTESIAN_POINT('',(0.,0.,0.0043));
#1874=CARTESIAN_POINT('',(0.,-0.00249999999205543,0.00483377231329376));
#1875=CARTESIAN_POINT('',(0.026,-0.0025,0.0048337723147833));
#1876=CARTESIAN_POINT('',(0.000486381462503994,-0.0118515990598519,-0.0450985500725556));
#1877=CARTESIAN_POINT('',(0.,-0.0275,0.0043));
#1878=CARTESIAN_POINT('',(0.,-0.0176916527447434,0.00608333864210918));
#1879=CARTESIAN_POINT('',(0.,-0.00874416516380985,0.00639804268359538));
#1880=CARTESIAN_POINT('',(0.,0.,0.0043));
#1881=CARTESIAN_POINT('',(0.,-0.00100646943072083,0.00453068251945868));
#1882=CARTESIAN_POINT('',(0.0023,-0.001006469430133,0.00453068251933021));
#1883=CARTESIAN_POINT('',(0.000604350723787266,-0.00100646943013301,0.00453068251933022));
#1884=CARTESIAN_POINT('',(0.000575733718547419,4.29708164190176E-10,0.00430000179378283));
#1885=CARTESIAN_POINT('',(0.000585738464526273,-0.000334695624425291,0.00438030138627005));
#1886=CARTESIAN_POINT('',(0.000595274268442395,-0.000670185374135194,0.00445719630467239));
#1887=CARTESIAN_POINT('',(0.000604350675826578,-0.00100646952147918,0.00453068213102341));
#1888=CARTESIAN_POINT('',(-0.203803438904304,-0.00233904,0.0297998981931131));
#1889=CARTESIAN_POINT('',(-0.203803438904304,-0.0025,0.0297998981931131));
#1890=CARTESIAN_POINT('',(0.000905944826843153,-0.0025,0.00710482692424343));
#1891=CARTESIAN_POINT('',(0.000905944826898104,-0.00249999999784376,0.00710482692474064));
#1892=CARTESIAN_POINT('',(0.000859921740096887,-0.00240280178700678,0.00668839543889182));
#1893=CARTESIAN_POINT('',(0.000788948375099691,-0.00224685961567518,0.00606547543497676));
#1894=CARTESIAN_POINT('',(0.000692759147148851,-0.00198118127507847,0.00525411948063512));
#1895=CARTESIAN_POINT('',(0.000644330368643773,-0.00181739724081588,0.00485578452954727));
#1896=CARTESIAN_POINT('',(0.00062239565241068,-0.00170000000000001,0.00467719118315613));
#1897=CARTESIAN_POINT('',(0.013,-0.0025,0.0125577797737658));
#1898=CARTESIAN_POINT('',(0.0023,-0.0025,0.00710482693397874));
#1899=CARTESIAN_POINT('',(0.,-0.0025,0.0071048268950892));
#1900=CARTESIAN_POINT('',(0.,-0.0025,0.00319902134179769));
#1901=CARTESIAN_POINT('',(0.,-0.0025,0.));
#1902=CARTESIAN_POINT('',(0.026,-0.0025,0.));
#1903=CARTESIAN_POINT('',(0.,-0.0025,0.0125577797737658));
#1904=CARTESIAN_POINT('',(0.013,-0.0025,0.0125577797737658));
#1905=CARTESIAN_POINT('',(0.,-0.0025,0.0125577797737658));
#1906=CARTESIAN_POINT('',(0.,-0.0025,0.0125577797737658));
#1907=CARTESIAN_POINT('',(0.026,-0.01375,0.));
#1908=CARTESIAN_POINT('',(0.0213077605232596,-0.0245102643966675,0.));
#1909=CARTESIAN_POINT('',(0.0197705746803719,-0.0245102643966675,0.));
#1910=CARTESIAN_POINT('',(0.00470845587551594,-0.0048527478069067,0.));
#1911=CARTESIAN_POINT('',(0.00317127003262822,-0.0048527478069067,0.));
#1912=CARTESIAN_POINT('',(0.0213077605232596,-0.0048527478069067,0.));
#1913=CARTESIAN_POINT('',(0.0197705746803719,-0.0048527478069067,0.));
#1914=CARTESIAN_POINT('',(0.00470845587551594,-0.0245102643966675,0.));
#1915=CARTESIAN_POINT('',(0.00317127003262822,-0.0245102643966675,0.));
#1916=CARTESIAN_POINT('',(0.,-0.01375,0.));
#1917=CARTESIAN_POINT('',(0.026,-0.01375,0.));
#1918=CARTESIAN_POINT('',(0.026,-0.0275,0.));
#1919=CARTESIAN_POINT('',(0.0249114156218058,-0.0275,0.0043));
#1920=CARTESIAN_POINT('',(0.00108858437819424,-0.0275,0.0043));
#1921=CARTESIAN_POINT('',(0.0249114156218058,-0.0189585799491714,0.00585298788253704));
#1922=CARTESIAN_POINT('',(0.00108858437819424,-0.0189585799491714,0.00585298788253704));
#1923=CARTESIAN_POINT('',(0.0249114156218058,-0.0110699910326947,0.00629223978594689));
#1924=CARTESIAN_POINT('',(0.00108858437819424,-0.0110699910326947,0.00629223978594689));
#1925=CARTESIAN_POINT('',(0.0249114156218058,-0.00339999996910338,0.0049942702706025));
#1926=CARTESIAN_POINT('',(0.00108858437819424,-0.00339999996910338,0.0049942702706025));
#1927=CARTESIAN_POINT('',(0.026,-0.0275,0.0043));
#1928=CARTESIAN_POINT('',(0.026,-0.01375,0.00319902134179769));
#1929=CARTESIAN_POINT('',(0.,-0.01375,0.00319902134179769));
#1930=CARTESIAN_POINT('',(0.,-0.000503234715066501,0.0204924717015203));
#1931=CARTESIAN_POINT('',(0.,3.25260651745652E-19,0.0364542608837104));
#1932=CARTESIAN_POINT('',(0.,0.,0.0364542608837104));
#1933=CARTESIAN_POINT('',(0.,0.000373682872372154,0.0378986617589854));
#1934=CARTESIAN_POINT('',(0.,0.00109529511246804,0.0406879076947461));
#1935=CARTESIAN_POINT('',(0.,-0.00777090546488256,0.0439041607746668));
#1936=CARTESIAN_POINT('',(0.,-0.00302058022970639,0.00345806697615306));
#1937=CARTESIAN_POINT('',(0.,-0.0012276839947334,0.00441328674892784));
#1938=CARTESIAN_POINT('',(0.,-0.001006469430133,0.00453068251933022));
#1939=CARTESIAN_POINT('',(0.,0.,0.0364542608837104));
#1940=CARTESIAN_POINT('',(0.,0.000373682872372154,0.0378986617589854));
#1941=CARTESIAN_POINT('',(0.,0.00109529511246804,0.0406879076947461));
#1942=CARTESIAN_POINT('',(0.,-0.00777090546488256,0.0439041607746668));
#1943=CARTESIAN_POINT('',(0.,-0.00302058022970639,0.00345806697615306));
#1944=CARTESIAN_POINT('',(0.,-0.0012276839947334,0.00441328674892784));
#1945=CARTESIAN_POINT('',(0.,-0.001006469430133,0.00453068251933022));
#1946=CARTESIAN_POINT('',(0.,0.,0.0364542608837104));
#1947=CARTESIAN_POINT('',(0.,0.000373682872372154,0.0378986617589854));
#1948=CARTESIAN_POINT('',(0.,0.00109529511246804,0.0406879076947461));
#1949=CARTESIAN_POINT('',(0.,-0.00777090546488256,0.0439041607746668));
#1950=CARTESIAN_POINT('',(0.,-0.00302058022970639,0.00345806697615306));
#1951=CARTESIAN_POINT('',(0.,-0.0012276839947334,0.00441328674892784));
#1952=CARTESIAN_POINT('',(0.,-0.001006469430133,0.00453068251933022));
#1953=CARTESIAN_POINT('',(0.,0.,0.0364542608837104));
#1954=CARTESIAN_POINT('',(0.,0.000373682872372154,0.0378986617589854));
#1955=CARTESIAN_POINT('',(0.,0.00109529511246804,0.0406879076947461));
#1956=CARTESIAN_POINT('',(0.,-0.00777090546488256,0.0439041607746668));
#1957=CARTESIAN_POINT('',(0.,-0.00302058022970639,0.00345806697615306));
#1958=CARTESIAN_POINT('',(0.,-0.0012276839947334,0.00441328674892784));
#1959=CARTESIAN_POINT('',(0.,-0.001006469430133,0.00453068251933022));
#1960=CARTESIAN_POINT('',(0.,0.,0.0364542608837104));
#1961=CARTESIAN_POINT('',(0.,0.000373682872372154,0.0378986617589854));
#1962=CARTESIAN_POINT('',(0.,0.00109529511246804,0.0406879076947461));
#1963=CARTESIAN_POINT('',(0.,-0.00777090546488256,0.0439041607746668));
#1964=CARTESIAN_POINT('',(0.,-0.00302058022970639,0.00345806697615306));
#1965=CARTESIAN_POINT('',(0.,-0.0012276839947334,0.00441328674892784));
#1966=CARTESIAN_POINT('',(0.,-0.001006469430133,0.00453068251933022));
#1967=CARTESIAN_POINT('',(0.,0.,0.0364542608837104));
#1968=CARTESIAN_POINT('',(0.,0.000373682872372154,0.0378986617589854));
#1969=CARTESIAN_POINT('',(0.,0.00109529511246804,0.0406879076947461));
#1970=CARTESIAN_POINT('',(0.,-0.00777090546488256,0.0439041607746668));
#1971=CARTESIAN_POINT('',(0.,-0.00302058022970639,0.00345806697615306));
#1972=CARTESIAN_POINT('',(0.,-0.0012276839947334,0.00441328674892784));
#1973=CARTESIAN_POINT('',(0.,-0.001006469430133,0.00453068251933022));
#1974=CARTESIAN_POINT('',(0.635871956794713,-0.00272,-0.0518377872891268));
#1975=CARTESIAN_POINT('',(0.0258,-0.0034,0.0390427364314102));
#1976=CARTESIAN_POINT('',(0.026,-0.0275,0.00215));
#1977=CARTESIAN_POINT('',(0.00054193761068986,-0.0010125082467138,0.00403010176844799));
#1978=CARTESIAN_POINT('',(0.00054193761068986,0.,0.00403010176844799));
#1979=CARTESIAN_POINT('',(0.00245682145547236,-0.0010125082467138,0.0192468864815852));
#1980=CARTESIAN_POINT('',(0.00245682145547236,0.,0.0192468864815852));
#1981=CARTESIAN_POINT('',(0.00187338243369268,-0.0010125082467138,0.0272775214366234));
#1982=CARTESIAN_POINT('',(0.00187338243369268,0.,0.0272775214366234));
#1983=CARTESIAN_POINT('',(0.000552637670220884,-0.0010125082467138,0.0366203001882118));
#1984=CARTESIAN_POINT('',(0.000552637670220884,0.,0.0366203001882118));
#1985=CARTESIAN_POINT('',(0.000576051059082418,-4.00688994475051E-14,0.0364542608811672));
#1986=CARTESIAN_POINT('',(0.000948165199886717,-8.34098432972762E-5,0.0338086358995617));
#1987=CARTESIAN_POINT('',(0.00159687979740837,-0.000250378931580237,0.0285126471563658));
#1988=CARTESIAN_POINT('',(0.00187954159538368,-0.000502940327209216,0.0205018092068534));
#1989=CARTESIAN_POINT('',(0.0014901735109567,-0.000755464448301363,0.012492153546164));
#1990=CARTESIAN_POINT('',(0.000931935630511929,-0.000922850902889265,0.0071829266186137));
#1991=CARTESIAN_POINT('',(0.000604350723787263,-0.001006469430133,0.0045306825193302));
#1992=CARTESIAN_POINT('',(0.013,-0.0025,0.0125577797737658));
#1993=CARTESIAN_POINT('',(0.0258,-0.0025,0.0125577797737658));
#1994=CARTESIAN_POINT('',(0.0258,-0.0025,0.0125577797737658));
#1995=CARTESIAN_POINT('',(0.000911380495854649,-0.00250000002208555,0.00710482702860106));
#1996=CARTESIAN_POINT('',(-4.33680868994202E-19,-0.00250000002208555,0.00710482702860106));
#1997=CARTESIAN_POINT('',(0.000911380495854649,-0.00221913388339618,0.00590149721160408));
#1998=CARTESIAN_POINT('',(-4.33680868994202E-19,-0.00221913388339618,0.00590149721160408));
#1999=CARTESIAN_POINT('',(0.000911380495854649,-0.00194539018533745,0.00505049683473655));
#2000=CARTESIAN_POINT('',(-4.33680868994202E-19,-0.00194539018533745,0.00505049683473655));
#2001=CARTESIAN_POINT('',(0.000911380495854649,-0.00169999999354654,0.00467719117333863));
#2002=CARTESIAN_POINT('',(-4.33680868994202E-19,-0.00169999999354654,0.00467719117333863));
#2003=CARTESIAN_POINT('',(0.0023,-0.000503234715066501,0.0204924717015203));
#2004=CARTESIAN_POINT('',(0.0023,3.25260651745652E-19,0.0364542608837104));
#2005=CARTESIAN_POINT('',(0.00137109429161555,-0.0037844582098122,0.014821695885901));
#2006=CARTESIAN_POINT('',(0.,-0.0037844582098122,0.014821695885901));
#2007=CARTESIAN_POINT('',(0.00137109429161555,-0.00362219295140856,0.0135333799858785));
#2008=CARTESIAN_POINT('',(0.,-0.00362219295140856,0.0135333799858785));
#2009=CARTESIAN_POINT('',(0.00137109429161555,-0.00344912320307871,0.0123104063635734));
#2010=CARTESIAN_POINT('',(0.,-0.00344912320307871,0.0123104063635734));
#2011=CARTESIAN_POINT('',(0.00137109429161555,-0.00327094996078689,0.0111864382811593));
#2012=CARTESIAN_POINT('',(0.,-0.00327094996078689,0.0111864382811593));
#2013=CARTESIAN_POINT('',(0.000313721630972564,1.24210486012884E-5,0.0403585715227037));
#2014=CARTESIAN_POINT('',(0.,1.24210486012884E-5,0.0403585715227037));
#2015=CARTESIAN_POINT('',(0.000313721630972564,-0.000680038421111042,0.0413361751812754));
#2016=CARTESIAN_POINT('',(0.,-0.000680038421111042,0.0413361751812754));
#2017=CARTESIAN_POINT('',(0.000313721630972564,-0.0023774818814385,0.0419593508371639));
#2018=CARTESIAN_POINT('',(0.,-0.0023774818814385,0.0419593508371639));
#2019=CARTESIAN_POINT('',(0.000313721630972564,-0.00341858575298096,0.0403474857474035));
#2020=CARTESIAN_POINT('',(0.,-0.00341858575298096,0.0403474857474035));
#2021=CARTESIAN_POINT('',(0.0258,-0.00339999996065802,0.0403759214047664));
#2022=CARTESIAN_POINT('',(0.,-0.00339999996065802,0.0403759214047664));
#2023=CARTESIAN_POINT('',(0.0258,-0.0058023051921757,0.0367440664909845));
#2024=CARTESIAN_POINT('',(0.,-0.0058023051921757,0.0367440664909845));
#2025=CARTESIAN_POINT('',(0.0258,-0.0048113922090602,0.0214422297933795));
#2026=CARTESIAN_POINT('',(3.46944695195361E-18,-0.0048113922090602,0.0214422297933795));
#2027=CARTESIAN_POINT('',(0.0258,-0.00339999999661811,0.0120238515290383));
#2028=CARTESIAN_POINT('',(0.,-0.00339999999661811,0.0120238515290383));
#2029=CARTESIAN_POINT('',(0.0258,0.,0.0364542608837104));
#2030=CARTESIAN_POINT('',(0.0258,0.000373682872372154,0.0378986617589854));
#2031=CARTESIAN_POINT('',(0.0258,0.00109529511246804,0.0406879076947461));
#2032=CARTESIAN_POINT('',(0.0258,-0.00777090546488256,0.0439041607746668));
#2033=CARTESIAN_POINT('',(0.0258,-0.00302058022970639,0.00345806697615306));
#2034=CARTESIAN_POINT('',(0.0258,-0.0012276839947334,0.00441328674892784));
#2035=CARTESIAN_POINT('',(0.0258,-0.001006469430133,0.00453068251933022));
#2036=CARTESIAN_POINT('',(0.0258,0.,0.0364542608837104));
#2037=CARTESIAN_POINT('',(0.,0.,0.0364542608837104));
#2038=CARTESIAN_POINT('',(0.0258,0.000373682871892095,0.0378986617571298));
#2039=CARTESIAN_POINT('',(0.,0.000373682871892095,0.0378986617571298));
#2040=CARTESIAN_POINT('',(0.0258,0.000747358870132281,0.0393430306320872));
#2041=CARTESIAN_POINT('',(3.46944695195361E-18,0.000747358870132281,0.0393430306320872));
#2042=CARTESIAN_POINT('',(0.0258,2.88032983048607E-12,0.0403759213413076));
#2043=CARTESIAN_POINT('',(3.46944695195361E-18,2.88032983048607E-12,0.0403759213413076));
#2044=CARTESIAN_POINT('',(0.0258,0.,0.0364542608837104));
#2045=CARTESIAN_POINT('',(0.0258,0.000373682872372154,0.0378986617589854));
#2046=CARTESIAN_POINT('',(0.0258,0.00109529511246804,0.0406879076947461));
#2047=CARTESIAN_POINT('',(0.0258,-0.00777090546488256,0.0439041607746668));
#2048=CARTESIAN_POINT('',(0.0258,-0.00302058022970639,0.00345806697615306));
#2049=CARTESIAN_POINT('',(0.0258,-0.0012276839947334,0.00441328674892784));
#2050=CARTESIAN_POINT('',(0.0258,-0.001006469430133,0.00453068251933022));
#2051=CARTESIAN_POINT('',(0.0258,3.25260651745652E-19,0.0364542608837104));
#2052=CARTESIAN_POINT('',(0.0258,3.25260651745652E-19,0.0364542608837104));
#2053=CARTESIAN_POINT('',(0.0258,-0.00231670572522225,0.0229064419838662));
#2054=CARTESIAN_POINT('',(0.0258,0.,0.0364542608837104));
#2055=CARTESIAN_POINT('',(0.0258,0.000373682872372154,0.0378986617589854));
#2056=CARTESIAN_POINT('',(0.0258,0.00109529511246804,0.0406879076947461));
#2057=CARTESIAN_POINT('',(0.0258,-0.00777090546488256,0.0439041607746668));
#2058=CARTESIAN_POINT('',(0.0258,-0.00302058022970639,0.00345806697615306));
#2059=CARTESIAN_POINT('',(0.0258,-0.0012276839947334,0.00441328674892784));
#2060=CARTESIAN_POINT('',(0.0258,-0.001006469430133,0.00453068251933022));
#2061=CARTESIAN_POINT('',(0.0258,-0.000503234715066501,0.0204924717015203));
#2062=CARTESIAN_POINT('',(0.0258,0.,0.0364542608837104));
#2063=CARTESIAN_POINT('',(0.0258,0.000373682872372154,0.0378986617589854));
#2064=CARTESIAN_POINT('',(0.0258,0.00109529511246804,0.0406879076947461));
#2065=CARTESIAN_POINT('',(0.0258,-0.00777090546488256,0.0439041607746668));
#2066=CARTESIAN_POINT('',(0.0258,-0.00302058022970639,0.00345806697615306));
#2067=CARTESIAN_POINT('',(0.0258,-0.0012276839947334,0.00441328674892784));
#2068=CARTESIAN_POINT('',(0.0258,-0.001006469430133,0.00453068251933022));
#2069=CARTESIAN_POINT('',(0.0258,0.,0.0364542608837104));
#2070=CARTESIAN_POINT('',(0.0258,0.000373682872372154,0.0378986617589854));
#2071=CARTESIAN_POINT('',(0.0258,0.00109529511246804,0.0406879076947461));
#2072=CARTESIAN_POINT('',(0.0258,-0.00777090546488256,0.0439041607746668));
#2073=CARTESIAN_POINT('',(0.0258,-0.00302058022970639,0.00345806697615306));
#2074=CARTESIAN_POINT('',(0.0258,-0.0012276839947334,0.00441328674892784));
#2075=CARTESIAN_POINT('',(0.0258,-0.001006469430133,0.00453068251933022));
#2076=CARTESIAN_POINT('',(0.0258,-0.00250000002208555,0.00710482702860106));
#2077=CARTESIAN_POINT('',(0.0250898195041454,-0.00250000002208555,0.00710482702860106));
#2078=CARTESIAN_POINT('',(0.0258,-0.00221913388423243,0.00590149721518686));
#2079=CARTESIAN_POINT('',(0.0250898195041454,-0.00221913388423243,0.00590149721518686));
#2080=CARTESIAN_POINT('',(0.0258,-0.00194539018696753,0.00505049683980406));
#2081=CARTESIAN_POINT('',(0.0250898195041454,-0.00194539018696753,0.00505049683980406));
#2082=CARTESIAN_POINT('',(0.0258,-0.0016999999957384,0.00467719117667306));
#2083=CARTESIAN_POINT('',(0.0250898195041454,-0.0016999999957384,0.00467719117667306));
#2084=CARTESIAN_POINT('',(0.0258,-0.003783772749335,0.0148162545252144));
#2085=CARTESIAN_POINT('',(0.0246317565065794,-0.003783772749335,0.0148162545252144));
#2086=CARTESIAN_POINT('',(0.0258,-0.00363637923462959,0.0136464002963008));
#2087=CARTESIAN_POINT('',(0.0246317565065794,-0.00363637923462959,0.0136464002963008));
#2088=CARTESIAN_POINT('',(0.0258,-0.00348008091568395,0.0125304787534284));
#2089=CARTESIAN_POINT('',(0.0246317565065794,-0.00348008091568395,0.0125304787534284));
#2090=CARTESIAN_POINT('',(0.0258,-0.00331914815795281,0.0114937055664172));
#2091=CARTESIAN_POINT('',(0.0246317565065794,-0.00331914815795281,0.0114937055664172));
#2092=CARTESIAN_POINT('',(0.0258,-0.000503234715066501,0.0204924717015203));
#2093=CARTESIAN_POINT('',(0.0258,-0.00231670572522225,0.0229064419838662));
#2094=CARTESIAN_POINT('',(0.0258,0.,0.0364542608837104));
#2095=CARTESIAN_POINT('',(0.0258,0.000373682872372154,0.0378986617589854));
#2096=CARTESIAN_POINT('',(0.0258,0.00109529511246804,0.0406879076947461));
#2097=CARTESIAN_POINT('',(0.0258,-0.00777090546488256,0.0439041607746668));
#2098=CARTESIAN_POINT('',(0.0258,-0.00302058022970639,0.00345806697615306));
#2099=CARTESIAN_POINT('',(0.0258,-0.0012276839947334,0.00441328674892784));
#2100=CARTESIAN_POINT('',(0.0258,-0.001006469430133,0.00453068251933022));
#2101=CARTESIAN_POINT('',(0.0258,-0.000918541495876579,0.0411322423135317));
#2102=CARTESIAN_POINT('',(0.0256879655794132,-0.000918541495876579,0.0411322423135317));
#2103=CARTESIAN_POINT('',(0.0258,-0.00143856762140969,0.0413777118194493));
#2104=CARTESIAN_POINT('',(0.0256879655794132,-0.00143856762140969,0.0413777118194493));
#2105=CARTESIAN_POINT('',(0.0258,-0.00205120330240544,0.0414326193074149));
#2106=CARTESIAN_POINT('',(0.0256879655794132,-0.00205120330240544,0.0414326193074149));
#2107=CARTESIAN_POINT('',(0.0258,-0.00261006900037073,0.0411312657150777));
#2108=CARTESIAN_POINT('',(0.0256879655794132,-0.00261006900037073,0.0411312657150777));
#2109=CARTESIAN_POINT('',(0.0141503005731783,-0.00109583138682917,0.0412070483925528));
#2110=CARTESIAN_POINT('',(0.0118496994268216,-0.00109583138682917,0.0412070483925528));
#2111=CARTESIAN_POINT('',(0.0141503005731783,-0.00152422289238074,0.0413667538312735));
#2112=CARTESIAN_POINT('',(0.0118496994268216,-0.00152422289238074,0.0413667538312735));
#2113=CARTESIAN_POINT('',(0.0141503005731783,-0.00200082362132262,0.0413943411867519));
#2114=CARTESIAN_POINT('',(0.0118496994268216,-0.00200082362132262,0.0413943411867519));
#2115=CARTESIAN_POINT('',(0.0141503005731783,-0.00245208761327373,0.0412065577257149));
#2116=CARTESIAN_POINT('',(0.0118496994268216,-0.00245208761327373,0.0412065577257149));
#2117=CARTESIAN_POINT('',(0.00470845587551594,-0.0245102643966675,0.));
#2118=CARTESIAN_POINT('',(0.00470845587551594,-0.0245102643966675,-0.000600950776428474));
#2119=CARTESIAN_POINT('',(0.00608461744316879,-0.0245102643966675,-0.000600950776428474));
#2120=CARTESIAN_POINT('',(0.0213077605232596,-0.0048527478069067,0.));
#2121=CARTESIAN_POINT('',(0.0198886983343125,-0.00536403894206891,-0.00067111639499379));
#2122=CARTESIAN_POINT('',(0.0206865136725404,-0.00621969347589746,-0.00070183090292875));
#2123=CARTESIAN_POINT('',(0.0218558025898508,-0.00625808269885858,-0.00067111946027088));
#2124=CARTESIAN_POINT('',(0.0227063361401808,-0.00545986896881824,-0.000599015977699294));
#2125=CARTESIAN_POINT('',(0.0227465936816011,-0.00429675003294678,-0.00052929602016888));
#2126=CARTESIAN_POINT('',(0.0219470564604224,-0.00344070732033537,-0.000500808803059966));
#2127=CARTESIAN_POINT('',(0.0207809709649101,-0.00340382047556068,-0.000529318870621859));
#2128=CARTESIAN_POINT('',(0.0199304300774951,-0.00419838762680957,-0.000599021564317751));
#2129=CARTESIAN_POINT('',(0.0198886983343125,-0.00536403894206891,-0.00067111639499379));
#2130=CARTESIAN_POINT('',(0.0206865136725404,-0.00621969347589746,-0.00070183090292875));
#2131=CARTESIAN_POINT('',(0.0218558025898508,-0.00625808269885858,-0.00067111946027088));
#2132=CARTESIAN_POINT('',(0.0207484259357208,-0.00608348259075292,-0.000691593244496604));
#2133=CARTESIAN_POINT('',(0.00470845587551594,-0.0048527478069067,0.));
#2134=CARTESIAN_POINT('',(0.00362829097243987,-0.00590769762612496,-0.00066490387696068));
#2135=CARTESIAN_POINT('',(0.00470844715538478,-0.00635633924211523,-0.000692753877997416));
#2136=CARTESIAN_POINT('',(0.00578865565911667,-0.00590773441485452,-0.000664906142026021));
#2137=CARTESIAN_POINT('',(0.00623294563806944,-0.0048290138876454,-0.000599339786987653));
#2138=CARTESIAN_POINT('',(0.00578814650198329,-0.00375328776698128,-0.000535763571551369));
#2139=CARTESIAN_POINT('',(0.00470625369133062,-0.00330497666117889,-0.000509758770677843));
#2140=CARTESIAN_POINT('',(0.00362952709512043,-0.00375365970617646,-0.000535785360276645));
#2141=CARTESIAN_POINT('',(0.00318376681109195,-0.00482908366865242,-0.000599344110296048));
#2142=CARTESIAN_POINT('',(0.00362829097243987,-0.00590769762612496,-0.00066490387696068));
#2143=CARTESIAN_POINT('',(0.00470844715538478,-0.00635633924211523,-0.000692753877997416));
#2144=CARTESIAN_POINT('',(0.00578865565911667,-0.00590773441485452,-0.000664906142026021));
#2145=CARTESIAN_POINT('',(0.00470845587551593,-0.0062067981682401,-0.0006834709218294));
#2146=CARTESIAN_POINT('',(0.0213077605232596,-0.0245102643966675,0.));
#2147=CARTESIAN_POINT('',(0.0202402210142417,-0.0234308874514824,-0.000630189530058317));
#2148=CARTESIAN_POINT('',(0.0197923658112812,-0.0245102244405928,-0.000642585933215852));
#2149=CARTESIAN_POINT('',(0.020240203028803,-0.0255898011661512,-0.000630190004518993));
#2150=CARTESIAN_POINT('',(0.0213189994968641,-0.0260347239579652,-0.000600605538996181));
#2151=CARTESIAN_POINT('',(0.0223951271216515,-0.025590039965067,-0.000571468438196845));
#2152=CARTESIAN_POINT('',(0.0228431833809343,-0.0245081124430591,-0.000559442948808671));
#2153=CARTESIAN_POINT('',(0.0223959628321612,-0.0234325156912685,-0.000571445886795306));
#2154=CARTESIAN_POINT('',(0.0213189147514616,-0.0229852582372833,-0.000600607789071755));
#2155=CARTESIAN_POINT('',(0.0202402210142417,-0.0234308874514824,-0.000630189530058317));
#2156=CARTESIAN_POINT('',(0.0197923658112812,-0.0245102244405928,-0.000642585933215852));
#2157=CARTESIAN_POINT('',(0.020240203028803,-0.0255898011661512,-0.000630190004518993));
#2158=CARTESIAN_POINT('',(0.0199416478813615,-0.0245102643966675,-0.000638453877906788));
#2159=CARTESIAN_POINT('',(0.0130164390665906,-0.0146631752345843,-0.0061));
#2160=CARTESIAN_POINT('',(0.0213222750964639,-0.0248857979429339,-0.0061));
#2161=CARTESIAN_POINT('',(0.0209465503731557,-0.024510217242232,-0.0061));
#2162=CARTESIAN_POINT('',(0.0213222911474628,-0.0241349194681431,-0.0061));
#2163=CARTESIAN_POINT('',(0.0216975961510589,-0.0245099343245784,-0.0061));
#2164=CARTESIAN_POINT('',(0.0213222750964639,-0.0248857979429339,-0.0061));
#2165=CARTESIAN_POINT('',(0.0209465503731557,-0.024510217242232,-0.0061));
#2166=CARTESIAN_POINT('',(0.0213222911474628,-0.0241349194681431,-0.0061));
#2167=CARTESIAN_POINT('',(0.0210717946227562,-0.024510264396668,-0.0061));
#2168=CARTESIAN_POINT('',(0.0130164390665906,-0.0146631752345843,-0.0061));
#2169=CARTESIAN_POINT('',(0.00470742323209668,-0.00519700808312364,-0.00609999999999999));
#2170=CARTESIAN_POINT('',(0.00433279361043108,-0.00481924474782941,-0.0061));
#2171=CARTESIAN_POINT('',(0.00471042652939597,-0.00444533972254833,-0.00609999999999999));
#2172=CARTESIAN_POINT('',(0.00508365010638886,-0.00482266854160708,-0.0061));
#2173=CARTESIAN_POINT('',(0.00470742323209668,-0.00519700808312364,-0.00609999999999999));
#2174=CARTESIAN_POINT('',(0.00433279361043108,-0.00481924474782941,-0.0061));
#2175=CARTESIAN_POINT('',(0.00471042652939597,-0.00444533972254833,-0.00609999999999999));
#2176=CARTESIAN_POINT('',(0.00445817070053616,-0.00481988779949827,-0.0061));
#2177=CARTESIAN_POINT('',(0.0130164390665906,-0.0146631752345843,-0.0061));
#2178=CARTESIAN_POINT('',(0.0213205001105011,-0.00519701607615417,-0.00609999999999999));
#2179=CARTESIAN_POINT('',(0.0209465878573288,-0.00481952031981256,-0.0061));
#2180=CARTESIAN_POINT('',(0.0213239727446818,-0.00444535006093709,-0.00609999999999999));
#2181=CARTESIAN_POINT('',(0.0216976073677095,-0.00482235103491312,-0.0061));
#2182=CARTESIAN_POINT('',(0.0213205001105011,-0.00519701607615417,-0.00609999999999999));
#2183=CARTESIAN_POINT('',(0.0209465878573288,-0.00481952031981256,-0.0061));
#2184=CARTESIAN_POINT('',(0.0213239727446818,-0.00444535006093709,-0.00609999999999999));
#2185=CARTESIAN_POINT('',(0.0210718040474164,-0.00482007456939025,-0.0061));
#2186=CARTESIAN_POINT('',(0.0130164390665906,-0.0146631752345843,-0.0061));
#2187=CARTESIAN_POINT('',(0.00470845587551594,-0.0245102643966675,-0.0061));
#2188=CARTESIAN_POINT('',(0.00445816180955116,-0.0245102643966675,-0.0061));
#2189=CARTESIAN_POINT('',(0.00450543572506706,-0.00619174371774133,-0.000682540992744107));
#2190=CARTESIAN_POINT('',(0.00459671190043568,-0.00557428138942746,-0.00301196769043469));
#2191=CARTESIAN_POINT('',(0.00454998114598894,-0.00586816248502181,-0.00540513921484145));
#2192=CARTESIAN_POINT('',(0.00468117637286663,-0.00621795196499623,-0.000684159517179085));
#2193=CARTESIAN_POINT('',(0.0046934231462014,-0.00558881399423253,-0.00301358626061173));
#2194=CARTESIAN_POINT('',(0.00468708164599443,-0.0058891018658469,-0.00540675773202677));
#2195=CARTESIAN_POINT('',(0.00504276690573115,-0.00620142546968551,-0.000683136680256747));
#2196=CARTESIAN_POINT('',(0.00489254531688351,-0.00557963995675661,-0.00301256339242536));
#2197=CARTESIAN_POINT('',(0.00496978222449988,-0.00587585295399528,-0.00540573489995833));
#2198=CARTESIAN_POINT('',(0.00553581125011017,-0.00597377261398371,-0.000669089527843145));
#2199=CARTESIAN_POINT('',(0.00516343487691139,-0.00545345864820777,-0.00299851585155316));
#2200=CARTESIAN_POINT('',(0.00535246165030746,-0.00569420641827932,-0.00539168780808195));
#2201=CARTESIAN_POINT('',(0.00590746593718651,-0.00557539292418223,-0.000644689369317536));
#2202=CARTESIAN_POINT('',(0.00536630117976241,-0.00523346622478629,-0.002974115192705));
#2203=CARTESIAN_POINT('',(0.0056349460700027,-0.00538000515853489,-0.00536728772816658));
#2204=CARTESIAN_POINT('',(0.00610112940690693,-0.00506313087554914,-0.000613644256790139));
#2205=CARTESIAN_POINT('',(0.00547034547775479,-0.00495207190951091,-0.00294306976173193));
#2206=CARTESIAN_POINT('',(0.00577463760792983,-0.00498266541365083,-0.00533624266661041));
#2207=CARTESIAN_POINT('',(0.00608443058850434,-0.00451226641998857,-0.000580659800119429));
#2208=CARTESIAN_POINT('',(0.00545892214803962,-0.00465127176794816,-0.00291008535415061));
#2209=CARTESIAN_POINT('',(0.00575153374453371,-0.00456348941418462,-0.00530325820337968));
#2210=CARTESIAN_POINT('',(0.00585634044596293,-0.00400668554216626,-0.000550738804742654));
#2211=CARTESIAN_POINT('',(0.00533281001153495,-0.00437677993442561,-0.00288016474614461));
#2212=CARTESIAN_POINT('',(0.00557090036236922,-0.00418591253131043,-0.00527333714737117));
#2213=CARTESIAN_POINT('',(0.00551508225902906,-0.00368969740910481,-0.000532157485546358));
#2214=CARTESIAN_POINT('',(0.00514652151290473,-0.00420548061912609,-0.0028615838413855));
#2215=CARTESIAN_POINT('',(0.00531146019802372,-0.00395280581958907,-0.00525475576194044));
#2216=CARTESIAN_POINT('',(0.00518708558123882,-0.0035307118089791,-0.00052287350192432));
#2217=CARTESIAN_POINT('',(0.00496820547267397,-0.00411972451265899,-0.00285230010069426));
#2218=CARTESIAN_POINT('',(0.0050654183936136,-0.00383661258855053,-0.00524547173969922));
#2219=CARTESIAN_POINT('',(0.00491877862621139,-0.00346119835865821,-0.00051882207948512));
#2220=CARTESIAN_POINT('',(0.00482255629858633,-0.00408226436740676,-0.00284824879230658));
#2221=CARTESIAN_POINT('',(0.00486513133285228,-0.0037859683835533,-0.00524142029920785));
#2222=CARTESIAN_POINT('',(0.00464185983228385,-0.00344700033813617,-0.00051799523887598));
#2223=CARTESIAN_POINT('',(0.00467232962750034,-0.00407461613063223,-0.00284742197562654));
#2224=CARTESIAN_POINT('',(0.00465885657160763,-0.00377563773551101,-0.00524059345480824));
#2225=CARTESIAN_POINT('',(0.00428083807512679,-0.00350036881295816,-0.00052110421160356));
#2226=CARTESIAN_POINT('',(0.00447644089112071,-0.00410336927050863,-0.00285053085939492));
#2227=CARTESIAN_POINT('',(0.00438976783250267,-0.00381448938033032,-0.00524370244163549));
#2228=CARTESIAN_POINT('',(0.00385926382992304,-0.00370107248606221,-0.000532810538491712));
#2229=CARTESIAN_POINT('',(0.00424731479223376,-0.00421156606934398,-0.00286223686721512));
#2230=CARTESIAN_POINT('',(0.00407381744735139,-0.00396089161605258,-0.00525540881965777));
#2231=CARTESIAN_POINT('',(0.00348932326790726,-0.00411710737187732,-0.000557245537424884));
#2232=CARTESIAN_POINT('',(0.00404495456621235,-0.00443660401422302,-0.00288667136692251));
#2233=CARTESIAN_POINT('',(0.00379069857399085,-0.00426780518231509,-0.00527984389770174));
#2234=CARTESIAN_POINT('',(0.00330904623324713,-0.00464050446229676,-0.000588302271395207));
#2235=CARTESIAN_POINT('',(0.00394467209914329,-0.0047211339797996,-0.00291772777877805));
#2236=CARTESIAN_POINT('',(0.00364519390353498,-0.00466033881084443,-0.00531090068175913));
#2237=CARTESIAN_POINT('',(0.00334303259135498,-0.00518957589616987,-0.000621273452616622));
#2238=CARTESIAN_POINT('',(0.00396094408796852,-0.00502137794377087,-0.00295069900293234));
#2239=CARTESIAN_POINT('',(0.00366074793212611,-0.00508005755095566,-0.00534387185502672));
#2240=CARTESIAN_POINT('',(0.00358229178327116,-0.00568140483368633,-0.000651160150591374));
#2241=CARTESIAN_POINT('',(0.00409020243398385,-0.00529190755051171,-0.00298058608513135));
#2242=CARTESIAN_POINT('',(0.00383656487661833,-0.00546316580744078,-0.0053737584918889));
#2243=CARTESIAN_POINT('',(0.00398832301893375,-0.00604417598615607,-0.000673425533646881));
#2244=CARTESIAN_POINT('',(0.0043122777745506,-0.0054924443101804,-0.00300285196938643));
#2245=CARTESIAN_POINT('',(0.00414717920235441,-0.0057502166631506,-0.00539602379639085));
#2246=CARTESIAN_POINT('',(0.0043296950772675,-0.00616553547048642,-0.000680922468309129));
#2247=CARTESIAN_POINT('',(0.00450000064843056,-0.00555974878368481,-0.00301034912015322));
#2248=CARTESIAN_POINT('',(0.00441288064394494,-0.00584722310388539,-0.00540352069763206));
#2249=CARTESIAN_POINT('',(0.00450543572506706,-0.00619174371774133,-0.000682540992744107));
#2250=CARTESIAN_POINT('',(0.00459671190043568,-0.00557428138942746,-0.00301196769043469));
#2251=CARTESIAN_POINT('',(0.00454998114598894,-0.00586816248502181,-0.00540513921484145));
#2252=CARTESIAN_POINT('',(0.00390092931667526,-0.00400399225612465,-0.00521343193173525));
#2253=CARTESIAN_POINT('',(0.00355937590007476,-0.0048155266225866,-0.00521731820166403));
#2254=CARTESIAN_POINT('',(0.00389150990745177,-0.00563041768853526,-0.00522122384766647));
#2255=CARTESIAN_POINT('',(0.00470493650382737,-0.00597109282765673,-0.00522285902174544));
#2256=CARTESIAN_POINT('',(0.00551698284986983,-0.00563762969921226,-0.00522125844787085));
#2257=CARTESIAN_POINT('',(0.00585750673444097,-0.00482745524256526,-0.00521737533746755));
#2258=CARTESIAN_POINT('',(0.00552453519412672,-0.0040127449888545,-0.00521347384918968));
#2259=CARTESIAN_POINT('',(0.00471485549347627,-0.00367274869114831,-0.00521184529149863));
#2260=CARTESIAN_POINT('',(0.00390092931667526,-0.00400399225612465,-0.00521343193173525));
#2261=CARTESIAN_POINT('',(0.00355937590007476,-0.0048155266225866,-0.00521731820166403));
#2262=CARTESIAN_POINT('',(0.00389150990745177,-0.00563041768853526,-0.00522122384766647));
#2263=CARTESIAN_POINT('',(0.00367165713740434,-0.00481608607250105,-0.00521732143100964));
#2264=CARTESIAN_POINT('',(0.0205692756342836,-0.0059854218102968,-0.000690562191599472));
#2265=CARTESIAN_POINT('',(0.0209085954681157,-0.00546028845354372,-0.00302390419159591));
#2266=CARTESIAN_POINT('',(0.0207429894607725,-0.0057099460965664,-0.00542090932145404));
#2267=CARTESIAN_POINT('',(0.0207181676989915,-0.00608192680429742,-0.000692348357957406));
#2268=CARTESIAN_POINT('',(0.0209904260726877,-0.00551347094084323,-0.00302569041332891));
#2269=CARTESIAN_POINT('',(0.0208592889958305,-0.00578597065899621,-0.00542269547904816));
#2270=CARTESIAN_POINT('',(0.0210535787665002,-0.0062165380370478,-0.000691241727280084));
#2271=CARTESIAN_POINT('',(0.0211750538391114,-0.00558748246737423,-0.00302458374550931));
#2272=CARTESIAN_POINT('',(0.0211225666767784,-0.00589124879145166,-0.00542158885411787));
#2273=CARTESIAN_POINT('',(0.0215958867886436,-0.00621401700464089,-0.000675834064629545));
#2274=CARTESIAN_POINT('',(0.0214732646892135,-0.00558499302720279,-0.00300917561492828));
#2275=CARTESIAN_POINT('',(0.0215468778639379,-0.00588432492830618,-0.00540618126416704));
#2276=CARTESIAN_POINT('',(0.0220989359469974,-0.00600623903833226,-0.000649048258864319));
#2277=CARTESIAN_POINT('',(0.0217485965979583,-0.00546920768505444,-0.00298238920594417));
#2278=CARTESIAN_POINT('',(0.0219346624163582,-0.00571488270959393,-0.00537939555296215));
#2279=CARTESIAN_POINT('',(0.0224878186493885,-0.00562102650614173,-0.000614955421889682));
#2280=CARTESIAN_POINT('',(0.0219596902045638,-0.00525671727785524,-0.00294829598478253));
#2281=CARTESIAN_POINT('',(0.0222265392547232,-0.00541049653789322,-0.00534530277744613));
#2282=CARTESIAN_POINT('',(0.0227016701660714,-0.0051130411080375,-0.00057872337683928));
#2283=CARTESIAN_POINT('',(0.0220739853011047,-0.0049786867352432,-0.0029120639984985));
#2284=CARTESIAN_POINT('',(0.0223789645393181,-0.00501893080379108,-0.00530907072470187));
#2285=CARTESIAN_POINT('',(0.0227043385576937,-0.00455803925364828,-0.000545847395648599));
#2286=CARTESIAN_POINT('',(0.0220731541724864,-0.00467694168760722,-0.0028791884838269));
#2287=CARTESIAN_POINT('',(0.0223706508892856,-0.00460023722260615,-0.00527619467068596));
#2288=CARTESIAN_POINT('',(0.0225253435453898,-0.00412748522126945,-0.000525422300426619));
#2289=CARTESIAN_POINT('',(0.0219747955147884,-0.00444400196131189,-0.00285876388787717));
#2290=CARTESIAN_POINT('',(0.0222308870000445,-0.00428060923442237,-0.00525576949572506));
#2291=CARTESIAN_POINT('',(0.0222925879312501,-0.00384637382293234,-0.000515210027268417));
#2292=CARTESIAN_POINT('',(0.0218481905100654,-0.00429214447763389,-0.00284855190772405));
#2293=CARTESIAN_POINT('',(0.0220550145908392,-0.0040729652609836,-0.00524555717604116));
#2294=CARTESIAN_POINT('',(0.0220769736952917,-0.00367161142571001,-0.00051074784602458));
#2295=CARTESIAN_POINT('',(0.0217312608030014,-0.00419774629056166,-0.00284408986425996));
#2296=CARTESIAN_POINT('',(0.0218936876319505,-0.00394391709823175,-0.00524109497302375));
#2297=CARTESIAN_POINT('',(0.0218304956336701,-0.00354373844255241,-0.000509827081705742));
#2298=CARTESIAN_POINT('',(0.0215978071494182,-0.00412857820315902,-0.002843169129173));
#2299=CARTESIAN_POINT('',(0.021710237747137,-0.00384905091132421,-0.00524017420408145));
#2300=CARTESIAN_POINT('',(0.0214793027039046,-0.00344263123357505,-0.000513225472511137));
#2301=CARTESIAN_POINT('',(0.0214077457240428,-0.00407363033797199,-0.00284656741329921));
#2302=CARTESIAN_POINT('',(0.0214492560857268,-0.00377287136332129,-0.00524357261177038));
#2303=CARTESIAN_POINT('',(0.0210118349118316,-0.00345089107081029,-0.000526064158426719));
#2304=CARTESIAN_POINT('',(0.0211545735098977,-0.00407722658326688,-0.00285940571539808));
#2305=CARTESIAN_POINT('',(0.0211010339117455,-0.00377504252943282,-0.00525641135917233));
#2306=CARTESIAN_POINT('',(0.0205024750327314,-0.00367700698318189,-0.000552886096700249));
#2307=CARTESIAN_POINT('',(0.0208774683726389,-0.00419821512721241,-0.00288622705204196));
#2308=CARTESIAN_POINT('',(0.0207159709268671,-0.00393680413710306,-0.00528323339264719));
#2309=CARTESIAN_POINT('',(0.0201218699805069,-0.00407939466463693,-0.000586990319962501));
#2310=CARTESIAN_POINT('',(0.0206686815565491,-0.00441550312804942,-0.00292033088616035));
#2311=CARTESIAN_POINT('',(0.0204204379751627,-0.00423365522541729,-0.00531733767622677));
#2312=CARTESIAN_POINT('',(0.0199260520539599,-0.00459346837054384,-0.000623207970207759));
#2313=CARTESIAN_POINT('',(0.0205594308351322,-0.00469518037205511,-0.00295654858686283));
#2314=CARTESIAN_POINT('',(0.020260132528249,-0.00462230630644086,-0.00535355531697189));
#2315=CARTESIAN_POINT('',(0.0199407437850379,-0.00513987556199649,-0.000656047928260139));
#2316=CARTESIAN_POINT('',(0.0205651527584614,-0.00499444129108559,-0.00298938900726381));
#2317=CARTESIAN_POINT('',(0.0202610173009349,-0.00504439434778806,-0.00538639520156393));
#2318=CARTESIAN_POINT('',(0.0201602263782527,-0.00563750807304406,-0.00068052472913248));
#2319=CARTESIAN_POINT('',(0.0206840701461358,-0.0052683874901745,-0.00301386641247351));
#2320=CARTESIAN_POINT('',(0.0204247694452772,-0.00543510139947103,-0.00541087190795279));
#2321=CARTESIAN_POINT('',(0.0204203835695756,-0.00588891681629618,-0.000688776025241538));
#2322=CARTESIAN_POINT('',(0.0208267648571336,-0.00540710596207827,-0.003022117969723));
#2323=CARTESIAN_POINT('',(0.0206266899236411,-0.00563392153278125,-0.00541912316382807));
#2324=CARTESIAN_POINT('',(0.0205692756342836,-0.0059854218102968,-0.000690562191599472));
#2325=CARTESIAN_POINT('',(0.0209085954681157,-0.00546028845354372,-0.00302390419159591));
#2326=CARTESIAN_POINT('',(0.0207429894607725,-0.0057099460965664,-0.00542090932145404));
#2327=CARTESIAN_POINT('',(0.0205144710236138,-0.00400408263386082,-0.00521518927899504));
#2328=CARTESIAN_POINT('',(0.0201725654867484,-0.00481546363898713,-0.00521981969680204));
#2329=CARTESIAN_POINT('',(0.0205054695591349,-0.00563057924519694,-0.00522300426411898));
#2330=CARTESIAN_POINT('',(0.0213155616604881,-0.00597079740554731,-0.00522287006303673));
#2331=CARTESIAN_POINT('',(0.02213008295697,-0.00563859915357874,-0.00521950097715967));
#2332=CARTESIAN_POINT('',(0.0224710423363586,-0.00482706456230818,-0.00521487220497959));
#2333=CARTESIAN_POINT('',(0.0221381556388975,-0.00401285302508598,-0.00521169760352716));
#2334=CARTESIAN_POINT('',(0.0213285807830785,-0.00367270106449862,-0.00521183066772456));
#2335=CARTESIAN_POINT('',(0.0205144710236138,-0.00400408263386082,-0.00521518927899504));
#2336=CARTESIAN_POINT('',(0.0201725654867484,-0.00481546363898713,-0.00521981969680204));
#2337=CARTESIAN_POINT('',(0.0205054695591349,-0.00563057924519694,-0.00522300426411898));
#2338=CARTESIAN_POINT('',(0.020285033754957,-0.00481608607250105,-0.00521957872172036));
#2339=CARTESIAN_POINT('',(0.0199715367941781,-0.0242250026806888,-0.000637628439432832));
#2340=CARTESIAN_POINT('',(0.02057656362909,-0.0243526789752836,-0.00294534166404126));
#2341=CARTESIAN_POINT('',(0.0202966818431293,-0.0242915490585047,-0.00531722453496042));
#2342=CARTESIAN_POINT('',(0.0199344134308811,-0.0244002089666237,-0.000638653487545972));
#2343=CARTESIAN_POINT('',(0.0205559899027699,-0.0244494523631262,-0.00294636672525977));
#2344=CARTESIAN_POINT('',(0.0202679236688375,-0.0244258167167803,-0.00531824958098666));
#2345=CARTESIAN_POINT('',(0.0199295018376769,-0.0247652033266224,-0.000638789261734245));
#2346=CARTESIAN_POINT('',(0.0205532663772234,-0.0246511376355636,-0.0029465025013416));
#2347=CARTESIAN_POINT('',(0.0202641119979623,-0.0247059047787524,-0.00531838535487633));
#2348=CARTESIAN_POINT('',(0.02013072251051,-0.0252739731956262,-0.000633232547750776));
#2349=CARTESIAN_POINT('',(0.0206647887411049,-0.0249320561048385,-0.00294094571547089));
#2350=CARTESIAN_POINT('',(0.0204200178893768,-0.0250953685411625,-0.00531282865224133));
#2351=CARTESIAN_POINT('',(0.020510703564035,-0.0256684446600163,-0.000622771240387814));
#2352=CARTESIAN_POINT('',(0.0208750726632505,-0.0251493069034895,-0.00293048430384486));
#2353=CARTESIAN_POINT('',(0.0207130273033576,-0.0253948375627399,-0.00530236736139345));
#2354=CARTESIAN_POINT('',(0.0210134124486004,-0.0258889406089764,-0.00060899437366994));
#2355=CARTESIAN_POINT('',(0.0211526545484427,-0.0252700121334156,-0.00291670736156957));
#2356=CARTESIAN_POINT('',(0.0210978938029699,-0.025558953520623,-0.00528859050673198));
#2357=CARTESIAN_POINT('',(0.021563909198687,-0.0259006929977003,-0.000593989262106656));
#2358=CARTESIAN_POINT('',(0.0214558258630088,-0.0252754446287984,-0.00290170224731089));
#2359=CARTESIAN_POINT('',(0.0215157675797246,-0.0255632075499046,-0.00527358539571251));
#2360=CARTESIAN_POINT('',(0.022078737194593,-0.0257003213721366,-0.000580032146290333));
#2361=CARTESIAN_POINT('',(0.021738611433415,-0.0251643492203811,-0.00288774520327266));
#2362=CARTESIAN_POINT('',(0.0219032330123794,-0.025407755781432,-0.00525962826855895));
#2363=CARTESIAN_POINT('',(0.0224117803399372,-0.0253789932565314,-0.000571044593911327));
#2364=CARTESIAN_POINT('',(0.021921141214792,-0.0249873830064117,-0.00287875773765108));
#2365=CARTESIAN_POINT('',(0.022152065813651,-0.025163822076437,-0.00525064070232449));
#2366=CARTESIAN_POINT('',(0.0225878800568158,-0.0250629005063976,-0.000566301732872977));
#2367=CARTESIAN_POINT('',(0.0220175636228027,-0.0248136679227225,-0.00287401493173836));
#2368=CARTESIAN_POINT('',(0.0222832248979556,-0.0249255158802202,-0.0052458978324985));
#2369=CARTESIAN_POINT('',(0.0226722772085668,-0.0248011438447775,-0.0005640310270386));
#2370=CARTESIAN_POINT('',(0.022063751833303,-0.0246699289210512,-0.00287174425465229));
#2371=CARTESIAN_POINT('',(0.0223459805425758,-0.0247286894705142,-0.00524362712209155));
#2372=CARTESIAN_POINT('',(0.0227027978767631,-0.0245277409886111,-0.000563210310994086));
#2373=CARTESIAN_POINT('',(0.0220804506120406,-0.0245198565618499,-0.0028709235494378));
#2374=CARTESIAN_POINT('',(0.0223686554604705,-0.0245233842658146,-0.00524280640432396));
#2375=CARTESIAN_POINT('',(0.0226719414278451,-0.0241669349942413,-0.000564040100945984));
#2376=CARTESIAN_POINT('',(0.0220635676809263,-0.0243218137744318,-0.00287175332848316));
#2377=CARTESIAN_POINT('',(0.0223457291155168,-0.0242524711933426,-0.00524363619601063));
#2378=CARTESIAN_POINT('',(0.0224997696350539,-0.0237365813430564,-0.000568671447565429));
#2379=CARTESIAN_POINT('',(0.0219693520180565,-0.0240854634735417,-0.00287638461567354));
#2380=CARTESIAN_POINT('',(0.022217747643525,-0.0239287376168835,-0.00524826755213852));
#2381=CARTESIAN_POINT('',(0.0221112299631294,-0.0233419988664346,-0.00057915367709727));
#2382=CARTESIAN_POINT('',(0.0217564354363559,-0.0238682069012199,-0.00288686674097723));
#2383=CARTESIAN_POINT('',(0.0219275810273817,-0.0236294328189042,-0.00525874979827102));
#2384=CARTESIAN_POINT('',(0.02160254469922,-0.0231271864164228,-0.000592939345463122));
#2385=CARTESIAN_POINT('',(0.0214770721063984,-0.0237492019577797,-0.00290065233360554));
#2386=CARTESIAN_POINT('',(0.0215449550407058,-0.0234632137183377,-0.00527253547860951));
#2387=CARTESIAN_POINT('',(0.0210520518258522,-0.023123638624085,-0.000607938407356582));
#2388=CARTESIAN_POINT('',(0.0211739611669404,-0.0237462093359383,-0.00291565139235829));
#2389=CARTESIAN_POINT('',(0.0211273456177757,-0.0234558579730924,-0.00528753454088647));
#2390=CARTESIAN_POINT('',(0.0205432718516929,-0.0233300262660368,-0.000621876519540995));
#2391=CARTESIAN_POINT('',(0.0208930773240875,-0.0238591044841368,-0.0029295895759567));
#2392=CARTESIAN_POINT('',(0.0207380568409245,-0.0236090834360409,-0.00530147264166531));
#2393=CARTESIAN_POINT('',(0.0201522420174589,-0.0237139656110131,-0.000632638973055403));
#2394=CARTESIAN_POINT('',(0.0206767087404476,-0.0240704972938688,-0.00294035213376631));
#2395=CARTESIAN_POINT('',(0.0204366610455397,-0.0239002988240965,-0.00531223507865376));
#2396=CARTESIAN_POINT('',(0.0200086601574751,-0.024049796394754,-0.000636603391319692));
#2397=CARTESIAN_POINT('',(0.0205971373557844,-0.0242559055856807,-0.00294431660280411));
#2398=CARTESIAN_POINT('',(0.02032544001755,-0.0241572813996271,-0.00531619948892958));
#2399=CARTESIAN_POINT('',(0.0199715367941781,-0.0242250026806888,-0.000637628439432832));
#2400=CARTESIAN_POINT('',(0.02057656362909,-0.0243526789752836,-0.00294534166404126));
#2401=CARTESIAN_POINT('',(0.0202966818431293,-0.0242915490585047,-0.00531722453496042));
#2402=CARTESIAN_POINT('',(0.0205099249783837,-0.0236971238523831,-0.00521911866364078));
#2403=CARTESIAN_POINT('',(0.0201725309099808,-0.0245102681171392,-0.00521985399173227));
#2404=CARTESIAN_POINT('',(0.0205100163387339,-0.0253233900590651,-0.00521911846467807));
#2405=CARTESIAN_POINT('',(0.0213220857884437,-0.0256590676828381,-0.00521734940699069));
#2406=CARTESIAN_POINT('',(0.0221345005538187,-0.0253228384978391,-0.00521558028368252));
#2407=CARTESIAN_POINT('',(0.0224711154120372,-0.0245091777036621,-0.00521484734125776));
#2408=CARTESIAN_POINT('',(0.0221335583238945,-0.0236973520174566,-0.00521558233543988));
#2409=CARTESIAN_POINT('',(0.0213224149649506,-0.0233615494199071,-0.00521734869015349));
#2410=CARTESIAN_POINT('',(0.0205099249783837,-0.0236971238523831,-0.00521911866364078));
#2411=CARTESIAN_POINT('',(0.0201725309099808,-0.0245102681171392,-0.00521985399173227));
#2412=CARTESIAN_POINT('',(0.0205100163387339,-0.0253233900590651,-0.00521911846467807));
#2413=CARTESIAN_POINT('',(0.0202850108261737,-0.0245102643966675,-0.00521960884920799));
#2414=CARTESIAN_POINT('',(0.00470845587551594,-0.0245102643966675,-0.0037989436409049));
#2415=CARTESIAN_POINT('',(0.00470845587551594,-0.0245102643966675,-0.00521735042296331));
#2416=CARTESIAN_POINT('',(0.00574527604345133,-0.0245102643966675,-0.00521735042296331));
#2417=CARTESIAN_POINT('',(0.00470845587551594,-0.0245102643966675,-0.00530823981493505));
#2418=CARTESIAN_POINT('',(0.0210731785689792,-0.0244839829471831,-0.0061));
#2419=CARTESIAN_POINT('',(0.0201921046964478,-0.0243909326803954,-0.0061));
#2420=CARTESIAN_POINT('',(0.0202907474980586,-0.0244013503528434,-0.00521959634780523));
#2421=CARTESIAN_POINT('',(0.0210663108050436,-0.0245490162292491,-0.0061));
#2422=CARTESIAN_POINT('',(0.0201609946764113,-0.0246862085578234,-0.0061));
#2423=CARTESIAN_POINT('',(0.020262283478124,-0.024670843082863,-0.00521965837357822));
#2424=CARTESIAN_POINT('',(0.0211065469126887,-0.0246847842317129,-0.0061));
#2425=CARTESIAN_POINT('',(0.0203432974062556,-0.0253028180171991,-0.0061));
#2426=CARTESIAN_POINT('',(0.0204291168390997,-0.0252335099232961,-0.0052192947591862));
#2427=CARTESIAN_POINT('',(0.0212928329476757,-0.024786030936647,-0.0061));
#2428=CARTESIAN_POINT('',(0.0211887020183918,-0.025764579266198,-0.00609999999999999));
#2429=CARTESIAN_POINT('',(0.0212008452049576,-0.0256525996817773,-0.00521761346762896));
#2430=CARTESIAN_POINT('',(0.0214965044562431,-0.0247260539376836,-0.0061));
#2431=CARTESIAN_POINT('',(0.0221163433021544,-0.0254938292364033,-0.0061));
#2432=CARTESIAN_POINT('',(0.0220440884734987,-0.0254040467144226,-0.00521577714886323));
#2433=CARTESIAN_POINT('',(0.0215981024019944,-0.0245393973491011,-0.0061));
#2434=CARTESIAN_POINT('',(0.0225807164940438,-0.0246432099465165,-0.00609999999999999));
#2435=CARTESIAN_POINT('',(0.0224648115142442,-0.0246309404725977,-0.00521486106736257));
#2436=CARTESIAN_POINT('',(0.0215377337011403,-0.0243356301921143,-0.0061));
#2437=CARTESIAN_POINT('',(0.0223046449727311,-0.0237139099222514,-0.0061));
#2438=CARTESIAN_POINT('',(0.0222148029815536,-0.023786928266409,-0.00521540543295488));
#2439=CARTESIAN_POINT('',(0.0213510658533934,-0.0242344571931382,-0.0061));
#2440=CARTESIAN_POINT('',(0.0214535286279033,-0.023255065024689,-0.0061));
#2441=CARTESIAN_POINT('',(0.0214419571780793,-0.0233678423747174,-0.00521708834371912));
#2442=CARTESIAN_POINT('',(0.0211477534963023,-0.0242945845393172,-0.0061));
#2443=CARTESIAN_POINT('',(0.0205300952598118,-0.0235304769198543,-0.0061));
#2444=CARTESIAN_POINT('',(0.0205999009587074,-0.0236165535431789,-0.00521892260454822));
#2445=CARTESIAN_POINT('',(0.0210800463329149,-0.0244189496651172,-0.0061));
#2446=CARTESIAN_POINT('',(0.020223217461182,-0.0240956307521011,-0.0061));
#2447=CARTESIAN_POINT('',(0.0203192115179933,-0.0241318576228239,-0.00521953432203223));
#2448=CARTESIAN_POINT('',(0.0210731785689792,-0.0244839829471831,-0.0061));
#2449=CARTESIAN_POINT('',(0.0201921046964478,-0.0243909326803954,-0.0061));
#2450=CARTESIAN_POINT('',(0.0202907474980586,-0.0244013503528434,-0.00521959634780523));
#2451=CARTESIAN_POINT('',(0.0210730406297428,-0.00479643926064111,-0.0061));
#2452=CARTESIAN_POINT('',(0.0201908851312096,-0.00470840079445123,-0.0061));
#2453=CARTESIAN_POINT('',(0.0202902032754749,-0.00471831267177953,-0.00521909889543213));
#2454=CARTESIAN_POINT('',(0.0210665480368538,-0.00486155320627746,-0.0061));
#2455=CARTESIAN_POINT('',(0.0201630117107315,-0.00500357670861117,-0.0061));
#2456=CARTESIAN_POINT('',(0.0202632327415028,-0.00498768307027508,-0.00522044850292656));
#2457=CARTESIAN_POINT('',(0.0211074619938399,-0.00499717595461786,-0.0061));
#2458=CARTESIAN_POINT('',(0.0203505716258942,-0.00561654500493964,-0.0061));
#2459=CARTESIAN_POINT('',(0.0204320854969641,-0.00554952925967611,-0.00522277521216899));
#2460=CARTESIAN_POINT('',(0.0212945065269848,-0.00509740759023315,-0.0061));
#2461=CARTESIAN_POINT('',(0.0211980424105355,-0.00607033007735268,-0.00609999999999999));
#2462=CARTESIAN_POINT('',(0.0212085884527563,-0.00596574636085657,-0.0052230792754149));
#2463=CARTESIAN_POINT('',(0.0214978432856038,-0.00503581687536012,-0.0061));
#2464=CARTESIAN_POINT('',(0.0221198442111527,-0.00579453531306129,-0.0061));
#2465=CARTESIAN_POINT('',(0.0220509307224772,-0.00570970134886074,-0.00522001417572165));
#2466=CARTESIAN_POINT('',(0.0215982033156263,-0.00484846261320176,-0.0061));
#2467=CARTESIAN_POINT('',(0.0225801310360952,-0.00494720974844363,-0.00609999999999999));
#2468=CARTESIAN_POINT('',(0.0224650372513644,-0.00493511148605095,-0.00521540258380243));
#2469=CARTESIAN_POINT('',(0.0215368205580883,-0.00464491076575735,-0.0061));
#2470=CARTESIAN_POINT('',(0.0223045838684809,-0.00401672888988071,-0.0061));
#2471=CARTESIAN_POINT('',(0.0222109978990346,-0.00409298330257926,-0.0052119228721405));
#2472=CARTESIAN_POINT('',(0.0213493875929449,-0.00454475536919882,-0.0061));
#2473=CARTESIAN_POINT('',(0.0214455948807047,-0.00355722899380479,-0.00609999999999999));
#2474=CARTESIAN_POINT('',(0.0214340290550422,-0.00367779417651449,-0.00521162549010618));
#2475=CARTESIAN_POINT('',(0.0211464175511738,-0.00460649228079974,-0.0061));
#2476=CARTESIAN_POINT('',(0.0205194248651273,-0.00384343699276954,-0.0061));
#2477=CARTESIAN_POINT('',(0.0205939087007968,-0.00393330686870279,-0.00521467756720245));
#2478=CARTESIAN_POINT('',(0.0210795332226318,-0.00473132531500476,-0.0061));
#2479=CARTESIAN_POINT('',(0.0202188121458298,-0.0044126573252654,-0.0061));
#2480=CARTESIAN_POINT('',(0.0203171738094471,-0.00444894227328397,-0.00521774928793771));
#2481=CARTESIAN_POINT('',(0.0210730406297428,-0.00479643926064111,-0.0061));
#2482=CARTESIAN_POINT('',(0.0201908851312096,-0.00470840079445123,-0.0061));
#2483=CARTESIAN_POINT('',(0.0202902032754749,-0.00471831267177953,-0.00521909889543213));
#2484=CARTESIAN_POINT('',(0.00475745117782464,-0.00457538992397391,-0.0061));
#2485=CARTESIAN_POINT('',(0.00493265500189367,-0.00369863779304185,-0.0061));
#2486=CARTESIAN_POINT('',(0.00491146427836094,-0.00380468006758715,-0.00521247722941451));
#2487=CARTESIAN_POINT('',(0.00469330298391993,-0.00456257444469575,-0.0061));
#2488=CARTESIAN_POINT('',(0.00463920428739768,-0.00363974183009343,-0.0061));
#2489=CARTESIAN_POINT('',(0.00464571647842541,-0.00375163875847111,-0.00521222320888586));
#2490=CARTESIAN_POINT('',(0.00455434062286342,-0.00459026085237791,-0.0061));
#2491=CARTESIAN_POINT('',(0.00400311668801,-0.00376727910866172,-0.0061));
#2492=CARTESIAN_POINT('',(0.004069833221124,-0.00386638456058144,-0.0052127728691004));
#2493=CARTESIAN_POINT('',(0.00443655816436304,-0.00476664805530329,-0.0061));
#2494=CARTESIAN_POINT('',(0.00347009802633804,-0.00457402993143938,-0.0061));
#2495=CARTESIAN_POINT('',(0.00358246454321517,-0.00459592581789024,-0.00521626649829532));
#2496=CARTESIAN_POINT('',(0.0044775773727087,-0.0049750100275266,-0.00609999999999999));
#2497=CARTESIAN_POINT('',(0.00366102164208811,-0.00551825745745225,-0.0061));
#2498=CARTESIAN_POINT('',(0.00375136441011438,-0.00545765545657084,-0.00522039526055129));
#2499=CARTESIAN_POINT('',(0.00465412581288348,-0.00509347903854238,-0.0061));
#2500=CARTESIAN_POINT('',(0.00446230622419321,-0.0060529104877228,-0.0061));
#2501=CARTESIAN_POINT('',(0.00448291266866575,-0.00594934427469605,-0.00522275457427451));
#2502=CARTESIAN_POINT('',(0.0048626893569999,-0.00505194194963659,-0.0061));
#2503=CARTESIAN_POINT('',(0.00540751078620377,-0.00586554212241103,-0.0061));
#2504=CARTESIAN_POINT('',(0.00534836789947822,-0.00577672438004302,-0.0052219258708718));
#2505=CARTESIAN_POINT('',(0.00498042786555842,-0.00487517088592363,-0.0061));
#2506=CARTESIAN_POINT('',(0.00594432860969666,-0.00506668019494164,-0.00609999999999999));
#2507=CARTESIAN_POINT('',(0.00583508313308598,-0.0050444777955464,-0.00521841494685846));
#2508=CARTESIAN_POINT('',(0.00493922978629168,-0.00466715372804688,-0.0061));
#2509=CARTESIAN_POINT('',(0.00576221730207273,-0.00412005401163312,-0.0061));
#2510=CARTESIAN_POINT('',(0.00566432002073714,-0.00418463241527769,-0.00521429699227226));
#2511=CARTESIAN_POINT('',(0.00482159937172935,-0.00458820540325207,-0.0061));
#2512=CARTESIAN_POINT('',(0.00522599865127336,-0.00375751226787383,-0.0061));
#2513=CARTESIAN_POINT('',(0.00517721207829646,-0.0038577213767032,-0.00521273124994315));
#2514=CARTESIAN_POINT('',(0.00475745117782464,-0.00457538992397391,-0.0061));
#2515=CARTESIAN_POINT('',(0.00493265500189367,-0.00369863779304185,-0.0061));
#2516=CARTESIAN_POINT('',(0.00491146427836094,-0.00380468006758715,-0.00521247722941451));
#2517=MECHANICAL_DESIGN_GEOMETRIC_PRESENTATION_REPRESENTATION('',(#914),
#2518);
#2518=(
GEOMETRIC_REPRESENTATION_CONTEXT(3)
GLOBAL_UNCERTAINTY_ASSIGNED_CONTEXT((#2519))
GLOBAL_UNIT_ASSIGNED_CONTEXT((#2522,#2521,#2520))
REPRESENTATION_CONTEXT('Part 1','TOP_LEVEL_ASSEMBLY_PART')
);
#2519=UNCERTAINTY_MEASURE_WITH_UNIT(LENGTH_MEASURE(2.E-5),#2522,
'DISTANCE_ACCURACY_VALUE','Maximum Tolerance applied to model');
#2520=(
NAMED_UNIT(*)
SI_UNIT($,.STERADIAN.)
SOLID_ANGLE_UNIT()
);
#2521=(
NAMED_UNIT(*)
PLANE_ANGLE_UNIT()
SI_UNIT($,.RADIAN.)
);
#2522=(
LENGTH_UNIT()
NAMED_UNIT(*)
SI_UNIT($,.METRE.)
);
#2523=PRODUCT_DEFINITION_SHAPE('','',#2524);
#2524=PRODUCT_DEFINITION('','',#2526,#2525);
#2525=PRODUCT_DEFINITION_CONTEXT('',#2532,'design');
#2526=PRODUCT_DEFINITION_FORMATION_WITH_SPECIFIED_SOURCE('','',#2528,
 .NOT_KNOWN.);
#2527=PRODUCT_RELATED_PRODUCT_CATEGORY('','',(#2528));
#2528=PRODUCT('Part 1','Part 1','Part 1',(#2530));
#2529=PRODUCT_CATEGORY('','');
#2530=PRODUCT_CONTEXT('',#2532,'mechanical');
#2531=APPLICATION_PROTOCOL_DEFINITION('international standard',
'ap242_managed_model_based_3d_engineering',2020,#2532);
#2532=APPLICATION_CONTEXT('managed model based 3d engineering');
ENDSEC;
END-ISO-10303-21;
