ISO-10303-21;
HEADER;
/* Generated by software containing ST-Developer
 * from STEP Tools, Inc. (www.steptools.com) 
 */
/* OPTION: using custom renumber hook */

FILE_DESCRIPTION(
/* description */ ('STEP AP242 Edition 2',
'CAx-IF Rec.Pracs.---Representation and Presentation of Product Manufa
cturing Information (PMI)---4.0---2014-10-13',
'CAx-IF Rec.Pracs.---3D Tessellated Geometry---0.4---2014-09-14','2;1',
'CAx-IF Rec.Pracs.---User Defined Attributes---1.5---2016-08-15'),
/* implementation_level */ '2;1');

FILE_NAME(
/* name */ 'stairs',
/* time_stamp */ '2026-09-14T00:17:17Z',
/* author */ (''),
/* organization */ (''),
/* preprocessor_version */ 'ST-DEVELOPER v20',
/* originating_system */ 'ONSHAPE BY PTC INC, 1.220',
/* authorisation */ '  ');

FILE_SCHEMA (('AP242_MANAGED_MODEL_BASED_3D_ENGINEERING_MIM_LF { 1 0 10303 442 3 1 4 }'));
ENDSEC;

DATA;
#10=SHAPE_REPRESENTATION_RELATIONSHIP('','',#2161,#11);
#11=ADVANCED_BREP_SHAPE_REPRESENTATION('',(#2159),#3735);
#12=ELLIPSE('',#2218,0.00238994949366117,0.00168994949366116);
#13=ELLIPSE('',#2236,0.00238994949366117,0.00168994949366116);
#14=ELLIPSE('',#2286,0.00238994949366117,0.00168994949366116);
#15=ELLIPSE('',#2300,0.00238994949366117,0.00168994949366116);
#16=SPHERICAL_SURFACE('',#2213,0.00168994949366116);
#17=SPHERICAL_SURFACE('',#2228,0.00168994949366116);
#18=SPHERICAL_SURFACE('',#2231,0.00168994949366116);
#19=SPHERICAL_SURFACE('',#2233,0.00168994949366116);
#20=SPHERICAL_SURFACE('',#2245,0.00168994949366116);
#21=SPHERICAL_SURFACE('',#2247,0.00168994949366116);
#22=SPHERICAL_SURFACE('',#2287,0.00168994949366116);
#23=SPHERICAL_SURFACE('',#2302,0.00168994949366116);
#24=SPHERICAL_SURFACE('',#2304,0.00168994949366116);
#25=SPHERICAL_SURFACE('',#2306,0.00168994949366116);
#26=SPHERICAL_SURFACE('',#2316,0.00168994949366116);
#27=SPHERICAL_SURFACE('',#2318,0.00168994949366116);
#28=B_SPLINE_CURVE_WITH_KNOTS('',3,(#3034,#3035,#3036,#3037),
 .UNSPECIFIED.,.F.,.F.,(4,4),(0.,0.000896128855161644),.UNSPECIFIED.);
#29=B_SPLINE_CURVE_WITH_KNOTS('',3,(#3041,#3042,#3043,#3044),
 .UNSPECIFIED.,.F.,.F.,(4,4),(0.,0.000896103815936141),.UNSPECIFIED.);
#30=B_SPLINE_CURVE_WITH_KNOTS('',3,(#3052,#3053,#3054,#3055),
 .UNSPECIFIED.,.F.,.F.,(4,4),(0.,0.000896128855161641),.UNSPECIFIED.);
#31=B_SPLINE_CURVE_WITH_KNOTS('',3,(#3059,#3060,#3061,#3062),
 .UNSPECIFIED.,.F.,.F.,(4,4),(0.,0.000896103815936137),.UNSPECIFIED.);
#32=B_SPLINE_CURVE_WITH_KNOTS('',3,(#3259,#3260,#3261,#3262),
 .UNSPECIFIED.,.F.,.F.,(4,4),(0.,0.000896103815936137),.UNSPECIFIED.);
#33=B_SPLINE_CURVE_WITH_KNOTS('',3,(#3266,#3267,#3268,#3269),
 .UNSPECIFIED.,.F.,.F.,(4,4),(0.,0.000896128855161636),.UNSPECIFIED.);
#34=B_SPLINE_CURVE_WITH_KNOTS('',3,(#3271,#3272,#3273,#3274),
 .UNSPECIFIED.,.F.,.F.,(4,4),(0.,0.000896103815936134),.UNSPECIFIED.);
#35=B_SPLINE_CURVE_WITH_KNOTS('',3,(#3278,#3279,#3280,#3281),
 .UNSPECIFIED.,.F.,.F.,(4,4),(0.,0.000896128855161639),.UNSPECIFIED.);
#36=B_SPLINE_CURVE_WITH_KNOTS('',3,(#3282,#3283,#3284,#3285),
 .UNSPECIFIED.,.F.,.F.,(4,4),(0.,0.00089610381593614),.UNSPECIFIED.);
#37=B_SPLINE_CURVE_WITH_KNOTS('',3,(#3289,#3290,#3291,#3292),
 .UNSPECIFIED.,.F.,.F.,(4,4),(0.,0.000896128855161641),.UNSPECIFIED.);
#38=B_SPLINE_CURVE_WITH_KNOTS('',3,(#3293,#3294,#3295,#3296),
 .UNSPECIFIED.,.F.,.F.,(4,4),(0.,0.000896103815936124),.UNSPECIFIED.);
#39=B_SPLINE_CURVE_WITH_KNOTS('',3,(#3300,#3301,#3302,#3303),
 .UNSPECIFIED.,.F.,.F.,(4,4),(0.,0.000896128855161645),.UNSPECIFIED.);
#40=B_SPLINE_CURVE_WITH_KNOTS('',3,(#3304,#3305,#3306,#3307),
 .UNSPECIFIED.,.F.,.F.,(4,4),(0.,0.000896103815936141),.UNSPECIFIED.);
#41=B_SPLINE_CURVE_WITH_KNOTS('',3,(#3311,#3312,#3313,#3314),
 .UNSPECIFIED.,.F.,.F.,(4,4),(0.,0.000896128855161643),.UNSPECIFIED.);
#42=B_SPLINE_CURVE_WITH_KNOTS('',3,(#3315,#3316,#3317,#3318),
 .UNSPECIFIED.,.F.,.F.,(4,4),(0.,0.000896103815936137),.UNSPECIFIED.);
#43=B_SPLINE_CURVE_WITH_KNOTS('',3,(#3322,#3323,#3324,#3325),
 .UNSPECIFIED.,.F.,.F.,(4,4),(0.,0.000896128855161638),.UNSPECIFIED.);
#44=B_SPLINE_CURVE_WITH_KNOTS('',3,(#3326,#3327,#3328,#3329),
 .UNSPECIFIED.,.F.,.F.,(4,4),(0.,0.000896103815936137),.UNSPECIFIED.);
#45=B_SPLINE_CURVE_WITH_KNOTS('',3,(#3333,#3334,#3335,#3336),
 .UNSPECIFIED.,.F.,.F.,(4,4),(0.,0.000896128855161636),.UNSPECIFIED.);
#46=B_SPLINE_CURVE_WITH_KNOTS('',3,(#3538,#3539,#3540,#3541),
 .UNSPECIFIED.,.F.,.F.,(4,4),(0.,0.00089612885516165),.UNSPECIFIED.);
#47=B_SPLINE_CURVE_WITH_KNOTS('',3,(#3542,#3543,#3544,#3545),
 .UNSPECIFIED.,.F.,.F.,(4,4),(0.,0.000896103815936126),.UNSPECIFIED.);
#48=B_SPLINE_CURVE_WITH_KNOTS('',3,(#3549,#3550,#3551,#3552),
 .UNSPECIFIED.,.F.,.F.,(4,4),(0.,0.000896128855161643),.UNSPECIFIED.);
#49=B_SPLINE_CURVE_WITH_KNOTS('',3,(#3553,#3554,#3555,#3556),
 .UNSPECIFIED.,.F.,.F.,(4,4),(0.,0.00089610381593613),.UNSPECIFIED.);
#50=B_SPLINE_CURVE_WITH_KNOTS('',3,(#3560,#3561,#3562,#3563),
 .UNSPECIFIED.,.F.,.F.,(4,4),(0.,0.000896128855161647),.UNSPECIFIED.);
#51=B_SPLINE_CURVE_WITH_KNOTS('',3,(#3564,#3565,#3566,#3567),
 .UNSPECIFIED.,.F.,.F.,(4,4),(0.,0.000896103815936141),.UNSPECIFIED.);
#52=B_SPLINE_CURVE_WITH_KNOTS('',3,(#3571,#3572,#3573,#3574),
 .UNSPECIFIED.,.F.,.F.,(4,4),(0.,0.000896128855161648),.UNSPECIFIED.);
#53=B_SPLINE_CURVE_WITH_KNOTS('',3,(#3575,#3576,#3577,#3578),
 .UNSPECIFIED.,.F.,.F.,(4,4),(0.,0.000896103815936142),.UNSPECIFIED.);
#54=B_SPLINE_CURVE_WITH_KNOTS('',3,(#3582,#3583,#3584,#3585),
 .UNSPECIFIED.,.F.,.F.,(4,4),(0.,0.000896128855161647),.UNSPECIFIED.);
#55=B_SPLINE_CURVE_WITH_KNOTS('',3,(#3586,#3587,#3588,#3589),
 .UNSPECIFIED.,.F.,.F.,(4,4),(0.,0.000896103815936136),.UNSPECIFIED.);
#56=B_SPLINE_CURVE_WITH_KNOTS('',3,(#3593,#3594,#3595,#3596),
 .UNSPECIFIED.,.F.,.F.,(4,4),(0.,0.000896128855161645),.UNSPECIFIED.);
#57=B_SPLINE_CURVE_WITH_KNOTS('',3,(#3597,#3598,#3599,#3600),
 .UNSPECIFIED.,.F.,.F.,(4,4),(0.,0.000896103815936133),.UNSPECIFIED.);
#58=B_SPLINE_CURVE_WITH_KNOTS('',3,(#3604,#3605,#3606,#3607),
 .UNSPECIFIED.,.F.,.F.,(4,4),(0.,0.000896128855161642),.UNSPECIFIED.);
#59=B_SPLINE_CURVE_WITH_KNOTS('',3,(#3609,#3610,#3611,#3612),
 .UNSPECIFIED.,.F.,.F.,(4,4),(0.,0.00089610381593619),.UNSPECIFIED.);
#60=CIRCLE('',#2167,0.000965685424949238);
#61=CIRCLE('',#2168,0.000965685424949238);
#62=CIRCLE('',#2170,0.000965685424949238);
#63=CIRCLE('',#2171,0.000965685424949238);
#64=CIRCLE('',#2173,0.000965685424949238);
#65=CIRCLE('',#2174,0.000965685424949238);
#66=CIRCLE('',#2176,0.000965685424949238);
#67=CIRCLE('',#2177,0.000965685424949238);
#68=CIRCLE('',#2182,0.000965685424949238);
#69=CIRCLE('',#2183,0.000965685424949238);
#70=CIRCLE('',#2184,0.000965685424949238);
#71=CIRCLE('',#2185,0.000965685424949238);
#72=CIRCLE('',#2186,0.000965685424949238);
#73=CIRCLE('',#2187,0.000965685424949238);
#74=CIRCLE('',#2188,0.000965685424949238);
#75=CIRCLE('',#2189,0.000965685424949238);
#76=CIRCLE('',#2190,0.000965685424949238);
#77=CIRCLE('',#2191,0.000965685424949238);
#78=CIRCLE('',#2192,0.000965685424949238);
#79=CIRCLE('',#2193,0.000965685424949238);
#80=CIRCLE('',#2194,0.000965685424949238);
#81=CIRCLE('',#2195,0.000965685424949238);
#82=CIRCLE('',#2196,0.000965685424949238);
#83=CIRCLE('',#2197,0.000965685424949238);
#84=CIRCLE('',#2198,0.000965685424949238);
#85=CIRCLE('',#2199,0.000965685424949238);
#86=CIRCLE('',#2200,0.000965685424949238);
#87=CIRCLE('',#2201,0.000965685424949238);
#88=CIRCLE('',#2202,0.000965685424949238);
#89=CIRCLE('',#2203,0.000965685424949238);
#90=CIRCLE('',#2204,0.000965685424949238);
#91=CIRCLE('',#2205,0.000965685424949238);
#92=CIRCLE('',#2206,0.000965685424949238);
#93=CIRCLE('',#2207,0.000965685424949238);
#94=CIRCLE('',#2208,0.000965685424949238);
#95=CIRCLE('',#2209,0.000965685424949238);
#96=CIRCLE('',#2214,0.00168994949366116);
#97=CIRCLE('',#2215,0.00168994949366116);
#98=CIRCLE('',#2216,0.00168994949366116);
#99=CIRCLE('',#2220,0.00168994949366116);
#100=CIRCLE('',#2222,0.00168994949366116);
#101=CIRCLE('',#2224,0.00168994949366116);
#102=CIRCLE('',#2225,0.00168994949366116);
#103=CIRCLE('',#2227,0.00168994949366116);
#104=CIRCLE('',#2229,0.00168994949366116);
#105=CIRCLE('',#2230,0.00168994949366116);
#106=CIRCLE('',#2232,0.00168994949366116);
#107=CIRCLE('',#2234,0.00168994949366116);
#108=CIRCLE('',#2238,0.00168994949366116);
#109=CIRCLE('',#2240,0.00168994949366116);
#110=CIRCLE('',#2242,0.00168994949366116);
#111=CIRCLE('',#2244,0.00168994949366116);
#112=CIRCLE('',#2246,0.00168994949366116);
#113=CIRCLE('',#2248,0.00168994949366116);
#114=CIRCLE('',#2251,0.000965685424949238);
#115=CIRCLE('',#2252,0.000965685424949238);
#116=CIRCLE('',#2253,0.000965685424949238);
#117=CIRCLE('',#2254,0.000965685424949238);
#118=CIRCLE('',#2255,0.000965685424949238);
#119=CIRCLE('',#2256,0.000965685424949238);
#120=CIRCLE('',#2257,0.000965685424949238);
#121=CIRCLE('',#2258,0.000965685424949238);
#122=CIRCLE('',#2259,0.000965685424949238);
#123=CIRCLE('',#2260,0.000965685424949238);
#124=CIRCLE('',#2261,0.000965685424949238);
#125=CIRCLE('',#2262,0.000965685424949238);
#126=CIRCLE('',#2263,0.000965685424949238);
#127=CIRCLE('',#2264,0.000965685424949238);
#128=CIRCLE('',#2265,0.000965685424949238);
#129=CIRCLE('',#2266,0.000965685424949238);
#130=CIRCLE('',#2267,0.000965685424949238);
#131=CIRCLE('',#2268,0.000965685424949238);
#132=CIRCLE('',#2269,0.000965685424949238);
#133=CIRCLE('',#2270,0.000965685424949238);
#134=CIRCLE('',#2271,0.000965685424949238);
#135=CIRCLE('',#2272,0.000965685424949238);
#136=CIRCLE('',#2273,0.000965685424949238);
#137=CIRCLE('',#2274,0.000965685424949238);
#138=CIRCLE('',#2275,0.000965685424949238);
#139=CIRCLE('',#2276,0.000965685424949238);
#140=CIRCLE('',#2277,0.000965685424949238);
#141=CIRCLE('',#2278,0.000965685424949238);
#142=CIRCLE('',#2285,0.00168994949366116);
#143=CIRCLE('',#2288,0.00168994949366116);
#144=CIRCLE('',#2289,0.00168994949366116);
#145=CIRCLE('',#2291,0.00168994949366116);
#146=CIRCLE('',#2293,0.00168994949366116);
#147=CIRCLE('',#2294,0.00168994949366116);
#148=CIRCLE('',#2296,0.00168994949366116);
#149=CIRCLE('',#2298,0.00168994949366116);
#150=CIRCLE('',#2301,0.00168994949366116);
#151=CIRCLE('',#2303,0.00168994949366116);
#152=CIRCLE('',#2305,0.00168994949366116);
#153=CIRCLE('',#2307,0.00168994949366116);
#154=CIRCLE('',#2309,0.00168994949366116);
#155=CIRCLE('',#2311,0.00168994949366116);
#156=CIRCLE('',#2313,0.00168994949366116);
#157=CIRCLE('',#2315,0.00168994949366116);
#158=CIRCLE('',#2317,0.00168994949366116);
#159=CIRCLE('',#2319,0.00168994949366116);
#160=CYLINDRICAL_SURFACE('',#2166,0.000965685424949238);
#161=CYLINDRICAL_SURFACE('',#2169,0.000965685424949238);
#162=CYLINDRICAL_SURFACE('',#2172,0.000965685424949238);
#163=CYLINDRICAL_SURFACE('',#2175,0.000965685424949238);
#164=CYLINDRICAL_SURFACE('',#2217,0.00168994949366116);
#165=CYLINDRICAL_SURFACE('',#2219,0.00168994949366116);
#166=CYLINDRICAL_SURFACE('',#2221,0.00168994949366116);
#167=CYLINDRICAL_SURFACE('',#2223,0.00168994949366116);
#168=CYLINDRICAL_SURFACE('',#2226,0.00168994949366116);
#169=CYLINDRICAL_SURFACE('',#2235,0.00168994949366116);
#170=CYLINDRICAL_SURFACE('',#2237,0.00168994949366116);
#171=CYLINDRICAL_SURFACE('',#2239,0.00168994949366116);
#172=CYLINDRICAL_SURFACE('',#2241,0.00168994949366116);
#173=CYLINDRICAL_SURFACE('',#2243,0.00168994949366116);
#174=CYLINDRICAL_SURFACE('',#2249,0.00168994949366116);
#175=CYLINDRICAL_SURFACE('',#2284,0.00168994949366116);
#176=CYLINDRICAL_SURFACE('',#2290,0.00168994949366116);
#177=CYLINDRICAL_SURFACE('',#2292,0.00168994949366116);
#178=CYLINDRICAL_SURFACE('',#2295,0.00168994949366116);
#179=CYLINDRICAL_SURFACE('',#2297,0.00168994949366116);
#180=CYLINDRICAL_SURFACE('',#2299,0.00168994949366116);
#181=CYLINDRICAL_SURFACE('',#2308,0.00168994949366116);
#182=CYLINDRICAL_SURFACE('',#2310,0.00168994949366116);
#183=CYLINDRICAL_SURFACE('',#2312,0.00168994949366116);
#184=CYLINDRICAL_SURFACE('',#2314,0.00168994949366116);
#185=CYLINDRICAL_SURFACE('',#2320,0.00168994949366116);
#186=CYLINDRICAL_SURFACE('',#2324,0.000965685424949238);
#187=CYLINDRICAL_SURFACE('',#2325,0.000965685424949238);
#188=CYLINDRICAL_SURFACE('',#2326,0.000965685424949238);
#189=CYLINDRICAL_SURFACE('',#2327,0.000965685424949238);
#190=CYLINDRICAL_SURFACE('',#2332,0.000965685424949238);
#191=CYLINDRICAL_SURFACE('',#2333,0.000965685424949238);
#192=CYLINDRICAL_SURFACE('',#2334,0.000965685424949238);
#193=CYLINDRICAL_SURFACE('',#2335,0.000965685424949238);
#194=CYLINDRICAL_SURFACE('',#2340,0.000965685424949238);
#195=CYLINDRICAL_SURFACE('',#2341,0.000965685424949238);
#196=CYLINDRICAL_SURFACE('',#2342,0.000965685424949238);
#197=CYLINDRICAL_SURFACE('',#2343,0.000965685424949238);
#198=CYLINDRICAL_SURFACE('',#2348,0.000965685424949238);
#199=CYLINDRICAL_SURFACE('',#2349,0.000965685424949238);
#200=CYLINDRICAL_SURFACE('',#2350,0.000965685424949238);
#201=CYLINDRICAL_SURFACE('',#2351,0.000965685424949238);
#202=CYLINDRICAL_SURFACE('',#2356,0.000965685424949238);
#203=CYLINDRICAL_SURFACE('',#2357,0.000965685424949238);
#204=CYLINDRICAL_SURFACE('',#2358,0.000965685424949238);
#205=CYLINDRICAL_SURFACE('',#2359,0.000965685424949238);
#206=CYLINDRICAL_SURFACE('',#2364,0.000965685424949238);
#207=CYLINDRICAL_SURFACE('',#2365,0.000965685424949238);
#208=CYLINDRICAL_SURFACE('',#2366,0.000965685424949238);
#209=CYLINDRICAL_SURFACE('',#2367,0.000965685424949238);
#210=CYLINDRICAL_SURFACE('',#2372,0.000965685424949238);
#211=CYLINDRICAL_SURFACE('',#2373,0.000965685424949238);
#212=CYLINDRICAL_SURFACE('',#2374,0.000965685424949238);
#213=CYLINDRICAL_SURFACE('',#2375,0.000965685424949238);
#214=ORIENTED_EDGE('',*,*,#866,.F.);
#215=ORIENTED_EDGE('',*,*,#867,.T.);
#216=ORIENTED_EDGE('',*,*,#868,.T.);
#217=ORIENTED_EDGE('',*,*,#869,.T.);
#218=ORIENTED_EDGE('',*,*,#870,.T.);
#219=ORIENTED_EDGE('',*,*,#871,.T.);
#220=ORIENTED_EDGE('',*,*,#872,.T.);
#221=ORIENTED_EDGE('',*,*,#873,.F.);
#222=ORIENTED_EDGE('',*,*,#874,.T.);
#223=ORIENTED_EDGE('',*,*,#875,.T.);
#224=ORIENTED_EDGE('',*,*,#876,.T.);
#225=ORIENTED_EDGE('',*,*,#877,.F.);
#226=ORIENTED_EDGE('',*,*,#878,.F.);
#227=ORIENTED_EDGE('',*,*,#870,.F.);
#228=ORIENTED_EDGE('',*,*,#879,.T.);
#229=ORIENTED_EDGE('',*,*,#876,.F.);
#230=ORIENTED_EDGE('',*,*,#880,.F.);
#231=ORIENTED_EDGE('',*,*,#874,.F.);
#232=ORIENTED_EDGE('',*,*,#881,.T.);
#233=ORIENTED_EDGE('',*,*,#867,.F.);
#234=ORIENTED_EDGE('',*,*,#882,.F.);
#235=ORIENTED_EDGE('',*,*,#883,.F.);
#236=ORIENTED_EDGE('',*,*,#884,.F.);
#237=ORIENTED_EDGE('',*,*,#885,.F.);
#238=ORIENTED_EDGE('',*,*,#886,.T.);
#239=ORIENTED_EDGE('',*,*,#872,.F.);
#240=ORIENTED_EDGE('',*,*,#887,.F.);
#241=ORIENTED_EDGE('',*,*,#869,.F.);
#242=ORIENTED_EDGE('',*,*,#888,.T.);
#243=ORIENTED_EDGE('',*,*,#889,.F.);
#244=ORIENTED_EDGE('',*,*,#890,.F.);
#245=ORIENTED_EDGE('',*,*,#891,.F.);
#246=ORIENTED_EDGE('',*,*,#892,.F.);
#247=ORIENTED_EDGE('',*,*,#890,.T.);
#248=ORIENTED_EDGE('',*,*,#893,.F.);
#249=ORIENTED_EDGE('',*,*,#884,.T.);
#250=ORIENTED_EDGE('',*,*,#894,.T.);
#251=ORIENTED_EDGE('',*,*,#895,.T.);
#252=ORIENTED_EDGE('',*,*,#896,.T.);
#253=ORIENTED_EDGE('',*,*,#897,.T.);
#254=ORIENTED_EDGE('',*,*,#898,.T.);
#255=ORIENTED_EDGE('',*,*,#899,.T.);
#256=ORIENTED_EDGE('',*,*,#900,.T.);
#257=ORIENTED_EDGE('',*,*,#901,.T.);
#258=ORIENTED_EDGE('',*,*,#902,.F.);
#259=ORIENTED_EDGE('',*,*,#903,.T.);
#260=ORIENTED_EDGE('',*,*,#904,.F.);
#261=ORIENTED_EDGE('',*,*,#905,.F.);
#262=ORIENTED_EDGE('',*,*,#906,.F.);
#263=ORIENTED_EDGE('',*,*,#907,.T.);
#264=ORIENTED_EDGE('',*,*,#908,.F.);
#265=ORIENTED_EDGE('',*,*,#909,.T.);
#266=ORIENTED_EDGE('',*,*,#910,.F.);
#267=ORIENTED_EDGE('',*,*,#911,.T.);
#268=ORIENTED_EDGE('',*,*,#912,.F.);
#269=ORIENTED_EDGE('',*,*,#913,.F.);
#270=ORIENTED_EDGE('',*,*,#914,.F.);
#271=ORIENTED_EDGE('',*,*,#915,.T.);
#272=ORIENTED_EDGE('',*,*,#916,.F.);
#273=ORIENTED_EDGE('',*,*,#917,.T.);
#274=ORIENTED_EDGE('',*,*,#918,.F.);
#275=ORIENTED_EDGE('',*,*,#919,.T.);
#276=ORIENTED_EDGE('',*,*,#920,.F.);
#277=ORIENTED_EDGE('',*,*,#921,.F.);
#278=ORIENTED_EDGE('',*,*,#922,.F.);
#279=ORIENTED_EDGE('',*,*,#923,.T.);
#280=ORIENTED_EDGE('',*,*,#924,.F.);
#281=ORIENTED_EDGE('',*,*,#925,.T.);
#282=ORIENTED_EDGE('',*,*,#926,.F.);
#283=ORIENTED_EDGE('',*,*,#927,.T.);
#284=ORIENTED_EDGE('',*,*,#928,.F.);
#285=ORIENTED_EDGE('',*,*,#929,.F.);
#286=ORIENTED_EDGE('',*,*,#930,.F.);
#287=ORIENTED_EDGE('',*,*,#931,.T.);
#288=ORIENTED_EDGE('',*,*,#932,.F.);
#289=ORIENTED_EDGE('',*,*,#933,.T.);
#290=ORIENTED_EDGE('',*,*,#934,.F.);
#291=ORIENTED_EDGE('',*,*,#935,.T.);
#292=ORIENTED_EDGE('',*,*,#936,.F.);
#293=ORIENTED_EDGE('',*,*,#937,.F.);
#294=ORIENTED_EDGE('',*,*,#938,.F.);
#295=ORIENTED_EDGE('',*,*,#939,.T.);
#296=ORIENTED_EDGE('',*,*,#940,.F.);
#297=ORIENTED_EDGE('',*,*,#941,.T.);
#298=ORIENTED_EDGE('',*,*,#942,.F.);
#299=ORIENTED_EDGE('',*,*,#943,.T.);
#300=ORIENTED_EDGE('',*,*,#944,.F.);
#301=ORIENTED_EDGE('',*,*,#945,.F.);
#302=ORIENTED_EDGE('',*,*,#946,.F.);
#303=ORIENTED_EDGE('',*,*,#947,.T.);
#304=ORIENTED_EDGE('',*,*,#948,.F.);
#305=ORIENTED_EDGE('',*,*,#949,.T.);
#306=ORIENTED_EDGE('',*,*,#950,.F.);
#307=ORIENTED_EDGE('',*,*,#951,.T.);
#308=ORIENTED_EDGE('',*,*,#888,.F.);
#309=ORIENTED_EDGE('',*,*,#868,.F.);
#310=ORIENTED_EDGE('',*,*,#881,.F.);
#311=ORIENTED_EDGE('',*,*,#877,.T.);
#312=ORIENTED_EDGE('',*,*,#879,.F.);
#313=ORIENTED_EDGE('',*,*,#873,.T.);
#314=ORIENTED_EDGE('',*,*,#886,.F.);
#315=ORIENTED_EDGE('',*,*,#952,.T.);
#316=ORIENTED_EDGE('',*,*,#953,.T.);
#317=ORIENTED_EDGE('',*,*,#954,.T.);
#318=ORIENTED_EDGE('',*,*,#955,.T.);
#319=ORIENTED_EDGE('',*,*,#956,.T.);
#320=ORIENTED_EDGE('',*,*,#957,.F.);
#321=ORIENTED_EDGE('',*,*,#958,.F.);
#322=ORIENTED_EDGE('',*,*,#959,.F.);
#323=ORIENTED_EDGE('',*,*,#960,.T.);
#324=ORIENTED_EDGE('',*,*,#961,.F.);
#325=ORIENTED_EDGE('',*,*,#962,.T.);
#326=ORIENTED_EDGE('',*,*,#963,.T.);
#327=ORIENTED_EDGE('',*,*,#964,.T.);
#328=ORIENTED_EDGE('',*,*,#965,.T.);
#329=ORIENTED_EDGE('',*,*,#966,.T.);
#330=ORIENTED_EDGE('',*,*,#967,.T.);
#331=ORIENTED_EDGE('',*,*,#968,.T.);
#332=ORIENTED_EDGE('',*,*,#969,.T.);
#333=ORIENTED_EDGE('',*,*,#970,.T.);
#334=ORIENTED_EDGE('',*,*,#954,.F.);
#335=ORIENTED_EDGE('',*,*,#971,.T.);
#336=ORIENTED_EDGE('',*,*,#972,.T.);
#337=ORIENTED_EDGE('',*,*,#973,.T.);
#338=ORIENTED_EDGE('',*,*,#974,.F.);
#339=ORIENTED_EDGE('',*,*,#975,.F.);
#340=ORIENTED_EDGE('',*,*,#976,.F.);
#341=ORIENTED_EDGE('',*,*,#975,.T.);
#342=ORIENTED_EDGE('',*,*,#965,.F.);
#343=ORIENTED_EDGE('',*,*,#977,.F.);
#344=ORIENTED_EDGE('',*,*,#973,.F.);
#345=ORIENTED_EDGE('',*,*,#976,.T.);
#346=ORIENTED_EDGE('',*,*,#972,.F.);
#347=ORIENTED_EDGE('',*,*,#978,.F.);
#348=ORIENTED_EDGE('',*,*,#895,.F.);
#349=ORIENTED_EDGE('',*,*,#974,.T.);
#350=ORIENTED_EDGE('',*,*,#894,.F.);
#351=ORIENTED_EDGE('',*,*,#979,.F.);
#352=ORIENTED_EDGE('',*,*,#966,.F.);
#353=ORIENTED_EDGE('',*,*,#980,.F.);
#354=ORIENTED_EDGE('',*,*,#963,.F.);
#355=ORIENTED_EDGE('',*,*,#981,.F.);
#356=ORIENTED_EDGE('',*,*,#969,.F.);
#357=ORIENTED_EDGE('',*,*,#977,.T.);
#358=ORIENTED_EDGE('',*,*,#964,.F.);
#359=ORIENTED_EDGE('',*,*,#982,.F.);
#360=ORIENTED_EDGE('',*,*,#955,.F.);
#361=ORIENTED_EDGE('',*,*,#983,.F.);
#362=ORIENTED_EDGE('',*,*,#978,.T.);
#363=ORIENTED_EDGE('',*,*,#984,.F.);
#364=ORIENTED_EDGE('',*,*,#981,.T.);
#365=ORIENTED_EDGE('',*,*,#979,.T.);
#366=ORIENTED_EDGE('',*,*,#985,.F.);
#367=ORIENTED_EDGE('',*,*,#982,.T.);
#368=ORIENTED_EDGE('',*,*,#980,.T.);
#369=ORIENTED_EDGE('',*,*,#986,.F.);
#370=ORIENTED_EDGE('',*,*,#984,.T.);
#371=ORIENTED_EDGE('',*,*,#971,.F.);
#372=ORIENTED_EDGE('',*,*,#987,.F.);
#373=ORIENTED_EDGE('',*,*,#898,.F.);
#374=ORIENTED_EDGE('',*,*,#983,.T.);
#375=ORIENTED_EDGE('',*,*,#901,.F.);
#376=ORIENTED_EDGE('',*,*,#988,.F.);
#377=ORIENTED_EDGE('',*,*,#896,.F.);
#378=ORIENTED_EDGE('',*,*,#985,.T.);
#379=ORIENTED_EDGE('',*,*,#897,.F.);
#380=ORIENTED_EDGE('',*,*,#989,.F.);
#381=ORIENTED_EDGE('',*,*,#970,.F.);
#382=ORIENTED_EDGE('',*,*,#903,.F.);
#383=ORIENTED_EDGE('',*,*,#990,.T.);
#384=ORIENTED_EDGE('',*,*,#991,.T.);
#385=ORIENTED_EDGE('',*,*,#992,.T.);
#386=ORIENTED_EDGE('',*,*,#956,.F.);
#387=ORIENTED_EDGE('',*,*,#986,.T.);
#388=ORIENTED_EDGE('',*,*,#968,.F.);
#389=ORIENTED_EDGE('',*,*,#993,.F.);
#390=ORIENTED_EDGE('',*,*,#952,.F.);
#391=ORIENTED_EDGE('',*,*,#885,.T.);
#392=ORIENTED_EDGE('',*,*,#893,.T.);
#393=ORIENTED_EDGE('',*,*,#889,.T.);
#394=ORIENTED_EDGE('',*,*,#951,.F.);
#395=ORIENTED_EDGE('',*,*,#994,.T.);
#396=ORIENTED_EDGE('',*,*,#995,.T.);
#397=ORIENTED_EDGE('',*,*,#996,.T.);
#398=ORIENTED_EDGE('',*,*,#943,.F.);
#399=ORIENTED_EDGE('',*,*,#997,.T.);
#400=ORIENTED_EDGE('',*,*,#998,.T.);
#401=ORIENTED_EDGE('',*,*,#999,.T.);
#402=ORIENTED_EDGE('',*,*,#935,.F.);
#403=ORIENTED_EDGE('',*,*,#1000,.T.);
#404=ORIENTED_EDGE('',*,*,#1001,.T.);
#405=ORIENTED_EDGE('',*,*,#1002,.T.);
#406=ORIENTED_EDGE('',*,*,#927,.F.);
#407=ORIENTED_EDGE('',*,*,#1003,.T.);
#408=ORIENTED_EDGE('',*,*,#1004,.T.);
#409=ORIENTED_EDGE('',*,*,#1005,.T.);
#410=ORIENTED_EDGE('',*,*,#919,.F.);
#411=ORIENTED_EDGE('',*,*,#1006,.T.);
#412=ORIENTED_EDGE('',*,*,#1007,.T.);
#413=ORIENTED_EDGE('',*,*,#1008,.T.);
#414=ORIENTED_EDGE('',*,*,#911,.F.);
#415=ORIENTED_EDGE('',*,*,#1009,.T.);
#416=ORIENTED_EDGE('',*,*,#1010,.T.);
#417=ORIENTED_EDGE('',*,*,#1011,.T.);
#418=ORIENTED_EDGE('',*,*,#987,.T.);
#419=ORIENTED_EDGE('',*,*,#953,.F.);
#420=ORIENTED_EDGE('',*,*,#1012,.F.);
#421=ORIENTED_EDGE('',*,*,#899,.F.);
#422=ORIENTED_EDGE('',*,*,#989,.T.);
#423=ORIENTED_EDGE('',*,*,#988,.T.);
#424=ORIENTED_EDGE('',*,*,#1013,.F.);
#425=ORIENTED_EDGE('',*,*,#1012,.T.);
#426=ORIENTED_EDGE('',*,*,#993,.T.);
#427=ORIENTED_EDGE('',*,*,#1014,.F.);
#428=ORIENTED_EDGE('',*,*,#1013,.T.);
#429=ORIENTED_EDGE('',*,*,#900,.F.);
#430=ORIENTED_EDGE('',*,*,#1014,.T.);
#431=ORIENTED_EDGE('',*,*,#967,.F.);
#432=ORIENTED_EDGE('',*,*,#1015,.T.);
#433=ORIENTED_EDGE('',*,*,#1016,.T.);
#434=ORIENTED_EDGE('',*,*,#1017,.F.);
#435=ORIENTED_EDGE('',*,*,#1018,.T.);
#436=ORIENTED_EDGE('',*,*,#1019,.F.);
#437=ORIENTED_EDGE('',*,*,#1020,.T.);
#438=ORIENTED_EDGE('',*,*,#1021,.T.);
#439=ORIENTED_EDGE('',*,*,#1022,.T.);
#440=ORIENTED_EDGE('',*,*,#1023,.T.);
#441=ORIENTED_EDGE('',*,*,#1024,.T.);
#442=ORIENTED_EDGE('',*,*,#1025,.F.);
#443=ORIENTED_EDGE('',*,*,#1026,.T.);
#444=ORIENTED_EDGE('',*,*,#1027,.T.);
#445=ORIENTED_EDGE('',*,*,#882,.T.);
#446=ORIENTED_EDGE('',*,*,#871,.F.);
#447=ORIENTED_EDGE('',*,*,#878,.T.);
#448=ORIENTED_EDGE('',*,*,#875,.F.);
#449=ORIENTED_EDGE('',*,*,#880,.T.);
#450=ORIENTED_EDGE('',*,*,#866,.T.);
#451=ORIENTED_EDGE('',*,*,#887,.T.);
#452=ORIENTED_EDGE('',*,*,#1028,.T.);
#453=ORIENTED_EDGE('',*,*,#1029,.T.);
#454=ORIENTED_EDGE('',*,*,#1030,.F.);
#455=ORIENTED_EDGE('',*,*,#1031,.T.);
#456=ORIENTED_EDGE('',*,*,#1032,.F.);
#457=ORIENTED_EDGE('',*,*,#1033,.T.);
#458=ORIENTED_EDGE('',*,*,#1034,.T.);
#459=ORIENTED_EDGE('',*,*,#1035,.T.);
#460=ORIENTED_EDGE('',*,*,#1036,.T.);
#461=ORIENTED_EDGE('',*,*,#1037,.T.);
#462=ORIENTED_EDGE('',*,*,#1038,.F.);
#463=ORIENTED_EDGE('',*,*,#1039,.T.);
#464=ORIENTED_EDGE('',*,*,#1040,.F.);
#465=ORIENTED_EDGE('',*,*,#1041,.T.);
#466=ORIENTED_EDGE('',*,*,#1042,.T.);
#467=ORIENTED_EDGE('',*,*,#1043,.T.);
#468=ORIENTED_EDGE('',*,*,#1044,.T.);
#469=ORIENTED_EDGE('',*,*,#1045,.T.);
#470=ORIENTED_EDGE('',*,*,#1046,.F.);
#471=ORIENTED_EDGE('',*,*,#1047,.T.);
#472=ORIENTED_EDGE('',*,*,#1048,.F.);
#473=ORIENTED_EDGE('',*,*,#1049,.T.);
#474=ORIENTED_EDGE('',*,*,#1050,.T.);
#475=ORIENTED_EDGE('',*,*,#1051,.T.);
#476=ORIENTED_EDGE('',*,*,#1052,.T.);
#477=ORIENTED_EDGE('',*,*,#1053,.T.);
#478=ORIENTED_EDGE('',*,*,#1054,.F.);
#479=ORIENTED_EDGE('',*,*,#1055,.T.);
#480=ORIENTED_EDGE('',*,*,#1056,.F.);
#481=ORIENTED_EDGE('',*,*,#1057,.T.);
#482=ORIENTED_EDGE('',*,*,#1058,.T.);
#483=ORIENTED_EDGE('',*,*,#1059,.T.);
#484=ORIENTED_EDGE('',*,*,#1060,.T.);
#485=ORIENTED_EDGE('',*,*,#1061,.T.);
#486=ORIENTED_EDGE('',*,*,#1062,.F.);
#487=ORIENTED_EDGE('',*,*,#1063,.T.);
#488=ORIENTED_EDGE('',*,*,#1064,.F.);
#489=ORIENTED_EDGE('',*,*,#1065,.T.);
#490=ORIENTED_EDGE('',*,*,#1066,.T.);
#491=ORIENTED_EDGE('',*,*,#1067,.T.);
#492=ORIENTED_EDGE('',*,*,#1068,.T.);
#493=ORIENTED_EDGE('',*,*,#1069,.T.);
#494=ORIENTED_EDGE('',*,*,#1070,.F.);
#495=ORIENTED_EDGE('',*,*,#1071,.T.);
#496=ORIENTED_EDGE('',*,*,#1072,.F.);
#497=ORIENTED_EDGE('',*,*,#1073,.T.);
#498=ORIENTED_EDGE('',*,*,#1074,.T.);
#499=ORIENTED_EDGE('',*,*,#1075,.T.);
#500=ORIENTED_EDGE('',*,*,#1076,.T.);
#501=ORIENTED_EDGE('',*,*,#1077,.T.);
#502=ORIENTED_EDGE('',*,*,#1078,.T.);
#503=ORIENTED_EDGE('',*,*,#1079,.T.);
#504=ORIENTED_EDGE('',*,*,#1080,.T.);
#505=ORIENTED_EDGE('',*,*,#1081,.T.);
#506=ORIENTED_EDGE('',*,*,#1082,.T.);
#507=ORIENTED_EDGE('',*,*,#1083,.T.);
#508=ORIENTED_EDGE('',*,*,#1084,.T.);
#509=ORIENTED_EDGE('',*,*,#1085,.T.);
#510=ORIENTED_EDGE('',*,*,#1086,.T.);
#511=ORIENTED_EDGE('',*,*,#1087,.T.);
#512=ORIENTED_EDGE('',*,*,#1088,.T.);
#513=ORIENTED_EDGE('',*,*,#1089,.T.);
#514=ORIENTED_EDGE('',*,*,#1090,.T.);
#515=ORIENTED_EDGE('',*,*,#1091,.T.);
#516=ORIENTED_EDGE('',*,*,#1092,.T.);
#517=ORIENTED_EDGE('',*,*,#1093,.T.);
#518=ORIENTED_EDGE('',*,*,#1025,.T.);
#519=ORIENTED_EDGE('',*,*,#1094,.T.);
#520=ORIENTED_EDGE('',*,*,#1095,.F.);
#521=ORIENTED_EDGE('',*,*,#1094,.F.);
#522=ORIENTED_EDGE('',*,*,#1096,.F.);
#523=ORIENTED_EDGE('',*,*,#1086,.F.);
#524=ORIENTED_EDGE('',*,*,#1097,.F.);
#525=ORIENTED_EDGE('',*,*,#1095,.T.);
#526=ORIENTED_EDGE('',*,*,#1098,.F.);
#527=ORIENTED_EDGE('',*,*,#1096,.T.);
#528=ORIENTED_EDGE('',*,*,#1024,.F.);
#529=ORIENTED_EDGE('',*,*,#1099,.F.);
#530=ORIENTED_EDGE('',*,*,#1087,.F.);
#531=ORIENTED_EDGE('',*,*,#1100,.F.);
#532=ORIENTED_EDGE('',*,*,#1084,.F.);
#533=ORIENTED_EDGE('',*,*,#1101,.F.);
#534=ORIENTED_EDGE('',*,*,#1088,.F.);
#535=ORIENTED_EDGE('',*,*,#1098,.T.);
#536=ORIENTED_EDGE('',*,*,#1085,.F.);
#537=ORIENTED_EDGE('',*,*,#1102,.F.);
#538=ORIENTED_EDGE('',*,*,#1082,.F.);
#539=ORIENTED_EDGE('',*,*,#1097,.T.);
#540=ORIENTED_EDGE('',*,*,#1081,.F.);
#541=ORIENTED_EDGE('',*,*,#1103,.F.);
#542=ORIENTED_EDGE('',*,*,#1092,.F.);
#543=ORIENTED_EDGE('',*,*,#1104,.F.);
#544=ORIENTED_EDGE('',*,*,#1093,.F.);
#545=ORIENTED_EDGE('',*,*,#1105,.F.);
#546=ORIENTED_EDGE('',*,*,#1076,.F.);
#547=ORIENTED_EDGE('',*,*,#1101,.T.);
#548=ORIENTED_EDGE('',*,*,#1099,.T.);
#549=ORIENTED_EDGE('',*,*,#1106,.F.);
#550=ORIENTED_EDGE('',*,*,#1102,.T.);
#551=ORIENTED_EDGE('',*,*,#1100,.T.);
#552=ORIENTED_EDGE('',*,*,#1107,.F.);
#553=ORIENTED_EDGE('',*,*,#1105,.T.);
#554=ORIENTED_EDGE('',*,*,#1103,.T.);
#555=ORIENTED_EDGE('',*,*,#1108,.F.);
#556=ORIENTED_EDGE('',*,*,#1104,.T.);
#557=ORIENTED_EDGE('',*,*,#1079,.F.);
#558=ORIENTED_EDGE('',*,*,#1109,.F.);
#559=ORIENTED_EDGE('',*,*,#1026,.F.);
#560=ORIENTED_EDGE('',*,*,#1110,.T.);
#561=ORIENTED_EDGE('',*,*,#1111,.T.);
#562=ORIENTED_EDGE('',*,*,#1015,.F.);
#563=ORIENTED_EDGE('',*,*,#1112,.T.);
#564=ORIENTED_EDGE('',*,*,#1113,.T.);
#565=ORIENTED_EDGE('',*,*,#1114,.T.);
#566=ORIENTED_EDGE('',*,*,#1068,.F.);
#567=ORIENTED_EDGE('',*,*,#1115,.T.);
#568=ORIENTED_EDGE('',*,*,#1116,.T.);
#569=ORIENTED_EDGE('',*,*,#1117,.T.);
#570=ORIENTED_EDGE('',*,*,#1060,.F.);
#571=ORIENTED_EDGE('',*,*,#1118,.T.);
#572=ORIENTED_EDGE('',*,*,#1119,.T.);
#573=ORIENTED_EDGE('',*,*,#1120,.T.);
#574=ORIENTED_EDGE('',*,*,#1052,.F.);
#575=ORIENTED_EDGE('',*,*,#1121,.T.);
#576=ORIENTED_EDGE('',*,*,#1122,.T.);
#577=ORIENTED_EDGE('',*,*,#1123,.T.);
#578=ORIENTED_EDGE('',*,*,#1044,.F.);
#579=ORIENTED_EDGE('',*,*,#1124,.T.);
#580=ORIENTED_EDGE('',*,*,#1125,.T.);
#581=ORIENTED_EDGE('',*,*,#1126,.T.);
#582=ORIENTED_EDGE('',*,*,#1036,.F.);
#583=ORIENTED_EDGE('',*,*,#1127,.T.);
#584=ORIENTED_EDGE('',*,*,#1128,.T.);
#585=ORIENTED_EDGE('',*,*,#1129,.T.);
#586=ORIENTED_EDGE('',*,*,#1028,.F.);
#587=ORIENTED_EDGE('',*,*,#891,.T.);
#588=ORIENTED_EDGE('',*,*,#892,.T.);
#589=ORIENTED_EDGE('',*,*,#883,.T.);
#590=ORIENTED_EDGE('',*,*,#1027,.F.);
#591=ORIENTED_EDGE('',*,*,#1130,.F.);
#592=ORIENTED_EDGE('',*,*,#1089,.F.);
#593=ORIENTED_EDGE('',*,*,#1106,.T.);
#594=ORIENTED_EDGE('',*,*,#1023,.F.);
#595=ORIENTED_EDGE('',*,*,#1131,.T.);
#596=ORIENTED_EDGE('',*,*,#1107,.T.);
#597=ORIENTED_EDGE('',*,*,#1091,.F.);
#598=ORIENTED_EDGE('',*,*,#1132,.F.);
#599=ORIENTED_EDGE('',*,*,#1083,.F.);
#600=ORIENTED_EDGE('',*,*,#1108,.T.);
#601=ORIENTED_EDGE('',*,*,#1080,.F.);
#602=ORIENTED_EDGE('',*,*,#1133,.F.);
#603=ORIENTED_EDGE('',*,*,#1077,.F.);
#604=ORIENTED_EDGE('',*,*,#1130,.T.);
#605=ORIENTED_EDGE('',*,*,#1109,.T.);
#606=ORIENTED_EDGE('',*,*,#1134,.F.);
#607=ORIENTED_EDGE('',*,*,#1133,.T.);
#608=ORIENTED_EDGE('',*,*,#1132,.T.);
#609=ORIENTED_EDGE('',*,*,#1135,.F.);
#610=ORIENTED_EDGE('',*,*,#1134,.T.);
#611=ORIENTED_EDGE('',*,*,#1078,.F.);
#612=ORIENTED_EDGE('',*,*,#1135,.T.);
#613=ORIENTED_EDGE('',*,*,#1090,.F.);
#614=ORIENTED_EDGE('',*,*,#1136,.T.);
#615=ORIENTED_EDGE('',*,*,#945,.T.);
#616=ORIENTED_EDGE('',*,*,#1137,.T.);
#617=ORIENTED_EDGE('',*,*,#1034,.F.);
#618=ORIENTED_EDGE('',*,*,#949,.F.);
#619=ORIENTED_EDGE('',*,*,#1138,.T.);
#620=ORIENTED_EDGE('',*,*,#1030,.T.);
#621=ORIENTED_EDGE('',*,*,#1139,.T.);
#622=ORIENTED_EDGE('',*,*,#947,.F.);
#623=ORIENTED_EDGE('',*,*,#1140,.T.);
#624=ORIENTED_EDGE('',*,*,#1032,.T.);
#625=ORIENTED_EDGE('',*,*,#1141,.T.);
#626=ORIENTED_EDGE('',*,*,#1140,.F.);
#627=ORIENTED_EDGE('',*,*,#946,.T.);
#628=ORIENTED_EDGE('',*,*,#1136,.F.);
#629=ORIENTED_EDGE('',*,*,#1033,.F.);
#630=ORIENTED_EDGE('',*,*,#1138,.F.);
#631=ORIENTED_EDGE('',*,*,#948,.T.);
#632=ORIENTED_EDGE('',*,*,#1141,.F.);
#633=ORIENTED_EDGE('',*,*,#1031,.F.);
#634=ORIENTED_EDGE('',*,*,#994,.F.);
#635=ORIENTED_EDGE('',*,*,#950,.T.);
#636=ORIENTED_EDGE('',*,*,#1139,.F.);
#637=ORIENTED_EDGE('',*,*,#1029,.F.);
#638=ORIENTED_EDGE('',*,*,#1129,.F.);
#639=ORIENTED_EDGE('',*,*,#1142,.F.);
#640=ORIENTED_EDGE('',*,*,#1137,.F.);
#641=ORIENTED_EDGE('',*,*,#944,.T.);
#642=ORIENTED_EDGE('',*,*,#996,.F.);
#643=ORIENTED_EDGE('',*,*,#1143,.F.);
#644=ORIENTED_EDGE('',*,*,#1127,.F.);
#645=ORIENTED_EDGE('',*,*,#1035,.F.);
#646=ORIENTED_EDGE('',*,*,#995,.F.);
#647=ORIENTED_EDGE('',*,*,#1142,.T.);
#648=ORIENTED_EDGE('',*,*,#1128,.F.);
#649=ORIENTED_EDGE('',*,*,#1143,.T.);
#650=ORIENTED_EDGE('',*,*,#1144,.T.);
#651=ORIENTED_EDGE('',*,*,#937,.T.);
#652=ORIENTED_EDGE('',*,*,#1145,.T.);
#653=ORIENTED_EDGE('',*,*,#1042,.F.);
#654=ORIENTED_EDGE('',*,*,#941,.F.);
#655=ORIENTED_EDGE('',*,*,#1146,.T.);
#656=ORIENTED_EDGE('',*,*,#1038,.T.);
#657=ORIENTED_EDGE('',*,*,#1147,.T.);
#658=ORIENTED_EDGE('',*,*,#939,.F.);
#659=ORIENTED_EDGE('',*,*,#1148,.T.);
#660=ORIENTED_EDGE('',*,*,#1040,.T.);
#661=ORIENTED_EDGE('',*,*,#1149,.T.);
#662=ORIENTED_EDGE('',*,*,#1148,.F.);
#663=ORIENTED_EDGE('',*,*,#938,.T.);
#664=ORIENTED_EDGE('',*,*,#1144,.F.);
#665=ORIENTED_EDGE('',*,*,#1041,.F.);
#666=ORIENTED_EDGE('',*,*,#1146,.F.);
#667=ORIENTED_EDGE('',*,*,#940,.T.);
#668=ORIENTED_EDGE('',*,*,#1149,.F.);
#669=ORIENTED_EDGE('',*,*,#1039,.F.);
#670=ORIENTED_EDGE('',*,*,#997,.F.);
#671=ORIENTED_EDGE('',*,*,#942,.T.);
#672=ORIENTED_EDGE('',*,*,#1147,.F.);
#673=ORIENTED_EDGE('',*,*,#1037,.F.);
#674=ORIENTED_EDGE('',*,*,#1126,.F.);
#675=ORIENTED_EDGE('',*,*,#1150,.F.);
#676=ORIENTED_EDGE('',*,*,#1145,.F.);
#677=ORIENTED_EDGE('',*,*,#936,.T.);
#678=ORIENTED_EDGE('',*,*,#999,.F.);
#679=ORIENTED_EDGE('',*,*,#1151,.F.);
#680=ORIENTED_EDGE('',*,*,#1124,.F.);
#681=ORIENTED_EDGE('',*,*,#1043,.F.);
#682=ORIENTED_EDGE('',*,*,#998,.F.);
#683=ORIENTED_EDGE('',*,*,#1150,.T.);
#684=ORIENTED_EDGE('',*,*,#1125,.F.);
#685=ORIENTED_EDGE('',*,*,#1151,.T.);
#686=ORIENTED_EDGE('',*,*,#1152,.T.);
#687=ORIENTED_EDGE('',*,*,#929,.T.);
#688=ORIENTED_EDGE('',*,*,#1153,.T.);
#689=ORIENTED_EDGE('',*,*,#1050,.F.);
#690=ORIENTED_EDGE('',*,*,#933,.F.);
#691=ORIENTED_EDGE('',*,*,#1154,.T.);
#692=ORIENTED_EDGE('',*,*,#1046,.T.);
#693=ORIENTED_EDGE('',*,*,#1155,.T.);
#694=ORIENTED_EDGE('',*,*,#931,.F.);
#695=ORIENTED_EDGE('',*,*,#1156,.T.);
#696=ORIENTED_EDGE('',*,*,#1048,.T.);
#697=ORIENTED_EDGE('',*,*,#1157,.T.);
#698=ORIENTED_EDGE('',*,*,#1156,.F.);
#699=ORIENTED_EDGE('',*,*,#930,.T.);
#700=ORIENTED_EDGE('',*,*,#1152,.F.);
#701=ORIENTED_EDGE('',*,*,#1049,.F.);
#702=ORIENTED_EDGE('',*,*,#1154,.F.);
#703=ORIENTED_EDGE('',*,*,#932,.T.);
#704=ORIENTED_EDGE('',*,*,#1157,.F.);
#705=ORIENTED_EDGE('',*,*,#1047,.F.);
#706=ORIENTED_EDGE('',*,*,#1000,.F.);
#707=ORIENTED_EDGE('',*,*,#934,.T.);
#708=ORIENTED_EDGE('',*,*,#1155,.F.);
#709=ORIENTED_EDGE('',*,*,#1045,.F.);
#710=ORIENTED_EDGE('',*,*,#1123,.F.);
#711=ORIENTED_EDGE('',*,*,#1158,.F.);
#712=ORIENTED_EDGE('',*,*,#1153,.F.);
#713=ORIENTED_EDGE('',*,*,#928,.T.);
#714=ORIENTED_EDGE('',*,*,#1002,.F.);
#715=ORIENTED_EDGE('',*,*,#1159,.F.);
#716=ORIENTED_EDGE('',*,*,#1121,.F.);
#717=ORIENTED_EDGE('',*,*,#1051,.F.);
#718=ORIENTED_EDGE('',*,*,#1001,.F.);
#719=ORIENTED_EDGE('',*,*,#1158,.T.);
#720=ORIENTED_EDGE('',*,*,#1122,.F.);
#721=ORIENTED_EDGE('',*,*,#1159,.T.);
#722=ORIENTED_EDGE('',*,*,#1160,.T.);
#723=ORIENTED_EDGE('',*,*,#921,.T.);
#724=ORIENTED_EDGE('',*,*,#1161,.T.);
#725=ORIENTED_EDGE('',*,*,#1058,.F.);
#726=ORIENTED_EDGE('',*,*,#925,.F.);
#727=ORIENTED_EDGE('',*,*,#1162,.T.);
#728=ORIENTED_EDGE('',*,*,#1054,.T.);
#729=ORIENTED_EDGE('',*,*,#1163,.T.);
#730=ORIENTED_EDGE('',*,*,#923,.F.);
#731=ORIENTED_EDGE('',*,*,#1164,.T.);
#732=ORIENTED_EDGE('',*,*,#1056,.T.);
#733=ORIENTED_EDGE('',*,*,#1165,.T.);
#734=ORIENTED_EDGE('',*,*,#1164,.F.);
#735=ORIENTED_EDGE('',*,*,#922,.T.);
#736=ORIENTED_EDGE('',*,*,#1160,.F.);
#737=ORIENTED_EDGE('',*,*,#1057,.F.);
#738=ORIENTED_EDGE('',*,*,#1162,.F.);
#739=ORIENTED_EDGE('',*,*,#924,.T.);
#740=ORIENTED_EDGE('',*,*,#1165,.F.);
#741=ORIENTED_EDGE('',*,*,#1055,.F.);
#742=ORIENTED_EDGE('',*,*,#1003,.F.);
#743=ORIENTED_EDGE('',*,*,#926,.T.);
#744=ORIENTED_EDGE('',*,*,#1163,.F.);
#745=ORIENTED_EDGE('',*,*,#1053,.F.);
#746=ORIENTED_EDGE('',*,*,#1120,.F.);
#747=ORIENTED_EDGE('',*,*,#1166,.F.);
#748=ORIENTED_EDGE('',*,*,#1161,.F.);
#749=ORIENTED_EDGE('',*,*,#920,.T.);
#750=ORIENTED_EDGE('',*,*,#1005,.F.);
#751=ORIENTED_EDGE('',*,*,#1167,.F.);
#752=ORIENTED_EDGE('',*,*,#1118,.F.);
#753=ORIENTED_EDGE('',*,*,#1059,.F.);
#754=ORIENTED_EDGE('',*,*,#1004,.F.);
#755=ORIENTED_EDGE('',*,*,#1166,.T.);
#756=ORIENTED_EDGE('',*,*,#1119,.F.);
#757=ORIENTED_EDGE('',*,*,#1167,.T.);
#758=ORIENTED_EDGE('',*,*,#1168,.T.);
#759=ORIENTED_EDGE('',*,*,#913,.T.);
#760=ORIENTED_EDGE('',*,*,#1169,.T.);
#761=ORIENTED_EDGE('',*,*,#1066,.F.);
#762=ORIENTED_EDGE('',*,*,#917,.F.);
#763=ORIENTED_EDGE('',*,*,#1170,.T.);
#764=ORIENTED_EDGE('',*,*,#1062,.T.);
#765=ORIENTED_EDGE('',*,*,#1171,.T.);
#766=ORIENTED_EDGE('',*,*,#915,.F.);
#767=ORIENTED_EDGE('',*,*,#1172,.T.);
#768=ORIENTED_EDGE('',*,*,#1064,.T.);
#769=ORIENTED_EDGE('',*,*,#1173,.T.);
#770=ORIENTED_EDGE('',*,*,#1172,.F.);
#771=ORIENTED_EDGE('',*,*,#914,.T.);
#772=ORIENTED_EDGE('',*,*,#1168,.F.);
#773=ORIENTED_EDGE('',*,*,#1065,.F.);
#774=ORIENTED_EDGE('',*,*,#1170,.F.);
#775=ORIENTED_EDGE('',*,*,#916,.T.);
#776=ORIENTED_EDGE('',*,*,#1173,.F.);
#777=ORIENTED_EDGE('',*,*,#1063,.F.);
#778=ORIENTED_EDGE('',*,*,#1006,.F.);
#779=ORIENTED_EDGE('',*,*,#918,.T.);
#780=ORIENTED_EDGE('',*,*,#1171,.F.);
#781=ORIENTED_EDGE('',*,*,#1061,.F.);
#782=ORIENTED_EDGE('',*,*,#1117,.F.);
#783=ORIENTED_EDGE('',*,*,#1174,.F.);
#784=ORIENTED_EDGE('',*,*,#1169,.F.);
#785=ORIENTED_EDGE('',*,*,#912,.T.);
#786=ORIENTED_EDGE('',*,*,#1008,.F.);
#787=ORIENTED_EDGE('',*,*,#1175,.F.);
#788=ORIENTED_EDGE('',*,*,#1115,.F.);
#789=ORIENTED_EDGE('',*,*,#1067,.F.);
#790=ORIENTED_EDGE('',*,*,#1007,.F.);
#791=ORIENTED_EDGE('',*,*,#1174,.T.);
#792=ORIENTED_EDGE('',*,*,#1116,.F.);
#793=ORIENTED_EDGE('',*,*,#1175,.T.);
#794=ORIENTED_EDGE('',*,*,#1176,.T.);
#795=ORIENTED_EDGE('',*,*,#905,.T.);
#796=ORIENTED_EDGE('',*,*,#1177,.T.);
#797=ORIENTED_EDGE('',*,*,#1074,.F.);
#798=ORIENTED_EDGE('',*,*,#909,.F.);
#799=ORIENTED_EDGE('',*,*,#1178,.T.);
#800=ORIENTED_EDGE('',*,*,#1070,.T.);
#801=ORIENTED_EDGE('',*,*,#1179,.T.);
#802=ORIENTED_EDGE('',*,*,#907,.F.);
#803=ORIENTED_EDGE('',*,*,#1180,.T.);
#804=ORIENTED_EDGE('',*,*,#1072,.T.);
#805=ORIENTED_EDGE('',*,*,#1181,.T.);
#806=ORIENTED_EDGE('',*,*,#1180,.F.);
#807=ORIENTED_EDGE('',*,*,#906,.T.);
#808=ORIENTED_EDGE('',*,*,#1176,.F.);
#809=ORIENTED_EDGE('',*,*,#1073,.F.);
#810=ORIENTED_EDGE('',*,*,#1178,.F.);
#811=ORIENTED_EDGE('',*,*,#908,.T.);
#812=ORIENTED_EDGE('',*,*,#1181,.F.);
#813=ORIENTED_EDGE('',*,*,#1071,.F.);
#814=ORIENTED_EDGE('',*,*,#1177,.F.);
#815=ORIENTED_EDGE('',*,*,#904,.T.);
#816=ORIENTED_EDGE('',*,*,#1011,.F.);
#817=ORIENTED_EDGE('',*,*,#1182,.F.);
#818=ORIENTED_EDGE('',*,*,#1112,.F.);
#819=ORIENTED_EDGE('',*,*,#1075,.F.);
#820=ORIENTED_EDGE('',*,*,#1009,.F.);
#821=ORIENTED_EDGE('',*,*,#910,.T.);
#822=ORIENTED_EDGE('',*,*,#1179,.F.);
#823=ORIENTED_EDGE('',*,*,#1069,.F.);
#824=ORIENTED_EDGE('',*,*,#1114,.F.);
#825=ORIENTED_EDGE('',*,*,#1183,.F.);
#826=ORIENTED_EDGE('',*,*,#1010,.F.);
#827=ORIENTED_EDGE('',*,*,#1183,.T.);
#828=ORIENTED_EDGE('',*,*,#1113,.F.);
#829=ORIENTED_EDGE('',*,*,#1182,.T.);
#830=ORIENTED_EDGE('',*,*,#1184,.T.);
#831=ORIENTED_EDGE('',*,*,#958,.T.);
#832=ORIENTED_EDGE('',*,*,#1185,.T.);
#833=ORIENTED_EDGE('',*,*,#1021,.F.);
#834=ORIENTED_EDGE('',*,*,#962,.F.);
#835=ORIENTED_EDGE('',*,*,#1186,.T.);
#836=ORIENTED_EDGE('',*,*,#1017,.T.);
#837=ORIENTED_EDGE('',*,*,#1187,.T.);
#838=ORIENTED_EDGE('',*,*,#960,.F.);
#839=ORIENTED_EDGE('',*,*,#1188,.T.);
#840=ORIENTED_EDGE('',*,*,#1019,.T.);
#841=ORIENTED_EDGE('',*,*,#1189,.T.);
#842=ORIENTED_EDGE('',*,*,#1188,.F.);
#843=ORIENTED_EDGE('',*,*,#959,.T.);
#844=ORIENTED_EDGE('',*,*,#1184,.F.);
#845=ORIENTED_EDGE('',*,*,#1020,.F.);
#846=ORIENTED_EDGE('',*,*,#1186,.F.);
#847=ORIENTED_EDGE('',*,*,#961,.T.);
#848=ORIENTED_EDGE('',*,*,#1189,.F.);
#849=ORIENTED_EDGE('',*,*,#1018,.F.);
#850=ORIENTED_EDGE('',*,*,#990,.F.);
#851=ORIENTED_EDGE('',*,*,#902,.T.);
#852=ORIENTED_EDGE('',*,*,#1187,.F.);
#853=ORIENTED_EDGE('',*,*,#1016,.F.);
#854=ORIENTED_EDGE('',*,*,#1111,.F.);
#855=ORIENTED_EDGE('',*,*,#1190,.F.);
#856=ORIENTED_EDGE('',*,*,#1185,.F.);
#857=ORIENTED_EDGE('',*,*,#957,.T.);
#858=ORIENTED_EDGE('',*,*,#992,.F.);
#859=ORIENTED_EDGE('',*,*,#1191,.F.);
#860=ORIENTED_EDGE('',*,*,#1131,.F.);
#861=ORIENTED_EDGE('',*,*,#1022,.F.);
#862=ORIENTED_EDGE('',*,*,#991,.F.);
#863=ORIENTED_EDGE('',*,*,#1190,.T.);
#864=ORIENTED_EDGE('',*,*,#1110,.F.);
#865=ORIENTED_EDGE('',*,*,#1191,.T.);
#866=EDGE_CURVE('',#1192,#1193,#1396,.T.);
#867=EDGE_CURVE('',#1192,#1194,#1397,.F.);
#868=EDGE_CURVE('',#1194,#1195,#1398,.T.);
#869=EDGE_CURVE('',#1195,#1193,#1399,.T.);
#870=EDGE_CURVE('',#1196,#1197,#1400,.T.);
#871=EDGE_CURVE('',#1197,#1198,#1401,.T.);
#872=EDGE_CURVE('',#1198,#1199,#1402,.F.);
#873=EDGE_CURVE('',#1196,#1199,#1403,.T.);
#874=EDGE_CURVE('',#1200,#1201,#1404,.T.);
#875=EDGE_CURVE('',#1201,#1202,#1405,.T.);
#876=EDGE_CURVE('',#1202,#1203,#1406,.F.);
#877=EDGE_CURVE('',#1200,#1203,#1407,.T.);
#878=EDGE_CURVE('',#1197,#1202,#60,.F.);
#879=EDGE_CURVE('',#1196,#1203,#61,.F.);
#880=EDGE_CURVE('',#1201,#1192,#62,.F.);
#881=EDGE_CURVE('',#1200,#1194,#63,.F.);
#882=EDGE_CURVE('',#1204,#1198,#64,.F.);
#883=EDGE_CURVE('',#1205,#1204,#28,.T.);
#884=EDGE_CURVE('',#1206,#1205,#1408,.T.);
#885=EDGE_CURVE('',#1207,#1206,#29,.T.);
#886=EDGE_CURVE('',#1207,#1199,#65,.F.);
#887=EDGE_CURVE('',#1193,#1208,#66,.F.);
#888=EDGE_CURVE('',#1195,#1209,#67,.F.);
#889=EDGE_CURVE('',#1210,#1209,#30,.T.);
#890=EDGE_CURVE('',#1211,#1210,#1409,.F.);
#891=EDGE_CURVE('',#1208,#1211,#31,.T.);
#892=EDGE_CURVE('',#1211,#1205,#1410,.F.);
#893=EDGE_CURVE('',#1206,#1210,#1411,.F.);
#894=EDGE_CURVE('',#1212,#1213,#1412,.T.);
#895=EDGE_CURVE('',#1213,#1214,#1413,.F.);
#896=EDGE_CURVE('',#1214,#1215,#1414,.F.);
#897=EDGE_CURVE('',#1215,#1212,#1415,.T.);
#898=EDGE_CURVE('',#1216,#1217,#1416,.T.);
#899=EDGE_CURVE('',#1217,#1218,#1417,.F.);
#900=EDGE_CURVE('',#1218,#1219,#1418,.F.);
#901=EDGE_CURVE('',#1219,#1216,#1419,.T.);
#902=EDGE_CURVE('',#1220,#1221,#68,.F.);
#903=EDGE_CURVE('',#1220,#1222,#1420,.F.);
#904=EDGE_CURVE('',#1223,#1222,#69,.F.);
#905=EDGE_CURVE('',#1224,#1223,#1421,.T.);
#906=EDGE_CURVE('',#1225,#1224,#70,.F.);
#907=EDGE_CURVE('',#1225,#1226,#1422,.T.);
#908=EDGE_CURVE('',#1227,#1226,#71,.F.);
#909=EDGE_CURVE('',#1227,#1228,#1423,.T.);
#910=EDGE_CURVE('',#1229,#1228,#72,.F.);
#911=EDGE_CURVE('',#1229,#1230,#1424,.F.);
#912=EDGE_CURVE('',#1231,#1230,#73,.F.);
#913=EDGE_CURVE('',#1232,#1231,#1425,.T.);
#914=EDGE_CURVE('',#1233,#1232,#74,.F.);
#915=EDGE_CURVE('',#1233,#1234,#1426,.T.);
#916=EDGE_CURVE('',#1235,#1234,#75,.F.);
#917=EDGE_CURVE('',#1235,#1236,#1427,.T.);
#918=EDGE_CURVE('',#1237,#1236,#76,.F.);
#919=EDGE_CURVE('',#1237,#1238,#1428,.F.);
#920=EDGE_CURVE('',#1239,#1238,#77,.F.);
#921=EDGE_CURVE('',#1240,#1239,#1429,.T.);
#922=EDGE_CURVE('',#1241,#1240,#78,.F.);
#923=EDGE_CURVE('',#1241,#1242,#1430,.T.);
#924=EDGE_CURVE('',#1243,#1242,#79,.F.);
#925=EDGE_CURVE('',#1243,#1244,#1431,.T.);
#926=EDGE_CURVE('',#1245,#1244,#80,.F.);
#927=EDGE_CURVE('',#1245,#1246,#1432,.F.);
#928=EDGE_CURVE('',#1247,#1246,#81,.F.);
#929=EDGE_CURVE('',#1248,#1247,#1433,.T.);
#930=EDGE_CURVE('',#1249,#1248,#82,.F.);
#931=EDGE_CURVE('',#1249,#1250,#1434,.T.);
#932=EDGE_CURVE('',#1251,#1250,#83,.F.);
#933=EDGE_CURVE('',#1251,#1252,#1435,.T.);
#934=EDGE_CURVE('',#1253,#1252,#84,.F.);
#935=EDGE_CURVE('',#1253,#1254,#1436,.F.);
#936=EDGE_CURVE('',#1255,#1254,#85,.F.);
#937=EDGE_CURVE('',#1256,#1255,#1437,.T.);
#938=EDGE_CURVE('',#1257,#1256,#86,.F.);
#939=EDGE_CURVE('',#1257,#1258,#1438,.T.);
#940=EDGE_CURVE('',#1259,#1258,#87,.F.);
#941=EDGE_CURVE('',#1259,#1260,#1439,.T.);
#942=EDGE_CURVE('',#1261,#1260,#88,.F.);
#943=EDGE_CURVE('',#1261,#1262,#1440,.F.);
#944=EDGE_CURVE('',#1263,#1262,#89,.F.);
#945=EDGE_CURVE('',#1264,#1263,#1441,.T.);
#946=EDGE_CURVE('',#1265,#1264,#90,.F.);
#947=EDGE_CURVE('',#1265,#1266,#1442,.T.);
#948=EDGE_CURVE('',#1267,#1266,#91,.F.);
#949=EDGE_CURVE('',#1267,#1268,#1443,.T.);
#950=EDGE_CURVE('',#1269,#1268,#92,.F.);
#951=EDGE_CURVE('',#1269,#1209,#1444,.F.);
#952=EDGE_CURVE('',#1207,#1270,#1445,.F.);
#953=EDGE_CURVE('',#1270,#1271,#1446,.T.);
#954=EDGE_CURVE('',#1271,#1272,#1447,.T.);
#955=EDGE_CURVE('',#1272,#1273,#1448,.F.);
#956=EDGE_CURVE('',#1273,#1274,#1449,.F.);
#957=EDGE_CURVE('',#1275,#1274,#93,.F.);
#958=EDGE_CURVE('',#1276,#1275,#1450,.T.);
#959=EDGE_CURVE('',#1277,#1276,#94,.F.);
#960=EDGE_CURVE('',#1277,#1278,#1451,.T.);
#961=EDGE_CURVE('',#1279,#1278,#95,.F.);
#962=EDGE_CURVE('',#1279,#1221,#1452,.T.);
#963=EDGE_CURVE('',#1280,#1281,#1453,.T.);
#964=EDGE_CURVE('',#1281,#1282,#1454,.T.);
#965=EDGE_CURVE('',#1282,#1283,#1455,.F.);
#966=EDGE_CURVE('',#1283,#1280,#1456,.F.);
#967=EDGE_CURVE('',#1284,#1285,#1457,.T.);
#968=EDGE_CURVE('',#1285,#1286,#1458,.T.);
#969=EDGE_CURVE('',#1286,#1287,#1459,.F.);
#970=EDGE_CURVE('',#1287,#1284,#1460,.F.);
#971=EDGE_CURVE('',#1271,#1288,#1461,.F.);
#972=EDGE_CURVE('',#1288,#1289,#1462,.T.);
#973=EDGE_CURVE('',#1289,#1272,#1463,.T.);
#974=EDGE_CURVE('',#1283,#1213,#96,.F.);
#975=EDGE_CURVE('',#1289,#1283,#97,.F.);
#976=EDGE_CURVE('',#1213,#1289,#98,.F.);
#977=EDGE_CURVE('',#1272,#1282,#12,.T.);
#978=EDGE_CURVE('',#1214,#1288,#99,.T.);
#979=EDGE_CURVE('',#1280,#1212,#100,.T.);
#980=EDGE_CURVE('',#1281,#1286,#101,.T.);
#981=EDGE_CURVE('',#1287,#1280,#102,.T.);
#982=EDGE_CURVE('',#1273,#1281,#103,.T.);
#983=EDGE_CURVE('',#1214,#1216,#104,.F.);
#984=EDGE_CURVE('',#1216,#1288,#105,.F.);
#985=EDGE_CURVE('',#1287,#1212,#106,.F.);
#986=EDGE_CURVE('',#1273,#1286,#107,.F.);
#987=EDGE_CURVE('',#1217,#1271,#13,.F.);
#988=EDGE_CURVE('',#1215,#1219,#108,.T.);
#989=EDGE_CURVE('',#1284,#1215,#109,.T.);
#990=EDGE_CURVE('',#1220,#1290,#32,.T.);
#991=EDGE_CURVE('',#1290,#1291,#1464,.F.);
#992=EDGE_CURVE('',#1291,#1274,#33,.T.);
#993=EDGE_CURVE('',#1270,#1285,#110,.T.);
#994=EDGE_CURVE('',#1269,#1292,#34,.T.);
#995=EDGE_CURVE('',#1292,#1293,#1465,.F.);
#996=EDGE_CURVE('',#1293,#1262,#35,.T.);
#997=EDGE_CURVE('',#1261,#1294,#36,.T.);
#998=EDGE_CURVE('',#1294,#1295,#1466,.F.);
#999=EDGE_CURVE('',#1295,#1254,#37,.T.);
#1000=EDGE_CURVE('',#1253,#1296,#38,.T.);
#1001=EDGE_CURVE('',#1296,#1297,#1467,.F.);
#1002=EDGE_CURVE('',#1297,#1246,#39,.T.);
#1003=EDGE_CURVE('',#1245,#1298,#40,.T.);
#1004=EDGE_CURVE('',#1298,#1299,#1468,.F.);
#1005=EDGE_CURVE('',#1299,#1238,#41,.T.);
#1006=EDGE_CURVE('',#1237,#1300,#42,.T.);
#1007=EDGE_CURVE('',#1300,#1301,#1469,.F.);
#1008=EDGE_CURVE('',#1301,#1230,#43,.T.);
#1009=EDGE_CURVE('',#1229,#1302,#44,.T.);
#1010=EDGE_CURVE('',#1302,#1303,#1470,.F.);
#1011=EDGE_CURVE('',#1303,#1222,#45,.T.);
#1012=EDGE_CURVE('',#1218,#1270,#111,.T.);
#1013=EDGE_CURVE('',#1284,#1219,#112,.F.);
#1014=EDGE_CURVE('',#1218,#1285,#113,.F.);
#1015=EDGE_CURVE('',#1304,#1305,#1471,.T.);
#1016=EDGE_CURVE('',#1305,#1306,#114,.F.);
#1017=EDGE_CURVE('',#1307,#1306,#1472,.T.);
#1018=EDGE_CURVE('',#1307,#1308,#115,.F.);
#1019=EDGE_CURVE('',#1309,#1308,#1473,.T.);
#1020=EDGE_CURVE('',#1309,#1310,#116,.F.);
#1021=EDGE_CURVE('',#1310,#1311,#1474,.T.);
#1022=EDGE_CURVE('',#1311,#1312,#117,.F.);
#1023=EDGE_CURVE('',#1312,#1313,#1475,.T.);
#1024=EDGE_CURVE('',#1313,#1314,#1476,.T.);
#1025=EDGE_CURVE('',#1315,#1314,#1477,.T.);
#1026=EDGE_CURVE('',#1315,#1316,#1478,.F.);
#1027=EDGE_CURVE('',#1316,#1204,#1479,.T.);
#1028=EDGE_CURVE('',#1208,#1317,#1480,.T.);
#1029=EDGE_CURVE('',#1317,#1318,#118,.F.);
#1030=EDGE_CURVE('',#1319,#1318,#1481,.T.);
#1031=EDGE_CURVE('',#1319,#1320,#119,.F.);
#1032=EDGE_CURVE('',#1321,#1320,#1482,.T.);
#1033=EDGE_CURVE('',#1321,#1322,#120,.F.);
#1034=EDGE_CURVE('',#1322,#1323,#1483,.T.);
#1035=EDGE_CURVE('',#1323,#1324,#121,.F.);
#1036=EDGE_CURVE('',#1324,#1325,#1484,.T.);
#1037=EDGE_CURVE('',#1325,#1326,#122,.F.);
#1038=EDGE_CURVE('',#1327,#1326,#1485,.T.);
#1039=EDGE_CURVE('',#1327,#1328,#123,.F.);
#1040=EDGE_CURVE('',#1329,#1328,#1486,.T.);
#1041=EDGE_CURVE('',#1329,#1330,#124,.F.);
#1042=EDGE_CURVE('',#1330,#1331,#1487,.T.);
#1043=EDGE_CURVE('',#1331,#1332,#125,.F.);
#1044=EDGE_CURVE('',#1332,#1333,#1488,.T.);
#1045=EDGE_CURVE('',#1333,#1334,#126,.F.);
#1046=EDGE_CURVE('',#1335,#1334,#1489,.T.);
#1047=EDGE_CURVE('',#1335,#1336,#127,.F.);
#1048=EDGE_CURVE('',#1337,#1336,#1490,.T.);
#1049=EDGE_CURVE('',#1337,#1338,#128,.F.);
#1050=EDGE_CURVE('',#1338,#1339,#1491,.T.);
#1051=EDGE_CURVE('',#1339,#1340,#129,.F.);
#1052=EDGE_CURVE('',#1340,#1341,#1492,.T.);
#1053=EDGE_CURVE('',#1341,#1342,#130,.F.);
#1054=EDGE_CURVE('',#1343,#1342,#1493,.T.);
#1055=EDGE_CURVE('',#1343,#1344,#131,.F.);
#1056=EDGE_CURVE('',#1345,#1344,#1494,.T.);
#1057=EDGE_CURVE('',#1345,#1346,#132,.F.);
#1058=EDGE_CURVE('',#1346,#1347,#1495,.T.);
#1059=EDGE_CURVE('',#1347,#1348,#133,.F.);
#1060=EDGE_CURVE('',#1348,#1349,#1496,.T.);
#1061=EDGE_CURVE('',#1349,#1350,#134,.F.);
#1062=EDGE_CURVE('',#1351,#1350,#1497,.T.);
#1063=EDGE_CURVE('',#1351,#1352,#135,.F.);
#1064=EDGE_CURVE('',#1353,#1352,#1498,.T.);
#1065=EDGE_CURVE('',#1353,#1354,#136,.F.);
#1066=EDGE_CURVE('',#1354,#1355,#1499,.T.);
#1067=EDGE_CURVE('',#1355,#1356,#137,.F.);
#1068=EDGE_CURVE('',#1356,#1357,#1500,.T.);
#1069=EDGE_CURVE('',#1357,#1358,#138,.F.);
#1070=EDGE_CURVE('',#1359,#1358,#1501,.T.);
#1071=EDGE_CURVE('',#1359,#1360,#139,.F.);
#1072=EDGE_CURVE('',#1361,#1360,#1502,.T.);
#1073=EDGE_CURVE('',#1361,#1362,#140,.F.);
#1074=EDGE_CURVE('',#1362,#1363,#1503,.T.);
#1075=EDGE_CURVE('',#1363,#1304,#141,.F.);
#1076=EDGE_CURVE('',#1364,#1365,#1504,.T.);
#1077=EDGE_CURVE('',#1365,#1366,#1505,.F.);
#1078=EDGE_CURVE('',#1366,#1367,#1506,.F.);
#1079=EDGE_CURVE('',#1367,#1364,#1507,.T.);
#1080=EDGE_CURVE('',#1368,#1369,#1508,.T.);
#1081=EDGE_CURVE('',#1369,#1370,#1509,.T.);
#1082=EDGE_CURVE('',#1370,#1371,#1510,.F.);
#1083=EDGE_CURVE('',#1371,#1368,#1511,.F.);
#1084=EDGE_CURVE('',#1372,#1373,#1512,.T.);
#1085=EDGE_CURVE('',#1373,#1374,#1513,.T.);
#1086=EDGE_CURVE('',#1374,#1375,#1514,.F.);
#1087=EDGE_CURVE('',#1375,#1372,#1515,.F.);
#1088=EDGE_CURVE('',#1376,#1377,#1516,.F.);
#1089=EDGE_CURVE('',#1377,#1378,#1517,.F.);
#1090=EDGE_CURVE('',#1378,#1379,#1518,.T.);
#1091=EDGE_CURVE('',#1379,#1376,#1519,.T.);
#1092=EDGE_CURVE('',#1380,#1381,#1520,.F.);
#1093=EDGE_CURVE('',#1381,#1315,#1521,.F.);
#1094=EDGE_CURVE('',#1314,#1380,#1522,.T.);
#1095=EDGE_CURVE('',#1380,#1374,#142,.T.);
#1096=EDGE_CURVE('',#1375,#1314,#14,.F.);
#1097=EDGE_CURVE('',#1380,#1370,#143,.F.);
#1098=EDGE_CURVE('',#1370,#1374,#144,.F.);
#1099=EDGE_CURVE('',#1372,#1313,#145,.T.);
#1100=EDGE_CURVE('',#1373,#1376,#146,.T.);
#1101=EDGE_CURVE('',#1377,#1372,#147,.T.);
#1102=EDGE_CURVE('',#1371,#1373,#148,.T.);
#1103=EDGE_CURVE('',#1381,#1369,#149,.T.);
#1104=EDGE_CURVE('',#1315,#1364,#15,.T.);
#1105=EDGE_CURVE('',#1365,#1381,#150,.T.);
#1106=EDGE_CURVE('',#1377,#1313,#151,.F.);
#1107=EDGE_CURVE('',#1371,#1376,#152,.F.);
#1108=EDGE_CURVE('',#1365,#1369,#153,.F.);
#1109=EDGE_CURVE('',#1316,#1367,#154,.T.);
#1110=EDGE_CURVE('',#1382,#1383,#1523,.F.);
#1111=EDGE_CURVE('',#1383,#1305,#46,.T.);
#1112=EDGE_CURVE('',#1304,#1384,#47,.T.);
#1113=EDGE_CURVE('',#1384,#1385,#1524,.F.);
#1114=EDGE_CURVE('',#1385,#1357,#48,.T.);
#1115=EDGE_CURVE('',#1356,#1386,#49,.T.);
#1116=EDGE_CURVE('',#1386,#1387,#1525,.F.);
#1117=EDGE_CURVE('',#1387,#1349,#50,.T.);
#1118=EDGE_CURVE('',#1348,#1388,#51,.T.);
#1119=EDGE_CURVE('',#1388,#1389,#1526,.F.);
#1120=EDGE_CURVE('',#1389,#1341,#52,.T.);
#1121=EDGE_CURVE('',#1340,#1390,#53,.T.);
#1122=EDGE_CURVE('',#1390,#1391,#1527,.F.);
#1123=EDGE_CURVE('',#1391,#1333,#54,.T.);
#1124=EDGE_CURVE('',#1332,#1392,#55,.T.);
#1125=EDGE_CURVE('',#1392,#1393,#1528,.F.);
#1126=EDGE_CURVE('',#1393,#1325,#56,.T.);
#1127=EDGE_CURVE('',#1324,#1394,#57,.T.);
#1128=EDGE_CURVE('',#1394,#1395,#1529,.F.);
#1129=EDGE_CURVE('',#1395,#1317,#58,.T.);
#1130=EDGE_CURVE('',#1378,#1316,#155,.T.);
#1131=EDGE_CURVE('',#1312,#1382,#59,.T.);
#1132=EDGE_CURVE('',#1368,#1379,#156,.T.);
#1133=EDGE_CURVE('',#1366,#1368,#157,.T.);
#1134=EDGE_CURVE('',#1378,#1367,#158,.F.);
#1135=EDGE_CURVE('',#1366,#1379,#159,.F.);
#1136=EDGE_CURVE('',#1322,#1264,#1530,.F.);
#1137=EDGE_CURVE('',#1263,#1323,#1531,.T.);
#1138=EDGE_CURVE('',#1267,#1319,#1532,.T.);
#1139=EDGE_CURVE('',#1318,#1268,#1533,.F.);
#1140=EDGE_CURVE('',#1265,#1321,#1534,.T.);
#1141=EDGE_CURVE('',#1320,#1266,#1535,.F.);
#1142=EDGE_CURVE('',#1292,#1395,#1536,.T.);
#1143=EDGE_CURVE('',#1394,#1293,#1537,.F.);
#1144=EDGE_CURVE('',#1330,#1256,#1538,.F.);
#1145=EDGE_CURVE('',#1255,#1331,#1539,.T.);
#1146=EDGE_CURVE('',#1259,#1327,#1540,.T.);
#1147=EDGE_CURVE('',#1326,#1260,#1541,.F.);
#1148=EDGE_CURVE('',#1257,#1329,#1542,.T.);
#1149=EDGE_CURVE('',#1328,#1258,#1543,.F.);
#1150=EDGE_CURVE('',#1294,#1393,#1544,.T.);
#1151=EDGE_CURVE('',#1392,#1295,#1545,.F.);
#1152=EDGE_CURVE('',#1338,#1248,#1546,.F.);
#1153=EDGE_CURVE('',#1247,#1339,#1547,.T.);
#1154=EDGE_CURVE('',#1251,#1335,#1548,.T.);
#1155=EDGE_CURVE('',#1334,#1252,#1549,.F.);
#1156=EDGE_CURVE('',#1249,#1337,#1550,.T.);
#1157=EDGE_CURVE('',#1336,#1250,#1551,.F.);
#1158=EDGE_CURVE('',#1296,#1391,#1552,.T.);
#1159=EDGE_CURVE('',#1390,#1297,#1553,.F.);
#1160=EDGE_CURVE('',#1346,#1240,#1554,.F.);
#1161=EDGE_CURVE('',#1239,#1347,#1555,.T.);
#1162=EDGE_CURVE('',#1243,#1343,#1556,.T.);
#1163=EDGE_CURVE('',#1342,#1244,#1557,.F.);
#1164=EDGE_CURVE('',#1241,#1345,#1558,.T.);
#1165=EDGE_CURVE('',#1344,#1242,#1559,.F.);
#1166=EDGE_CURVE('',#1298,#1389,#1560,.T.);
#1167=EDGE_CURVE('',#1388,#1299,#1561,.F.);
#1168=EDGE_CURVE('',#1354,#1232,#1562,.F.);
#1169=EDGE_CURVE('',#1231,#1355,#1563,.T.);
#1170=EDGE_CURVE('',#1235,#1351,#1564,.T.);
#1171=EDGE_CURVE('',#1350,#1236,#1565,.F.);
#1172=EDGE_CURVE('',#1233,#1353,#1566,.T.);
#1173=EDGE_CURVE('',#1352,#1234,#1567,.F.);
#1174=EDGE_CURVE('',#1300,#1387,#1568,.T.);
#1175=EDGE_CURVE('',#1386,#1301,#1569,.F.);
#1176=EDGE_CURVE('',#1362,#1224,#1570,.F.);
#1177=EDGE_CURVE('',#1223,#1363,#1571,.T.);
#1178=EDGE_CURVE('',#1227,#1359,#1572,.T.);
#1179=EDGE_CURVE('',#1358,#1228,#1573,.F.);
#1180=EDGE_CURVE('',#1225,#1361,#1574,.T.);
#1181=EDGE_CURVE('',#1360,#1226,#1575,.F.);
#1182=EDGE_CURVE('',#1384,#1303,#1576,.F.);
#1183=EDGE_CURVE('',#1302,#1385,#1577,.T.);
#1184=EDGE_CURVE('',#1310,#1276,#1578,.F.);
#1185=EDGE_CURVE('',#1275,#1311,#1579,.T.);
#1186=EDGE_CURVE('',#1279,#1307,#1580,.T.);
#1187=EDGE_CURVE('',#1306,#1221,#1581,.F.);
#1188=EDGE_CURVE('',#1277,#1309,#1582,.T.);
#1189=EDGE_CURVE('',#1308,#1278,#1583,.F.);
#1190=EDGE_CURVE('',#1290,#1383,#1584,.T.);
#1191=EDGE_CURVE('',#1382,#1291,#1585,.F.);
#1192=VERTEX_POINT('',#3000);
#1193=VERTEX_POINT('',#3001);
#1194=VERTEX_POINT('',#3003);
#1195=VERTEX_POINT('',#3005);
#1196=VERTEX_POINT('',#3009);
#1197=VERTEX_POINT('',#3010);
#1198=VERTEX_POINT('',#3012);
#1199=VERTEX_POINT('',#3014);
#1200=VERTEX_POINT('',#3018);
#1201=VERTEX_POINT('',#3019);
#1202=VERTEX_POINT('',#3021);
#1203=VERTEX_POINT('',#3023);
#1204=VERTEX_POINT('',#3033);
#1205=VERTEX_POINT('',#3038);
#1206=VERTEX_POINT('',#3040);
#1207=VERTEX_POINT('',#3045);
#1208=VERTEX_POINT('',#3049);
#1209=VERTEX_POINT('',#3051);
#1210=VERTEX_POINT('',#3056);
#1211=VERTEX_POINT('',#3058);
#1212=VERTEX_POINT('',#3068);
#1213=VERTEX_POINT('',#3069);
#1214=VERTEX_POINT('',#3071);
#1215=VERTEX_POINT('',#3073);
#1216=VERTEX_POINT('',#3077);
#1217=VERTEX_POINT('',#3078);
#1218=VERTEX_POINT('',#3080);
#1219=VERTEX_POINT('',#3082);
#1220=VERTEX_POINT('',#3086);
#1221=VERTEX_POINT('',#3087);
#1222=VERTEX_POINT('',#3089);
#1223=VERTEX_POINT('',#3091);
#1224=VERTEX_POINT('',#3093);
#1225=VERTEX_POINT('',#3095);
#1226=VERTEX_POINT('',#3097);
#1227=VERTEX_POINT('',#3099);
#1228=VERTEX_POINT('',#3101);
#1229=VERTEX_POINT('',#3103);
#1230=VERTEX_POINT('',#3105);
#1231=VERTEX_POINT('',#3107);
#1232=VERTEX_POINT('',#3109);
#1233=VERTEX_POINT('',#3111);
#1234=VERTEX_POINT('',#3113);
#1235=VERTEX_POINT('',#3115);
#1236=VERTEX_POINT('',#3117);
#1237=VERTEX_POINT('',#3119);
#1238=VERTEX_POINT('',#3121);
#1239=VERTEX_POINT('',#3123);
#1240=VERTEX_POINT('',#3125);
#1241=VERTEX_POINT('',#3127);
#1242=VERTEX_POINT('',#3129);
#1243=VERTEX_POINT('',#3131);
#1244=VERTEX_POINT('',#3133);
#1245=VERTEX_POINT('',#3135);
#1246=VERTEX_POINT('',#3137);
#1247=VERTEX_POINT('',#3139);
#1248=VERTEX_POINT('',#3141);
#1249=VERTEX_POINT('',#3143);
#1250=VERTEX_POINT('',#3145);
#1251=VERTEX_POINT('',#3147);
#1252=VERTEX_POINT('',#3149);
#1253=VERTEX_POINT('',#3151);
#1254=VERTEX_POINT('',#3153);
#1255=VERTEX_POINT('',#3155);
#1256=VERTEX_POINT('',#3157);
#1257=VERTEX_POINT('',#3159);
#1258=VERTEX_POINT('',#3161);
#1259=VERTEX_POINT('',#3163);
#1260=VERTEX_POINT('',#3165);
#1261=VERTEX_POINT('',#3167);
#1262=VERTEX_POINT('',#3169);
#1263=VERTEX_POINT('',#3171);
#1264=VERTEX_POINT('',#3173);
#1265=VERTEX_POINT('',#3175);
#1266=VERTEX_POINT('',#3177);
#1267=VERTEX_POINT('',#3179);
#1268=VERTEX_POINT('',#3181);
#1269=VERTEX_POINT('',#3183);
#1270=VERTEX_POINT('',#3186);
#1271=VERTEX_POINT('',#3188);
#1272=VERTEX_POINT('',#3190);
#1273=VERTEX_POINT('',#3192);
#1274=VERTEX_POINT('',#3194);
#1275=VERTEX_POINT('',#3196);
#1276=VERTEX_POINT('',#3198);
#1277=VERTEX_POINT('',#3200);
#1278=VERTEX_POINT('',#3202);
#1279=VERTEX_POINT('',#3204);
#1280=VERTEX_POINT('',#3208);
#1281=VERTEX_POINT('',#3209);
#1282=VERTEX_POINT('',#3211);
#1283=VERTEX_POINT('',#3213);
#1284=VERTEX_POINT('',#3217);
#1285=VERTEX_POINT('',#3218);
#1286=VERTEX_POINT('',#3220);
#1287=VERTEX_POINT('',#3222);
#1288=VERTEX_POINT('',#3226);
#1289=VERTEX_POINT('',#3228);
#1290=VERTEX_POINT('',#3263);
#1291=VERTEX_POINT('',#3265);
#1292=VERTEX_POINT('',#3275);
#1293=VERTEX_POINT('',#3277);
#1294=VERTEX_POINT('',#3286);
#1295=VERTEX_POINT('',#3288);
#1296=VERTEX_POINT('',#3297);
#1297=VERTEX_POINT('',#3299);
#1298=VERTEX_POINT('',#3308);
#1299=VERTEX_POINT('',#3310);
#1300=VERTEX_POINT('',#3319);
#1301=VERTEX_POINT('',#3321);
#1302=VERTEX_POINT('',#3330);
#1303=VERTEX_POINT('',#3332);
#1304=VERTEX_POINT('',#3346);
#1305=VERTEX_POINT('',#3347);
#1306=VERTEX_POINT('',#3349);
#1307=VERTEX_POINT('',#3351);
#1308=VERTEX_POINT('',#3353);
#1309=VERTEX_POINT('',#3355);
#1310=VERTEX_POINT('',#3357);
#1311=VERTEX_POINT('',#3359);
#1312=VERTEX_POINT('',#3361);
#1313=VERTEX_POINT('',#3363);
#1314=VERTEX_POINT('',#3365);
#1315=VERTEX_POINT('',#3367);
#1316=VERTEX_POINT('',#3369);
#1317=VERTEX_POINT('',#3372);
#1318=VERTEX_POINT('',#3374);
#1319=VERTEX_POINT('',#3376);
#1320=VERTEX_POINT('',#3378);
#1321=VERTEX_POINT('',#3380);
#1322=VERTEX_POINT('',#3382);
#1323=VERTEX_POINT('',#3384);
#1324=VERTEX_POINT('',#3386);
#1325=VERTEX_POINT('',#3388);
#1326=VERTEX_POINT('',#3390);
#1327=VERTEX_POINT('',#3392);
#1328=VERTEX_POINT('',#3394);
#1329=VERTEX_POINT('',#3396);
#1330=VERTEX_POINT('',#3398);
#1331=VERTEX_POINT('',#3400);
#1332=VERTEX_POINT('',#3402);
#1333=VERTEX_POINT('',#3404);
#1334=VERTEX_POINT('',#3406);
#1335=VERTEX_POINT('',#3408);
#1336=VERTEX_POINT('',#3410);
#1337=VERTEX_POINT('',#3412);
#1338=VERTEX_POINT('',#3414);
#1339=VERTEX_POINT('',#3416);
#1340=VERTEX_POINT('',#3418);
#1341=VERTEX_POINT('',#3420);
#1342=VERTEX_POINT('',#3422);
#1343=VERTEX_POINT('',#3424);
#1344=VERTEX_POINT('',#3426);
#1345=VERTEX_POINT('',#3428);
#1346=VERTEX_POINT('',#3430);
#1347=VERTEX_POINT('',#3432);
#1348=VERTEX_POINT('',#3434);
#1349=VERTEX_POINT('',#3436);
#1350=VERTEX_POINT('',#3438);
#1351=VERTEX_POINT('',#3440);
#1352=VERTEX_POINT('',#3442);
#1353=VERTEX_POINT('',#3444);
#1354=VERTEX_POINT('',#3446);
#1355=VERTEX_POINT('',#3448);
#1356=VERTEX_POINT('',#3450);
#1357=VERTEX_POINT('',#3452);
#1358=VERTEX_POINT('',#3454);
#1359=VERTEX_POINT('',#3456);
#1360=VERTEX_POINT('',#3458);
#1361=VERTEX_POINT('',#3460);
#1362=VERTEX_POINT('',#3462);
#1363=VERTEX_POINT('',#3464);
#1364=VERTEX_POINT('',#3468);
#1365=VERTEX_POINT('',#3469);
#1366=VERTEX_POINT('',#3471);
#1367=VERTEX_POINT('',#3473);
#1368=VERTEX_POINT('',#3477);
#1369=VERTEX_POINT('',#3478);
#1370=VERTEX_POINT('',#3480);
#1371=VERTEX_POINT('',#3482);
#1372=VERTEX_POINT('',#3486);
#1373=VERTEX_POINT('',#3487);
#1374=VERTEX_POINT('',#3489);
#1375=VERTEX_POINT('',#3491);
#1376=VERTEX_POINT('',#3495);
#1377=VERTEX_POINT('',#3496);
#1378=VERTEX_POINT('',#3498);
#1379=VERTEX_POINT('',#3500);
#1380=VERTEX_POINT('',#3504);
#1381=VERTEX_POINT('',#3505);
#1382=VERTEX_POINT('',#3536);
#1383=VERTEX_POINT('',#3537);
#1384=VERTEX_POINT('',#3546);
#1385=VERTEX_POINT('',#3548);
#1386=VERTEX_POINT('',#3557);
#1387=VERTEX_POINT('',#3559);
#1388=VERTEX_POINT('',#3568);
#1389=VERTEX_POINT('',#3570);
#1390=VERTEX_POINT('',#3579);
#1391=VERTEX_POINT('',#3581);
#1392=VERTEX_POINT('',#3590);
#1393=VERTEX_POINT('',#3592);
#1394=VERTEX_POINT('',#3601);
#1395=VERTEX_POINT('',#3603);
#1396=LINE('',#2999,#1586);
#1397=LINE('',#3002,#1587);
#1398=LINE('',#3004,#1588);
#1399=LINE('',#3006,#1589);
#1400=LINE('',#3008,#1590);
#1401=LINE('',#3011,#1591);
#1402=LINE('',#3013,#1592);
#1403=LINE('',#3015,#1593);
#1404=LINE('',#3017,#1594);
#1405=LINE('',#3020,#1595);
#1406=LINE('',#3022,#1596);
#1407=LINE('',#3024,#1597);
#1408=LINE('',#3039,#1598);
#1409=LINE('',#3057,#1599);
#1410=LINE('',#3064,#1600);
#1411=LINE('',#3065,#1601);
#1412=LINE('',#3067,#1602);
#1413=LINE('',#3070,#1603);
#1414=LINE('',#3072,#1604);
#1415=LINE('',#3074,#1605);
#1416=LINE('',#3076,#1606);
#1417=LINE('',#3079,#1607);
#1418=LINE('',#3081,#1608);
#1419=LINE('',#3083,#1609);
#1420=LINE('',#3088,#1610);
#1421=LINE('',#3092,#1611);
#1422=LINE('',#3096,#1612);
#1423=LINE('',#3100,#1613);
#1424=LINE('',#3104,#1614);
#1425=LINE('',#3108,#1615);
#1426=LINE('',#3112,#1616);
#1427=LINE('',#3116,#1617);
#1428=LINE('',#3120,#1618);
#1429=LINE('',#3124,#1619);
#1430=LINE('',#3128,#1620);
#1431=LINE('',#3132,#1621);
#1432=LINE('',#3136,#1622);
#1433=LINE('',#3140,#1623);
#1434=LINE('',#3144,#1624);
#1435=LINE('',#3148,#1625);
#1436=LINE('',#3152,#1626);
#1437=LINE('',#3156,#1627);
#1438=LINE('',#3160,#1628);
#1439=LINE('',#3164,#1629);
#1440=LINE('',#3168,#1630);
#1441=LINE('',#3172,#1631);
#1442=LINE('',#3176,#1632);
#1443=LINE('',#3180,#1633);
#1444=LINE('',#3184,#1634);
#1445=LINE('',#3185,#1635);
#1446=LINE('',#3187,#1636);
#1447=LINE('',#3189,#1637);
#1448=LINE('',#3191,#1638);
#1449=LINE('',#3193,#1639);
#1450=LINE('',#3197,#1640);
#1451=LINE('',#3201,#1641);
#1452=LINE('',#3205,#1642);
#1453=LINE('',#3207,#1643);
#1454=LINE('',#3210,#1644);
#1455=LINE('',#3212,#1645);
#1456=LINE('',#3214,#1646);
#1457=LINE('',#3216,#1647);
#1458=LINE('',#3219,#1648);
#1459=LINE('',#3221,#1649);
#1460=LINE('',#3223,#1650);
#1461=LINE('',#3225,#1651);
#1462=LINE('',#3227,#1652);
#1463=LINE('',#3229,#1653);
#1464=LINE('',#3264,#1654);
#1465=LINE('',#3276,#1655);
#1466=LINE('',#3287,#1656);
#1467=LINE('',#3298,#1657);
#1468=LINE('',#3309,#1658);
#1469=LINE('',#3320,#1659);
#1470=LINE('',#3331,#1660);
#1471=LINE('',#3345,#1661);
#1472=LINE('',#3350,#1662);
#1473=LINE('',#3354,#1663);
#1474=LINE('',#3358,#1664);
#1475=LINE('',#3362,#1665);
#1476=LINE('',#3364,#1666);
#1477=LINE('',#3366,#1667);
#1478=LINE('',#3368,#1668);
#1479=LINE('',#3370,#1669);
#1480=LINE('',#3371,#1670);
#1481=LINE('',#3375,#1671);
#1482=LINE('',#3379,#1672);
#1483=LINE('',#3383,#1673);
#1484=LINE('',#3387,#1674);
#1485=LINE('',#3391,#1675);
#1486=LINE('',#3395,#1676);
#1487=LINE('',#3399,#1677);
#1488=LINE('',#3403,#1678);
#1489=LINE('',#3407,#1679);
#1490=LINE('',#3411,#1680);
#1491=LINE('',#3415,#1681);
#1492=LINE('',#3419,#1682);
#1493=LINE('',#3423,#1683);
#1494=LINE('',#3427,#1684);
#1495=LINE('',#3431,#1685);
#1496=LINE('',#3435,#1686);
#1497=LINE('',#3439,#1687);
#1498=LINE('',#3443,#1688);
#1499=LINE('',#3447,#1689);
#1500=LINE('',#3451,#1690);
#1501=LINE('',#3455,#1691);
#1502=LINE('',#3459,#1692);
#1503=LINE('',#3463,#1693);
#1504=LINE('',#3467,#1694);
#1505=LINE('',#3470,#1695);
#1506=LINE('',#3472,#1696);
#1507=LINE('',#3474,#1697);
#1508=LINE('',#3476,#1698);
#1509=LINE('',#3479,#1699);
#1510=LINE('',#3481,#1700);
#1511=LINE('',#3483,#1701);
#1512=LINE('',#3485,#1702);
#1513=LINE('',#3488,#1703);
#1514=LINE('',#3490,#1704);
#1515=LINE('',#3492,#1705);
#1516=LINE('',#3494,#1706);
#1517=LINE('',#3497,#1707);
#1518=LINE('',#3499,#1708);
#1519=LINE('',#3501,#1709);
#1520=LINE('',#3503,#1710);
#1521=LINE('',#3506,#1711);
#1522=LINE('',#3507,#1712);
#1523=LINE('',#3535,#1713);
#1524=LINE('',#3547,#1714);
#1525=LINE('',#3558,#1715);
#1526=LINE('',#3569,#1716);
#1527=LINE('',#3580,#1717);
#1528=LINE('',#3591,#1718);
#1529=LINE('',#3602,#1719);
#1530=LINE('',#3623,#1720);
#1531=LINE('',#3624,#1721);
#1532=LINE('',#3626,#1722);
#1533=LINE('',#3627,#1723);
#1534=LINE('',#3629,#1724);
#1535=LINE('',#3630,#1725);
#1536=LINE('',#3634,#1726);
#1537=LINE('',#3636,#1727);
#1538=LINE('',#3639,#1728);
#1539=LINE('',#3640,#1729);
#1540=LINE('',#3642,#1730);
#1541=LINE('',#3643,#1731);
#1542=LINE('',#3645,#1732);
#1543=LINE('',#3646,#1733);
#1544=LINE('',#3650,#1734);
#1545=LINE('',#3652,#1735);
#1546=LINE('',#3655,#1736);
#1547=LINE('',#3656,#1737);
#1548=LINE('',#3658,#1738);
#1549=LINE('',#3659,#1739);
#1550=LINE('',#3661,#1740);
#1551=LINE('',#3662,#1741);
#1552=LINE('',#3666,#1742);
#1553=LINE('',#3668,#1743);
#1554=LINE('',#3671,#1744);
#1555=LINE('',#3672,#1745);
#1556=LINE('',#3674,#1746);
#1557=LINE('',#3675,#1747);
#1558=LINE('',#3677,#1748);
#1559=LINE('',#3678,#1749);
#1560=LINE('',#3682,#1750);
#1561=LINE('',#3684,#1751);
#1562=LINE('',#3687,#1752);
#1563=LINE('',#3688,#1753);
#1564=LINE('',#3690,#1754);
#1565=LINE('',#3691,#1755);
#1566=LINE('',#3693,#1756);
#1567=LINE('',#3694,#1757);
#1568=LINE('',#3698,#1758);
#1569=LINE('',#3700,#1759);
#1570=LINE('',#3703,#1760);
#1571=LINE('',#3704,#1761);
#1572=LINE('',#3706,#1762);
#1573=LINE('',#3707,#1763);
#1574=LINE('',#3709,#1764);
#1575=LINE('',#3710,#1765);
#1576=LINE('',#3714,#1766);
#1577=LINE('',#3716,#1767);
#1578=LINE('',#3719,#1768);
#1579=LINE('',#3720,#1769);
#1580=LINE('',#3722,#1770);
#1581=LINE('',#3723,#1771);
#1582=LINE('',#3725,#1772);
#1583=LINE('',#3726,#1773);
#1584=LINE('',#3730,#1774);
#1585=LINE('',#3732,#1775);
#1586=VECTOR('',#2381,1.);
#1587=VECTOR('',#2382,1.);
#1588=VECTOR('',#2383,1.);
#1589=VECTOR('',#2384,1.);
#1590=VECTOR('',#2387,1.);
#1591=VECTOR('',#2388,1.);
#1592=VECTOR('',#2389,1.);
#1593=VECTOR('',#2390,1.);
#1594=VECTOR('',#2393,1.);
#1595=VECTOR('',#2394,1.);
#1596=VECTOR('',#2395,1.);
#1597=VECTOR('',#2396,1.);
#1598=VECTOR('',#2413,1.);
#1599=VECTOR('',#2422,1.);
#1600=VECTOR('',#2425,1.);
#1601=VECTOR('',#2426,1.);
#1602=VECTOR('',#2429,1.);
#1603=VECTOR('',#2430,1.);
#1604=VECTOR('',#2431,1.);
#1605=VECTOR('',#2432,1.);
#1606=VECTOR('',#2435,1.);
#1607=VECTOR('',#2436,1.);
#1608=VECTOR('',#2437,1.);
#1609=VECTOR('',#2438,1.);
#1610=VECTOR('',#2443,1.);
#1611=VECTOR('',#2446,1.);
#1612=VECTOR('',#2449,1.);
#1613=VECTOR('',#2452,1.);
#1614=VECTOR('',#2455,1.);
#1615=VECTOR('',#2458,1.);
#1616=VECTOR('',#2461,1.);
#1617=VECTOR('',#2464,1.);
#1618=VECTOR('',#2467,1.);
#1619=VECTOR('',#2470,1.);
#1620=VECTOR('',#2473,1.);
#1621=VECTOR('',#2476,1.);
#1622=VECTOR('',#2479,1.);
#1623=VECTOR('',#2482,1.);
#1624=VECTOR('',#2485,1.);
#1625=VECTOR('',#2488,1.);
#1626=VECTOR('',#2491,1.);
#1627=VECTOR('',#2494,1.);
#1628=VECTOR('',#2497,1.);
#1629=VECTOR('',#2500,1.);
#1630=VECTOR('',#2503,1.);
#1631=VECTOR('',#2506,1.);
#1632=VECTOR('',#2509,1.);
#1633=VECTOR('',#2512,1.);
#1634=VECTOR('',#2515,1.);
#1635=VECTOR('',#2516,1.);
#1636=VECTOR('',#2517,1.);
#1637=VECTOR('',#2518,1.);
#1638=VECTOR('',#2519,1.);
#1639=VECTOR('',#2520,1.);
#1640=VECTOR('',#2523,1.);
#1641=VECTOR('',#2526,1.);
#1642=VECTOR('',#2529,1.);
#1643=VECTOR('',#2532,1.);
#1644=VECTOR('',#2533,1.);
#1645=VECTOR('',#2534,1.);
#1646=VECTOR('',#2535,1.);
#1647=VECTOR('',#2538,1.);
#1648=VECTOR('',#2539,1.);
#1649=VECTOR('',#2540,1.);
#1650=VECTOR('',#2541,1.);
#1651=VECTOR('',#2544,1.);
#1652=VECTOR('',#2545,1.);
#1653=VECTOR('',#2546,1.);
#1654=VECTOR('',#2605,1.);
#1655=VECTOR('',#2608,1.);
#1656=VECTOR('',#2609,1.);
#1657=VECTOR('',#2610,1.);
#1658=VECTOR('',#2611,1.);
#1659=VECTOR('',#2612,1.);
#1660=VECTOR('',#2613,1.);
#1661=VECTOR('',#2630,1.);
#1662=VECTOR('',#2633,1.);
#1663=VECTOR('',#2636,1.);
#1664=VECTOR('',#2639,1.);
#1665=VECTOR('',#2642,1.);
#1666=VECTOR('',#2643,1.);
#1667=VECTOR('',#2644,1.);
#1668=VECTOR('',#2645,1.);
#1669=VECTOR('',#2646,1.);
#1670=VECTOR('',#2647,1.);
#1671=VECTOR('',#2650,1.);
#1672=VECTOR('',#2653,1.);
#1673=VECTOR('',#2656,1.);
#1674=VECTOR('',#2659,1.);
#1675=VECTOR('',#2662,1.);
#1676=VECTOR('',#2665,1.);
#1677=VECTOR('',#2668,1.);
#1678=VECTOR('',#2671,1.);
#1679=VECTOR('',#2674,1.);
#1680=VECTOR('',#2677,1.);
#1681=VECTOR('',#2680,1.);
#1682=VECTOR('',#2683,1.);
#1683=VECTOR('',#2686,1.);
#1684=VECTOR('',#2689,1.);
#1685=VECTOR('',#2692,1.);
#1686=VECTOR('',#2695,1.);
#1687=VECTOR('',#2698,1.);
#1688=VECTOR('',#2701,1.);
#1689=VECTOR('',#2704,1.);
#1690=VECTOR('',#2707,1.);
#1691=VECTOR('',#2710,1.);
#1692=VECTOR('',#2713,1.);
#1693=VECTOR('',#2716,1.);
#1694=VECTOR('',#2721,1.);
#1695=VECTOR('',#2722,1.);
#1696=VECTOR('',#2723,1.);
#1697=VECTOR('',#2724,1.);
#1698=VECTOR('',#2727,1.);
#1699=VECTOR('',#2728,1.);
#1700=VECTOR('',#2729,1.);
#1701=VECTOR('',#2730,1.);
#1702=VECTOR('',#2733,1.);
#1703=VECTOR('',#2734,1.);
#1704=VECTOR('',#2735,1.);
#1705=VECTOR('',#2736,1.);
#1706=VECTOR('',#2739,1.);
#1707=VECTOR('',#2740,1.);
#1708=VECTOR('',#2741,1.);
#1709=VECTOR('',#2742,1.);
#1710=VECTOR('',#2745,1.);
#1711=VECTOR('',#2746,1.);
#1712=VECTOR('',#2747,1.);
#1713=VECTOR('',#2802,1.);
#1714=VECTOR('',#2803,1.);
#1715=VECTOR('',#2804,1.);
#1716=VECTOR('',#2805,1.);
#1717=VECTOR('',#2806,1.);
#1718=VECTOR('',#2807,1.);
#1719=VECTOR('',#2808,1.);
#1720=VECTOR('',#2831,1.);
#1721=VECTOR('',#2832,1.);
#1722=VECTOR('',#2835,1.);
#1723=VECTOR('',#2836,1.);
#1724=VECTOR('',#2839,1.);
#1725=VECTOR('',#2840,1.);
#1726=VECTOR('',#2847,1.);
#1727=VECTOR('',#2850,1.);
#1728=VECTOR('',#2855,1.);
#1729=VECTOR('',#2856,1.);
#1730=VECTOR('',#2859,1.);
#1731=VECTOR('',#2860,1.);
#1732=VECTOR('',#2863,1.);
#1733=VECTOR('',#2864,1.);
#1734=VECTOR('',#2871,1.);
#1735=VECTOR('',#2874,1.);
#1736=VECTOR('',#2879,1.);
#1737=VECTOR('',#2880,1.);
#1738=VECTOR('',#2883,1.);
#1739=VECTOR('',#2884,1.);
#1740=VECTOR('',#2887,1.);
#1741=VECTOR('',#2888,1.);
#1742=VECTOR('',#2895,1.);
#1743=VECTOR('',#2898,1.);
#1744=VECTOR('',#2903,1.);
#1745=VECTOR('',#2904,1.);
#1746=VECTOR('',#2907,1.);
#1747=VECTOR('',#2908,1.);
#1748=VECTOR('',#2911,1.);
#1749=VECTOR('',#2912,1.);
#1750=VECTOR('',#2919,1.);
#1751=VECTOR('',#2922,1.);
#1752=VECTOR('',#2927,1.);
#1753=VECTOR('',#2928,1.);
#1754=VECTOR('',#2931,1.);
#1755=VECTOR('',#2932,1.);
#1756=VECTOR('',#2935,1.);
#1757=VECTOR('',#2936,1.);
#1758=VECTOR('',#2943,1.);
#1759=VECTOR('',#2946,1.);
#1760=VECTOR('',#2951,1.);
#1761=VECTOR('',#2952,1.);
#1762=VECTOR('',#2955,1.);
#1763=VECTOR('',#2956,1.);
#1764=VECTOR('',#2959,1.);
#1765=VECTOR('',#2960,1.);
#1766=VECTOR('',#2967,1.);
#1767=VECTOR('',#2970,1.);
#1768=VECTOR('',#2975,1.);
#1769=VECTOR('',#2976,1.);
#1770=VECTOR('',#2979,1.);
#1771=VECTOR('',#2980,1.);
#1772=VECTOR('',#2983,1.);
#1773=VECTOR('',#2984,1.);
#1774=VECTOR('',#2991,1.);
#1775=VECTOR('',#2994,1.);
#1776=EDGE_LOOP('',(#214,#215,#216,#217));
#1777=EDGE_LOOP('',(#218,#219,#220,#221));
#1778=EDGE_LOOP('',(#222,#223,#224,#225));
#1779=EDGE_LOOP('',(#226,#227,#228,#229));
#1780=EDGE_LOOP('',(#230,#231,#232,#233));
#1781=EDGE_LOOP('',(#234,#235,#236,#237,#238,#239));
#1782=EDGE_LOOP('',(#240,#241,#242,#243,#244,#245));
#1783=EDGE_LOOP('',(#246,#247,#248,#249));
#1784=EDGE_LOOP('',(#250,#251,#252,#253));
#1785=EDGE_LOOP('',(#254,#255,#256,#257));
#1786=EDGE_LOOP('',(#258,#259,#260,#261,#262,#263,#264,#265,#266,#267,#268,
#269,#270,#271,#272,#273,#274,#275,#276,#277,#278,#279,#280,#281,#282,#283,
#284,#285,#286,#287,#288,#289,#290,#291,#292,#293,#294,#295,#296,#297,#298,
#299,#300,#301,#302,#303,#304,#305,#306,#307,#308,#309,#310,#311,#312,#313,
#314,#315,#316,#317,#318,#319,#320,#321,#322,#323,#324,#325));
#1787=EDGE_LOOP('',(#326,#327,#328,#329));
#1788=EDGE_LOOP('',(#330,#331,#332,#333));
#1789=EDGE_LOOP('',(#334,#335,#336,#337));
#1790=EDGE_LOOP('',(#338,#339,#340));
#1791=EDGE_LOOP('',(#341,#342,#343,#344));
#1792=EDGE_LOOP('',(#345,#346,#347,#348));
#1793=EDGE_LOOP('',(#349,#350,#351,#352));
#1794=EDGE_LOOP('',(#353,#354,#355,#356));
#1795=EDGE_LOOP('',(#357,#358,#359,#360));
#1796=EDGE_LOOP('',(#361,#362,#363));
#1797=EDGE_LOOP('',(#364,#365,#366));
#1798=EDGE_LOOP('',(#367,#368,#369));
#1799=EDGE_LOOP('',(#370,#371,#372,#373));
#1800=EDGE_LOOP('',(#374,#375,#376,#377));
#1801=EDGE_LOOP('',(#378,#379,#380,#381));
#1802=EDGE_LOOP('',(#382,#383,#384,#385,#386,#387,#388,#389,#390,#391,#392,
#393,#394,#395,#396,#397,#398,#399,#400,#401,#402,#403,#404,#405,#406,#407,
#408,#409,#410,#411,#412,#413,#414,#415,#416,#417));
#1803=EDGE_LOOP('',(#418,#419,#420,#421));
#1804=EDGE_LOOP('',(#422,#423,#424));
#1805=EDGE_LOOP('',(#425,#426,#427));
#1806=EDGE_LOOP('',(#428,#429,#430,#431));
#1807=EDGE_LOOP('',(#432,#433,#434,#435,#436,#437,#438,#439,#440,#441,#442,
#443,#444,#445,#446,#447,#448,#449,#450,#451,#452,#453,#454,#455,#456,#457,
#458,#459,#460,#461,#462,#463,#464,#465,#466,#467,#468,#469,#470,#471,#472,
#473,#474,#475,#476,#477,#478,#479,#480,#481,#482,#483,#484,#485,#486,#487,
#488,#489,#490,#491,#492,#493,#494,#495,#496,#497,#498,#499));
#1808=EDGE_LOOP('',(#500,#501,#502,#503));
#1809=EDGE_LOOP('',(#504,#505,#506,#507));
#1810=EDGE_LOOP('',(#508,#509,#510,#511));
#1811=EDGE_LOOP('',(#512,#513,#514,#515));
#1812=EDGE_LOOP('',(#516,#517,#518,#519));
#1813=EDGE_LOOP('',(#520,#521,#522,#523));
#1814=EDGE_LOOP('',(#524,#525,#526));
#1815=EDGE_LOOP('',(#527,#528,#529,#530));
#1816=EDGE_LOOP('',(#531,#532,#533,#534));
#1817=EDGE_LOOP('',(#535,#536,#537,#538));
#1818=EDGE_LOOP('',(#539,#540,#541,#542));
#1819=EDGE_LOOP('',(#543,#544,#545,#546));
#1820=EDGE_LOOP('',(#547,#548,#549));
#1821=EDGE_LOOP('',(#550,#551,#552));
#1822=EDGE_LOOP('',(#553,#554,#555));
#1823=EDGE_LOOP('',(#556,#557,#558,#559));
#1824=EDGE_LOOP('',(#560,#561,#562,#563,#564,#565,#566,#567,#568,#569,#570,
#571,#572,#573,#574,#575,#576,#577,#578,#579,#580,#581,#582,#583,#584,#585,
#586,#587,#588,#589,#590,#591,#592,#593,#594,#595));
#1825=EDGE_LOOP('',(#596,#597,#598,#599));
#1826=EDGE_LOOP('',(#600,#601,#602,#603));
#1827=EDGE_LOOP('',(#604,#605,#606));
#1828=EDGE_LOOP('',(#607,#608,#609));
#1829=EDGE_LOOP('',(#610,#611,#612,#613));
#1830=EDGE_LOOP('',(#614,#615,#616,#617));
#1831=EDGE_LOOP('',(#618,#619,#620,#621));
#1832=EDGE_LOOP('',(#622,#623,#624,#625));
#1833=EDGE_LOOP('',(#626,#627,#628,#629));
#1834=EDGE_LOOP('',(#630,#631,#632,#633));
#1835=EDGE_LOOP('',(#634,#635,#636,#637,#638,#639));
#1836=EDGE_LOOP('',(#640,#641,#642,#643,#644,#645));
#1837=EDGE_LOOP('',(#646,#647,#648,#649));
#1838=EDGE_LOOP('',(#650,#651,#652,#653));
#1839=EDGE_LOOP('',(#654,#655,#656,#657));
#1840=EDGE_LOOP('',(#658,#659,#660,#661));
#1841=EDGE_LOOP('',(#662,#663,#664,#665));
#1842=EDGE_LOOP('',(#666,#667,#668,#669));
#1843=EDGE_LOOP('',(#670,#671,#672,#673,#674,#675));
#1844=EDGE_LOOP('',(#676,#677,#678,#679,#680,#681));
#1845=EDGE_LOOP('',(#682,#683,#684,#685));
#1846=EDGE_LOOP('',(#686,#687,#688,#689));
#1847=EDGE_LOOP('',(#690,#691,#692,#693));
#1848=EDGE_LOOP('',(#694,#695,#696,#697));
#1849=EDGE_LOOP('',(#698,#699,#700,#701));
#1850=EDGE_LOOP('',(#702,#703,#704,#705));
#1851=EDGE_LOOP('',(#706,#707,#708,#709,#710,#711));
#1852=EDGE_LOOP('',(#712,#713,#714,#715,#716,#717));
#1853=EDGE_LOOP('',(#718,#719,#720,#721));
#1854=EDGE_LOOP('',(#722,#723,#724,#725));
#1855=EDGE_LOOP('',(#726,#727,#728,#729));
#1856=EDGE_LOOP('',(#730,#731,#732,#733));
#1857=EDGE_LOOP('',(#734,#735,#736,#737));
#1858=EDGE_LOOP('',(#738,#739,#740,#741));
#1859=EDGE_LOOP('',(#742,#743,#744,#745,#746,#747));
#1860=EDGE_LOOP('',(#748,#749,#750,#751,#752,#753));
#1861=EDGE_LOOP('',(#754,#755,#756,#757));
#1862=EDGE_LOOP('',(#758,#759,#760,#761));
#1863=EDGE_LOOP('',(#762,#763,#764,#765));
#1864=EDGE_LOOP('',(#766,#767,#768,#769));
#1865=EDGE_LOOP('',(#770,#771,#772,#773));
#1866=EDGE_LOOP('',(#774,#775,#776,#777));
#1867=EDGE_LOOP('',(#778,#779,#780,#781,#782,#783));
#1868=EDGE_LOOP('',(#784,#785,#786,#787,#788,#789));
#1869=EDGE_LOOP('',(#790,#791,#792,#793));
#1870=EDGE_LOOP('',(#794,#795,#796,#797));
#1871=EDGE_LOOP('',(#798,#799,#800,#801));
#1872=EDGE_LOOP('',(#802,#803,#804,#805));
#1873=EDGE_LOOP('',(#806,#807,#808,#809));
#1874=EDGE_LOOP('',(#810,#811,#812,#813));
#1875=EDGE_LOOP('',(#814,#815,#816,#817,#818,#819));
#1876=EDGE_LOOP('',(#820,#821,#822,#823,#824,#825));
#1877=EDGE_LOOP('',(#826,#827,#828,#829));
#1878=EDGE_LOOP('',(#830,#831,#832,#833));
#1879=EDGE_LOOP('',(#834,#835,#836,#837));
#1880=EDGE_LOOP('',(#838,#839,#840,#841));
#1881=EDGE_LOOP('',(#842,#843,#844,#845));
#1882=EDGE_LOOP('',(#846,#847,#848,#849));
#1883=EDGE_LOOP('',(#850,#851,#852,#853,#854,#855));
#1884=EDGE_LOOP('',(#856,#857,#858,#859,#860,#861));
#1885=EDGE_LOOP('',(#862,#863,#864,#865));
#1886=FACE_BOUND('',#1776,.T.);
#1887=FACE_BOUND('',#1777,.T.);
#1888=FACE_BOUND('',#1778,.T.);
#1889=FACE_BOUND('',#1779,.T.);
#1890=FACE_BOUND('',#1780,.T.);
#1891=FACE_BOUND('',#1781,.T.);
#1892=FACE_BOUND('',#1782,.T.);
#1893=FACE_BOUND('',#1783,.T.);
#1894=FACE_BOUND('',#1784,.T.);
#1895=FACE_BOUND('',#1785,.T.);
#1896=FACE_BOUND('',#1786,.T.);
#1897=FACE_BOUND('',#1787,.T.);
#1898=FACE_BOUND('',#1788,.T.);
#1899=FACE_BOUND('',#1789,.T.);
#1900=FACE_BOUND('',#1790,.T.);
#1901=FACE_BOUND('',#1791,.T.);
#1902=FACE_BOUND('',#1792,.T.);
#1903=FACE_BOUND('',#1793,.T.);
#1904=FACE_BOUND('',#1794,.T.);
#1905=FACE_BOUND('',#1795,.T.);
#1906=FACE_BOUND('',#1796,.T.);
#1907=FACE_BOUND('',#1797,.T.);
#1908=FACE_BOUND('',#1798,.T.);
#1909=FACE_BOUND('',#1799,.T.);
#1910=FACE_BOUND('',#1800,.T.);
#1911=FACE_BOUND('',#1801,.T.);
#1912=FACE_BOUND('',#1802,.T.);
#1913=FACE_BOUND('',#1803,.T.);
#1914=FACE_BOUND('',#1804,.T.);
#1915=FACE_BOUND('',#1805,.T.);
#1916=FACE_BOUND('',#1806,.T.);
#1917=FACE_BOUND('',#1807,.T.);
#1918=FACE_BOUND('',#1808,.T.);
#1919=FACE_BOUND('',#1809,.T.);
#1920=FACE_BOUND('',#1810,.T.);
#1921=FACE_BOUND('',#1811,.T.);
#1922=FACE_BOUND('',#1812,.T.);
#1923=FACE_BOUND('',#1813,.T.);
#1924=FACE_BOUND('',#1814,.T.);
#1925=FACE_BOUND('',#1815,.T.);
#1926=FACE_BOUND('',#1816,.T.);
#1927=FACE_BOUND('',#1817,.T.);
#1928=FACE_BOUND('',#1818,.T.);
#1929=FACE_BOUND('',#1819,.T.);
#1930=FACE_BOUND('',#1820,.T.);
#1931=FACE_BOUND('',#1821,.T.);
#1932=FACE_BOUND('',#1822,.T.);
#1933=FACE_BOUND('',#1823,.T.);
#1934=FACE_BOUND('',#1824,.T.);
#1935=FACE_BOUND('',#1825,.T.);
#1936=FACE_BOUND('',#1826,.T.);
#1937=FACE_BOUND('',#1827,.T.);
#1938=FACE_BOUND('',#1828,.T.);
#1939=FACE_BOUND('',#1829,.T.);
#1940=FACE_BOUND('',#1830,.T.);
#1941=FACE_BOUND('',#1831,.T.);
#1942=FACE_BOUND('',#1832,.T.);
#1943=FACE_BOUND('',#1833,.T.);
#1944=FACE_BOUND('',#1834,.T.);
#1945=FACE_BOUND('',#1835,.T.);
#1946=FACE_BOUND('',#1836,.T.);
#1947=FACE_BOUND('',#1837,.T.);
#1948=FACE_BOUND('',#1838,.T.);
#1949=FACE_BOUND('',#1839,.T.);
#1950=FACE_BOUND('',#1840,.T.);
#1951=FACE_BOUND('',#1841,.T.);
#1952=FACE_BOUND('',#1842,.T.);
#1953=FACE_BOUND('',#1843,.T.);
#1954=FACE_BOUND('',#1844,.T.);
#1955=FACE_BOUND('',#1845,.T.);
#1956=FACE_BOUND('',#1846,.T.);
#1957=FACE_BOUND('',#1847,.T.);
#1958=FACE_BOUND('',#1848,.T.);
#1959=FACE_BOUND('',#1849,.T.);
#1960=FACE_BOUND('',#1850,.T.);
#1961=FACE_BOUND('',#1851,.T.);
#1962=FACE_BOUND('',#1852,.T.);
#1963=FACE_BOUND('',#1853,.T.);
#1964=FACE_BOUND('',#1854,.T.);
#1965=FACE_BOUND('',#1855,.T.);
#1966=FACE_BOUND('',#1856,.T.);
#1967=FACE_BOUND('',#1857,.T.);
#1968=FACE_BOUND('',#1858,.T.);
#1969=FACE_BOUND('',#1859,.T.);
#1970=FACE_BOUND('',#1860,.T.);
#1971=FACE_BOUND('',#1861,.T.);
#1972=FACE_BOUND('',#1862,.T.);
#1973=FACE_BOUND('',#1863,.T.);
#1974=FACE_BOUND('',#1864,.T.);
#1975=FACE_BOUND('',#1865,.T.);
#1976=FACE_BOUND('',#1866,.T.);
#1977=FACE_BOUND('',#1867,.T.);
#1978=FACE_BOUND('',#1868,.T.);
#1979=FACE_BOUND('',#1869,.T.);
#1980=FACE_BOUND('',#1870,.T.);
#1981=FACE_BOUND('',#1871,.T.);
#1982=FACE_BOUND('',#1872,.T.);
#1983=FACE_BOUND('',#1873,.T.);
#1984=FACE_BOUND('',#1874,.T.);
#1985=FACE_BOUND('',#1875,.T.);
#1986=FACE_BOUND('',#1876,.T.);
#1987=FACE_BOUND('',#1877,.T.);
#1988=FACE_BOUND('',#1878,.T.);
#1989=FACE_BOUND('',#1879,.T.);
#1990=FACE_BOUND('',#1880,.T.);
#1991=FACE_BOUND('',#1881,.T.);
#1992=FACE_BOUND('',#1882,.T.);
#1993=FACE_BOUND('',#1883,.T.);
#1994=FACE_BOUND('',#1884,.T.);
#1995=FACE_BOUND('',#1885,.T.);
#1996=PLANE('',#2163);
#1997=PLANE('',#2164);
#1998=PLANE('',#2165);
#1999=PLANE('',#2178);
#2000=PLANE('',#2179);
#2001=PLANE('',#2180);
#2002=PLANE('',#2181);
#2003=PLANE('',#2210);
#2004=PLANE('',#2211);
#2005=PLANE('',#2212);
#2006=PLANE('',#2250);
#2007=PLANE('',#2279);
#2008=PLANE('',#2280);
#2009=PLANE('',#2281);
#2010=PLANE('',#2282);
#2011=PLANE('',#2283);
#2012=PLANE('',#2321);
#2013=PLANE('',#2322);
#2014=PLANE('',#2323);
#2015=PLANE('',#2328);
#2016=PLANE('',#2329);
#2017=PLANE('',#2330);
#2018=PLANE('',#2331);
#2019=PLANE('',#2336);
#2020=PLANE('',#2337);
#2021=PLANE('',#2338);
#2022=PLANE('',#2339);
#2023=PLANE('',#2344);
#2024=PLANE('',#2345);
#2025=PLANE('',#2346);
#2026=PLANE('',#2347);
#2027=PLANE('',#2352);
#2028=PLANE('',#2353);
#2029=PLANE('',#2354);
#2030=PLANE('',#2355);
#2031=PLANE('',#2360);
#2032=PLANE('',#2361);
#2033=PLANE('',#2362);
#2034=PLANE('',#2363);
#2035=PLANE('',#2368);
#2036=PLANE('',#2369);
#2037=PLANE('',#2370);
#2038=PLANE('',#2371);
#2039=PLANE('',#2376);
#2040=ADVANCED_FACE('',(#1886),#1996,.T.);
#2041=ADVANCED_FACE('',(#1887),#1997,.F.);
#2042=ADVANCED_FACE('',(#1888),#1998,.F.);
#2043=ADVANCED_FACE('',(#1889),#160,.T.);
#2044=ADVANCED_FACE('',(#1890),#161,.T.);
#2045=ADVANCED_FACE('',(#1891),#162,.T.);
#2046=ADVANCED_FACE('',(#1892),#163,.T.);
#2047=ADVANCED_FACE('',(#1893),#1999,.T.);
#2048=ADVANCED_FACE('',(#1894),#2000,.T.);
#2049=ADVANCED_FACE('',(#1895),#2001,.F.);
#2050=ADVANCED_FACE('',(#1896),#2002,.F.);
#2051=ADVANCED_FACE('',(#1897),#2003,.T.);
#2052=ADVANCED_FACE('',(#1898),#2004,.T.);
#2053=ADVANCED_FACE('',(#1899),#2005,.F.);
#2054=ADVANCED_FACE('',(#1900),#16,.T.);
#2055=ADVANCED_FACE('',(#1901),#164,.T.);
#2056=ADVANCED_FACE('',(#1902),#165,.T.);
#2057=ADVANCED_FACE('',(#1903),#166,.T.);
#2058=ADVANCED_FACE('',(#1904),#167,.T.);
#2059=ADVANCED_FACE('',(#1905),#168,.T.);
#2060=ADVANCED_FACE('',(#1906),#17,.T.);
#2061=ADVANCED_FACE('',(#1907),#18,.T.);
#2062=ADVANCED_FACE('',(#1908),#19,.T.);
#2063=ADVANCED_FACE('',(#1909),#169,.T.);
#2064=ADVANCED_FACE('',(#1910),#170,.T.);
#2065=ADVANCED_FACE('',(#1911),#171,.T.);
#2066=ADVANCED_FACE('',(#1912),#172,.T.);
#2067=ADVANCED_FACE('',(#1913),#173,.T.);
#2068=ADVANCED_FACE('',(#1914),#20,.T.);
#2069=ADVANCED_FACE('',(#1915),#21,.T.);
#2070=ADVANCED_FACE('',(#1916),#174,.T.);
#2071=ADVANCED_FACE('',(#1917),#2006,.T.);
#2072=ADVANCED_FACE('',(#1918),#2007,.F.);
#2073=ADVANCED_FACE('',(#1919),#2008,.F.);
#2074=ADVANCED_FACE('',(#1920),#2009,.T.);
#2075=ADVANCED_FACE('',(#1921),#2010,.T.);
#2076=ADVANCED_FACE('',(#1922),#2011,.F.);
#2077=ADVANCED_FACE('',(#1923),#175,.T.);
#2078=ADVANCED_FACE('',(#1924),#22,.T.);
#2079=ADVANCED_FACE('',(#1925),#176,.T.);
#2080=ADVANCED_FACE('',(#1926),#177,.T.);
#2081=ADVANCED_FACE('',(#1927),#178,.T.);
#2082=ADVANCED_FACE('',(#1928),#179,.T.);
#2083=ADVANCED_FACE('',(#1929),#180,.T.);
#2084=ADVANCED_FACE('',(#1930),#23,.T.);
#2085=ADVANCED_FACE('',(#1931),#24,.T.);
#2086=ADVANCED_FACE('',(#1932),#25,.T.);
#2087=ADVANCED_FACE('',(#1933),#181,.T.);
#2088=ADVANCED_FACE('',(#1934),#182,.T.);
#2089=ADVANCED_FACE('',(#1935),#183,.T.);
#2090=ADVANCED_FACE('',(#1936),#184,.T.);
#2091=ADVANCED_FACE('',(#1937),#26,.T.);
#2092=ADVANCED_FACE('',(#1938),#27,.T.);
#2093=ADVANCED_FACE('',(#1939),#185,.T.);
#2094=ADVANCED_FACE('',(#1940),#2012,.T.);
#2095=ADVANCED_FACE('',(#1941),#2013,.F.);
#2096=ADVANCED_FACE('',(#1942),#2014,.F.);
#2097=ADVANCED_FACE('',(#1943),#186,.T.);
#2098=ADVANCED_FACE('',(#1944),#187,.T.);
#2099=ADVANCED_FACE('',(#1945),#188,.T.);
#2100=ADVANCED_FACE('',(#1946),#189,.T.);
#2101=ADVANCED_FACE('',(#1947),#2015,.T.);
#2102=ADVANCED_FACE('',(#1948),#2016,.T.);
#2103=ADVANCED_FACE('',(#1949),#2017,.F.);
#2104=ADVANCED_FACE('',(#1950),#2018,.F.);
#2105=ADVANCED_FACE('',(#1951),#190,.T.);
#2106=ADVANCED_FACE('',(#1952),#191,.T.);
#2107=ADVANCED_FACE('',(#1953),#192,.T.);
#2108=ADVANCED_FACE('',(#1954),#193,.T.);
#2109=ADVANCED_FACE('',(#1955),#2019,.T.);
#2110=ADVANCED_FACE('',(#1956),#2020,.T.);
#2111=ADVANCED_FACE('',(#1957),#2021,.F.);
#2112=ADVANCED_FACE('',(#1958),#2022,.F.);
#2113=ADVANCED_FACE('',(#1959),#194,.T.);
#2114=ADVANCED_FACE('',(#1960),#195,.T.);
#2115=ADVANCED_FACE('',(#1961),#196,.T.);
#2116=ADVANCED_FACE('',(#1962),#197,.T.);
#2117=ADVANCED_FACE('',(#1963),#2023,.T.);
#2118=ADVANCED_FACE('',(#1964),#2024,.T.);
#2119=ADVANCED_FACE('',(#1965),#2025,.F.);
#2120=ADVANCED_FACE('',(#1966),#2026,.F.);
#2121=ADVANCED_FACE('',(#1967),#198,.T.);
#2122=ADVANCED_FACE('',(#1968),#199,.T.);
#2123=ADVANCED_FACE('',(#1969),#200,.T.);
#2124=ADVANCED_FACE('',(#1970),#201,.T.);
#2125=ADVANCED_FACE('',(#1971),#2027,.T.);
#2126=ADVANCED_FACE('',(#1972),#2028,.T.);
#2127=ADVANCED_FACE('',(#1973),#2029,.F.);
#2128=ADVANCED_FACE('',(#1974),#2030,.F.);
#2129=ADVANCED_FACE('',(#1975),#202,.T.);
#2130=ADVANCED_FACE('',(#1976),#203,.T.);
#2131=ADVANCED_FACE('',(#1977),#204,.T.);
#2132=ADVANCED_FACE('',(#1978),#205,.T.);
#2133=ADVANCED_FACE('',(#1979),#2031,.T.);
#2134=ADVANCED_FACE('',(#1980),#2032,.T.);
#2135=ADVANCED_FACE('',(#1981),#2033,.F.);
#2136=ADVANCED_FACE('',(#1982),#2034,.F.);
#2137=ADVANCED_FACE('',(#1983),#206,.T.);
#2138=ADVANCED_FACE('',(#1984),#207,.T.);
#2139=ADVANCED_FACE('',(#1985),#208,.T.);
#2140=ADVANCED_FACE('',(#1986),#209,.T.);
#2141=ADVANCED_FACE('',(#1987),#2035,.T.);
#2142=ADVANCED_FACE('',(#1988),#2036,.T.);
#2143=ADVANCED_FACE('',(#1989),#2037,.F.);
#2144=ADVANCED_FACE('',(#1990),#2038,.F.);
#2145=ADVANCED_FACE('',(#1991),#210,.T.);
#2146=ADVANCED_FACE('',(#1992),#211,.T.);
#2147=ADVANCED_FACE('',(#1993),#212,.T.);
#2148=ADVANCED_FACE('',(#1994),#213,.T.);
#2149=ADVANCED_FACE('',(#1995),#2039,.T.);
#2150=CLOSED_SHELL('',(#2040,#2041,#2042,#2043,#2044,#2045,#2046,#2047,
#2048,#2049,#2050,#2051,#2052,#2053,#2054,#2055,#2056,#2057,#2058,#2059,
#2060,#2061,#2062,#2063,#2064,#2065,#2066,#2067,#2068,#2069,#2070,#2071,
#2072,#2073,#2074,#2075,#2076,#2077,#2078,#2079,#2080,#2081,#2082,#2083,
#2084,#2085,#2086,#2087,#2088,#2089,#2090,#2091,#2092,#2093,#2094,#2095,
#2096,#2097,#2098,#2099,#2100,#2101,#2102,#2103,#2104,#2105,#2106,#2107,
#2108,#2109,#2110,#2111,#2112,#2113,#2114,#2115,#2116,#2117,#2118,#2119,
#2120,#2121,#2122,#2123,#2124,#2125,#2126,#2127,#2128,#2129,#2130,#2131,
#2132,#2133,#2134,#2135,#2136,#2137,#2138,#2139,#2140,#2141,#2142,#2143,
#2144,#2145,#2146,#2147,#2148,#2149));
#2151=STYLED_ITEM('',(#2152),#2159);
#2152=PRESENTATION_STYLE_ASSIGNMENT((#2153));
#2153=SURFACE_STYLE_USAGE(.BOTH.,#2154);
#2154=SURFACE_SIDE_STYLE('',(#2155));
#2155=SURFACE_STYLE_FILL_AREA(#2156);
#2156=FILL_AREA_STYLE('',(#2157));
#2157=FILL_AREA_STYLE_COLOUR('',#2158);
#2158=COLOUR_RGB('',0.231372549019608,0.380392156862745,0.705882352941177);
#2159=MANIFOLD_SOLID_BREP('Part 1',#2150);
#2160=SHAPE_DEFINITION_REPRESENTATION(#3740,#2161);
#2161=SHAPE_REPRESENTATION('Part 1',(#2162),#3735);
#2162=AXIS2_PLACEMENT_3D('',#2997,#2377,#2378);
#2163=AXIS2_PLACEMENT_3D('',#2998,#2379,#2380);
#2164=AXIS2_PLACEMENT_3D('',#3007,#2385,#2386);
#2165=AXIS2_PLACEMENT_3D('',#3016,#2391,#2392);
#2166=AXIS2_PLACEMENT_3D('',#3025,#2397,#2398);
#2167=AXIS2_PLACEMENT_3D('',#3026,#2399,#2400);
#2168=AXIS2_PLACEMENT_3D('',#3027,#2401,#2402);
#2169=AXIS2_PLACEMENT_3D('',#3028,#2403,#2404);
#2170=AXIS2_PLACEMENT_3D('',#3029,#2405,#2406);
#2171=AXIS2_PLACEMENT_3D('',#3030,#2407,#2408);
#2172=AXIS2_PLACEMENT_3D('',#3031,#2409,#2410);
#2173=AXIS2_PLACEMENT_3D('',#3032,#2411,#2412);
#2174=AXIS2_PLACEMENT_3D('',#3046,#2414,#2415);
#2175=AXIS2_PLACEMENT_3D('',#3047,#2416,#2417);
#2176=AXIS2_PLACEMENT_3D('',#3048,#2418,#2419);
#2177=AXIS2_PLACEMENT_3D('',#3050,#2420,#2421);
#2178=AXIS2_PLACEMENT_3D('',#3063,#2423,#2424);
#2179=AXIS2_PLACEMENT_3D('',#3066,#2427,#2428);
#2180=AXIS2_PLACEMENT_3D('',#3075,#2433,#2434);
#2181=AXIS2_PLACEMENT_3D('',#3084,#2439,#2440);
#2182=AXIS2_PLACEMENT_3D('',#3085,#2441,#2442);
#2183=AXIS2_PLACEMENT_3D('',#3090,#2444,#2445);
#2184=AXIS2_PLACEMENT_3D('',#3094,#2447,#2448);
#2185=AXIS2_PLACEMENT_3D('',#3098,#2450,#2451);
#2186=AXIS2_PLACEMENT_3D('',#3102,#2453,#2454);
#2187=AXIS2_PLACEMENT_3D('',#3106,#2456,#2457);
#2188=AXIS2_PLACEMENT_3D('',#3110,#2459,#2460);
#2189=AXIS2_PLACEMENT_3D('',#3114,#2462,#2463);
#2190=AXIS2_PLACEMENT_3D('',#3118,#2465,#2466);
#2191=AXIS2_PLACEMENT_3D('',#3122,#2468,#2469);
#2192=AXIS2_PLACEMENT_3D('',#3126,#2471,#2472);
#2193=AXIS2_PLACEMENT_3D('',#3130,#2474,#2475);
#2194=AXIS2_PLACEMENT_3D('',#3134,#2477,#2478);
#2195=AXIS2_PLACEMENT_3D('',#3138,#2480,#2481);
#2196=AXIS2_PLACEMENT_3D('',#3142,#2483,#2484);
#2197=AXIS2_PLACEMENT_3D('',#3146,#2486,#2487);
#2198=AXIS2_PLACEMENT_3D('',#3150,#2489,#2490);
#2199=AXIS2_PLACEMENT_3D('',#3154,#2492,#2493);
#2200=AXIS2_PLACEMENT_3D('',#3158,#2495,#2496);
#2201=AXIS2_PLACEMENT_3D('',#3162,#2498,#2499);
#2202=AXIS2_PLACEMENT_3D('',#3166,#2501,#2502);
#2203=AXIS2_PLACEMENT_3D('',#3170,#2504,#2505);
#2204=AXIS2_PLACEMENT_3D('',#3174,#2507,#2508);
#2205=AXIS2_PLACEMENT_3D('',#3178,#2510,#2511);
#2206=AXIS2_PLACEMENT_3D('',#3182,#2513,#2514);
#2207=AXIS2_PLACEMENT_3D('',#3195,#2521,#2522);
#2208=AXIS2_PLACEMENT_3D('',#3199,#2524,#2525);
#2209=AXIS2_PLACEMENT_3D('',#3203,#2527,#2528);
#2210=AXIS2_PLACEMENT_3D('',#3206,#2530,#2531);
#2211=AXIS2_PLACEMENT_3D('',#3215,#2536,#2537);
#2212=AXIS2_PLACEMENT_3D('',#3224,#2542,#2543);
#2213=AXIS2_PLACEMENT_3D('',#3230,#2547,#2548);
#2214=AXIS2_PLACEMENT_3D('',#3231,#2549,#2550);
#2215=AXIS2_PLACEMENT_3D('',#3232,#2551,#2552);
#2216=AXIS2_PLACEMENT_3D('',#3233,#2553,#2554);
#2217=AXIS2_PLACEMENT_3D('',#3234,#2555,#2556);
#2218=AXIS2_PLACEMENT_3D('',#3235,#2557,#2558);
#2219=AXIS2_PLACEMENT_3D('',#3236,#2559,#2560);
#2220=AXIS2_PLACEMENT_3D('',#3237,#2561,#2562);
#2221=AXIS2_PLACEMENT_3D('',#3238,#2563,#2564);
#2222=AXIS2_PLACEMENT_3D('',#3239,#2565,#2566);
#2223=AXIS2_PLACEMENT_3D('',#3240,#2567,#2568);
#2224=AXIS2_PLACEMENT_3D('',#3241,#2569,#2570);
#2225=AXIS2_PLACEMENT_3D('',#3242,#2571,#2572);
#2226=AXIS2_PLACEMENT_3D('',#3243,#2573,#2574);
#2227=AXIS2_PLACEMENT_3D('',#3244,#2575,#2576);
#2228=AXIS2_PLACEMENT_3D('',#3245,#2577,#2578);
#2229=AXIS2_PLACEMENT_3D('',#3246,#2579,#2580);
#2230=AXIS2_PLACEMENT_3D('',#3247,#2581,#2582);
#2231=AXIS2_PLACEMENT_3D('',#3248,#2583,#2584);
#2232=AXIS2_PLACEMENT_3D('',#3249,#2585,#2586);
#2233=AXIS2_PLACEMENT_3D('',#3250,#2587,#2588);
#2234=AXIS2_PLACEMENT_3D('',#3251,#2589,#2590);
#2235=AXIS2_PLACEMENT_3D('',#3252,#2591,#2592);
#2236=AXIS2_PLACEMENT_3D('',#3253,#2593,#2594);
#2237=AXIS2_PLACEMENT_3D('',#3254,#2595,#2596);
#2238=AXIS2_PLACEMENT_3D('',#3255,#2597,#2598);
#2239=AXIS2_PLACEMENT_3D('',#3256,#2599,#2600);
#2240=AXIS2_PLACEMENT_3D('',#3257,#2601,#2602);
#2241=AXIS2_PLACEMENT_3D('',#3258,#2603,#2604);
#2242=AXIS2_PLACEMENT_3D('',#3270,#2606,#2607);
#2243=AXIS2_PLACEMENT_3D('',#3337,#2614,#2615);
#2244=AXIS2_PLACEMENT_3D('',#3338,#2616,#2617);
#2245=AXIS2_PLACEMENT_3D('',#3339,#2618,#2619);
#2246=AXIS2_PLACEMENT_3D('',#3340,#2620,#2621);
#2247=AXIS2_PLACEMENT_3D('',#3341,#2622,#2623);
#2248=AXIS2_PLACEMENT_3D('',#3342,#2624,#2625);
#2249=AXIS2_PLACEMENT_3D('',#3343,#2626,#2627);
#2250=AXIS2_PLACEMENT_3D('',#3344,#2628,#2629);
#2251=AXIS2_PLACEMENT_3D('',#3348,#2631,#2632);
#2252=AXIS2_PLACEMENT_3D('',#3352,#2634,#2635);
#2253=AXIS2_PLACEMENT_3D('',#3356,#2637,#2638);
#2254=AXIS2_PLACEMENT_3D('',#3360,#2640,#2641);
#2255=AXIS2_PLACEMENT_3D('',#3373,#2648,#2649);
#2256=AXIS2_PLACEMENT_3D('',#3377,#2651,#2652);
#2257=AXIS2_PLACEMENT_3D('',#3381,#2654,#2655);
#2258=AXIS2_PLACEMENT_3D('',#3385,#2657,#2658);
#2259=AXIS2_PLACEMENT_3D('',#3389,#2660,#2661);
#2260=AXIS2_PLACEMENT_3D('',#3393,#2663,#2664);
#2261=AXIS2_PLACEMENT_3D('',#3397,#2666,#2667);
#2262=AXIS2_PLACEMENT_3D('',#3401,#2669,#2670);
#2263=AXIS2_PLACEMENT_3D('',#3405,#2672,#2673);
#2264=AXIS2_PLACEMENT_3D('',#3409,#2675,#2676);
#2265=AXIS2_PLACEMENT_3D('',#3413,#2678,#2679);
#2266=AXIS2_PLACEMENT_3D('',#3417,#2681,#2682);
#2267=AXIS2_PLACEMENT_3D('',#3421,#2684,#2685);
#2268=AXIS2_PLACEMENT_3D('',#3425,#2687,#2688);
#2269=AXIS2_PLACEMENT_3D('',#3429,#2690,#2691);
#2270=AXIS2_PLACEMENT_3D('',#3433,#2693,#2694);
#2271=AXIS2_PLACEMENT_3D('',#3437,#2696,#2697);
#2272=AXIS2_PLACEMENT_3D('',#3441,#2699,#2700);
#2273=AXIS2_PLACEMENT_3D('',#3445,#2702,#2703);
#2274=AXIS2_PLACEMENT_3D('',#3449,#2705,#2706);
#2275=AXIS2_PLACEMENT_3D('',#3453,#2708,#2709);
#2276=AXIS2_PLACEMENT_3D('',#3457,#2711,#2712);
#2277=AXIS2_PLACEMENT_3D('',#3461,#2714,#2715);
#2278=AXIS2_PLACEMENT_3D('',#3465,#2717,#2718);
#2279=AXIS2_PLACEMENT_3D('',#3466,#2719,#2720);
#2280=AXIS2_PLACEMENT_3D('',#3475,#2725,#2726);
#2281=AXIS2_PLACEMENT_3D('',#3484,#2731,#2732);
#2282=AXIS2_PLACEMENT_3D('',#3493,#2737,#2738);
#2283=AXIS2_PLACEMENT_3D('',#3502,#2743,#2744);
#2284=AXIS2_PLACEMENT_3D('',#3508,#2748,#2749);
#2285=AXIS2_PLACEMENT_3D('',#3509,#2750,#2751);
#2286=AXIS2_PLACEMENT_3D('',#3510,#2752,#2753);
#2287=AXIS2_PLACEMENT_3D('',#3511,#2754,#2755);
#2288=AXIS2_PLACEMENT_3D('',#3512,#2756,#2757);
#2289=AXIS2_PLACEMENT_3D('',#3513,#2758,#2759);
#2290=AXIS2_PLACEMENT_3D('',#3514,#2760,#2761);
#2291=AXIS2_PLACEMENT_3D('',#3515,#2762,#2763);
#2292=AXIS2_PLACEMENT_3D('',#3516,#2764,#2765);
#2293=AXIS2_PLACEMENT_3D('',#3517,#2766,#2767);
#2294=AXIS2_PLACEMENT_3D('',#3518,#2768,#2769);
#2295=AXIS2_PLACEMENT_3D('',#3519,#2770,#2771);
#2296=AXIS2_PLACEMENT_3D('',#3520,#2772,#2773);
#2297=AXIS2_PLACEMENT_3D('',#3521,#2774,#2775);
#2298=AXIS2_PLACEMENT_3D('',#3522,#2776,#2777);
#2299=AXIS2_PLACEMENT_3D('',#3523,#2778,#2779);
#2300=AXIS2_PLACEMENT_3D('',#3524,#2780,#2781);
#2301=AXIS2_PLACEMENT_3D('',#3525,#2782,#2783);
#2302=AXIS2_PLACEMENT_3D('',#3526,#2784,#2785);
#2303=AXIS2_PLACEMENT_3D('',#3527,#2786,#2787);
#2304=AXIS2_PLACEMENT_3D('',#3528,#2788,#2789);
#2305=AXIS2_PLACEMENT_3D('',#3529,#2790,#2791);
#2306=AXIS2_PLACEMENT_3D('',#3530,#2792,#2793);
#2307=AXIS2_PLACEMENT_3D('',#3531,#2794,#2795);
#2308=AXIS2_PLACEMENT_3D('',#3532,#2796,#2797);
#2309=AXIS2_PLACEMENT_3D('',#3533,#2798,#2799);
#2310=AXIS2_PLACEMENT_3D('',#3534,#2800,#2801);
#2311=AXIS2_PLACEMENT_3D('',#3608,#2809,#2810);
#2312=AXIS2_PLACEMENT_3D('',#3613,#2811,#2812);
#2313=AXIS2_PLACEMENT_3D('',#3614,#2813,#2814);
#2314=AXIS2_PLACEMENT_3D('',#3615,#2815,#2816);
#2315=AXIS2_PLACEMENT_3D('',#3616,#2817,#2818);
#2316=AXIS2_PLACEMENT_3D('',#3617,#2819,#2820);
#2317=AXIS2_PLACEMENT_3D('',#3618,#2821,#2822);
#2318=AXIS2_PLACEMENT_3D('',#3619,#2823,#2824);
#2319=AXIS2_PLACEMENT_3D('',#3620,#2825,#2826);
#2320=AXIS2_PLACEMENT_3D('',#3621,#2827,#2828);
#2321=AXIS2_PLACEMENT_3D('',#3622,#2829,#2830);
#2322=AXIS2_PLACEMENT_3D('',#3625,#2833,#2834);
#2323=AXIS2_PLACEMENT_3D('',#3628,#2837,#2838);
#2324=AXIS2_PLACEMENT_3D('',#3631,#2841,#2842);
#2325=AXIS2_PLACEMENT_3D('',#3632,#2843,#2844);
#2326=AXIS2_PLACEMENT_3D('',#3633,#2845,#2846);
#2327=AXIS2_PLACEMENT_3D('',#3635,#2848,#2849);
#2328=AXIS2_PLACEMENT_3D('',#3637,#2851,#2852);
#2329=AXIS2_PLACEMENT_3D('',#3638,#2853,#2854);
#2330=AXIS2_PLACEMENT_3D('',#3641,#2857,#2858);
#2331=AXIS2_PLACEMENT_3D('',#3644,#2861,#2862);
#2332=AXIS2_PLACEMENT_3D('',#3647,#2865,#2866);
#2333=AXIS2_PLACEMENT_3D('',#3648,#2867,#2868);
#2334=AXIS2_PLACEMENT_3D('',#3649,#2869,#2870);
#2335=AXIS2_PLACEMENT_3D('',#3651,#2872,#2873);
#2336=AXIS2_PLACEMENT_3D('',#3653,#2875,#2876);
#2337=AXIS2_PLACEMENT_3D('',#3654,#2877,#2878);
#2338=AXIS2_PLACEMENT_3D('',#3657,#2881,#2882);
#2339=AXIS2_PLACEMENT_3D('',#3660,#2885,#2886);
#2340=AXIS2_PLACEMENT_3D('',#3663,#2889,#2890);
#2341=AXIS2_PLACEMENT_3D('',#3664,#2891,#2892);
#2342=AXIS2_PLACEMENT_3D('',#3665,#2893,#2894);
#2343=AXIS2_PLACEMENT_3D('',#3667,#2896,#2897);
#2344=AXIS2_PLACEMENT_3D('',#3669,#2899,#2900);
#2345=AXIS2_PLACEMENT_3D('',#3670,#2901,#2902);
#2346=AXIS2_PLACEMENT_3D('',#3673,#2905,#2906);
#2347=AXIS2_PLACEMENT_3D('',#3676,#2909,#2910);
#2348=AXIS2_PLACEMENT_3D('',#3679,#2913,#2914);
#2349=AXIS2_PLACEMENT_3D('',#3680,#2915,#2916);
#2350=AXIS2_PLACEMENT_3D('',#3681,#2917,#2918);
#2351=AXIS2_PLACEMENT_3D('',#3683,#2920,#2921);
#2352=AXIS2_PLACEMENT_3D('',#3685,#2923,#2924);
#2353=AXIS2_PLACEMENT_3D('',#3686,#2925,#2926);
#2354=AXIS2_PLACEMENT_3D('',#3689,#2929,#2930);
#2355=AXIS2_PLACEMENT_3D('',#3692,#2933,#2934);
#2356=AXIS2_PLACEMENT_3D('',#3695,#2937,#2938);
#2357=AXIS2_PLACEMENT_3D('',#3696,#2939,#2940);
#2358=AXIS2_PLACEMENT_3D('',#3697,#2941,#2942);
#2359=AXIS2_PLACEMENT_3D('',#3699,#2944,#2945);
#2360=AXIS2_PLACEMENT_3D('',#3701,#2947,#2948);
#2361=AXIS2_PLACEMENT_3D('',#3702,#2949,#2950);
#2362=AXIS2_PLACEMENT_3D('',#3705,#2953,#2954);
#2363=AXIS2_PLACEMENT_3D('',#3708,#2957,#2958);
#2364=AXIS2_PLACEMENT_3D('',#3711,#2961,#2962);
#2365=AXIS2_PLACEMENT_3D('',#3712,#2963,#2964);
#2366=AXIS2_PLACEMENT_3D('',#3713,#2965,#2966);
#2367=AXIS2_PLACEMENT_3D('',#3715,#2968,#2969);
#2368=AXIS2_PLACEMENT_3D('',#3717,#2971,#2972);
#2369=AXIS2_PLACEMENT_3D('',#3718,#2973,#2974);
#2370=AXIS2_PLACEMENT_3D('',#3721,#2977,#2978);
#2371=AXIS2_PLACEMENT_3D('',#3724,#2981,#2982);
#2372=AXIS2_PLACEMENT_3D('',#3727,#2985,#2986);
#2373=AXIS2_PLACEMENT_3D('',#3728,#2987,#2988);
#2374=AXIS2_PLACEMENT_3D('',#3729,#2989,#2990);
#2375=AXIS2_PLACEMENT_3D('',#3731,#2992,#2993);
#2376=AXIS2_PLACEMENT_3D('',#3733,#2995,#2996);
#2377=DIRECTION('',(0.,0.,1.));
#2378=DIRECTION('',(1.,0.,0.));
#2379=DIRECTION('',(0.,1.,0.));
#2380=DIRECTION('',(0.,0.,1.));
#2381=DIRECTION('',(0.,0.,1.));
#2382=DIRECTION('',(1.,0.,0.));
#2383=DIRECTION('',(0.,0.,1.));
#2384=DIRECTION('',(1.,0.,0.));
#2385=DIRECTION('',(0.,1.,0.));
#2386=DIRECTION('',(0.,0.,1.));
#2387=DIRECTION('',(1.,0.,0.));
#2388=DIRECTION('',(0.,0.,1.));
#2389=DIRECTION('',(1.,0.,0.));
#2390=DIRECTION('',(0.,0.,1.));
#2391=DIRECTION('',(0.,0.,1.));
#2392=DIRECTION('',(1.,0.,0.));
#2393=DIRECTION('',(1.,0.,0.));
#2394=DIRECTION('',(0.,-1.,0.));
#2395=DIRECTION('',(1.,0.,0.));
#2396=DIRECTION('',(1.8454505063583E-16,-1.,0.));
#2397=DIRECTION('',(1.,0.,0.));
#2398=DIRECTION('',(0.,0.,-1.));
#2399=DIRECTION('',(-1.,0.,0.));
#2400=DIRECTION('',(0.,0.,1.));
#2401=DIRECTION('',(-1.,-1.8454505063583E-16,0.));
#2402=DIRECTION('',(1.8454505063583E-16,-1.,0.));
#2403=DIRECTION('',(-1.,0.,0.));
#2404=DIRECTION('',(0.,0.,1.));
#2405=DIRECTION('',(-1.,0.,0.));
#2406=DIRECTION('',(0.,0.,1.));
#2407=DIRECTION('',(-1.,-1.8454505063583E-16,0.));
#2408=DIRECTION('',(1.8454505063583E-16,-1.,0.));
#2409=DIRECTION('',(-1.,0.,0.));
#2410=DIRECTION('',(0.,0.,1.));
#2411=DIRECTION('',(-1.,0.,0.));
#2412=DIRECTION('',(0.,0.,1.));
#2413=DIRECTION('',(1.,0.,0.));
#2414=DIRECTION('',(-1.,-1.8454505063583E-16,0.));
#2415=DIRECTION('',(1.8454505063583E-16,-1.,0.));
#2416=DIRECTION('',(1.,0.,0.));
#2417=DIRECTION('',(0.,0.,-1.));
#2418=DIRECTION('',(-1.,0.,0.));
#2419=DIRECTION('',(0.,0.,1.));
#2420=DIRECTION('',(-1.,-1.8454505063583E-16,0.));
#2421=DIRECTION('',(1.8454505063583E-16,-1.,0.));
#2422=DIRECTION('',(1.,0.,0.));
#2423=DIRECTION('',(0.,0.,1.));
#2424=DIRECTION('',(1.,0.,0.));
#2425=DIRECTION('',(0.,1.,0.));
#2426=DIRECTION('',(1.8454505063583E-16,-1.,0.));
#2427=DIRECTION('',(-1.,0.,0.));
#2428=DIRECTION('',(0.,0.,1.));
#2429=DIRECTION('',(0.,0.,-1.));
#2430=DIRECTION('',(0.,1.,0.));
#2431=DIRECTION('',(0.,0.,-1.));
#2432=DIRECTION('',(0.,1.,0.));
#2433=DIRECTION('',(0.,1.,0.));
#2434=DIRECTION('',(0.,0.,1.));
#2435=DIRECTION('',(1.,0.,0.));
#2436=DIRECTION('',(0.,0.,-1.));
#2437=DIRECTION('',(1.,0.,0.));
#2438=DIRECTION('',(0.,0.,-1.));
#2439=DIRECTION('',(-1.,-1.8454505063583E-16,0.));
#2440=DIRECTION('',(1.8454505063583E-16,-1.,0.));
#2441=DIRECTION('',(-1.,-1.8454505063583E-16,0.));
#2442=DIRECTION('',(1.8454505063583E-16,-1.,0.));
#2443=DIRECTION('',(-1.8454505063583E-16,1.,0.));
#2444=DIRECTION('',(-1.,-1.8454505063583E-16,0.));
#2445=DIRECTION('',(1.8454505063583E-16,-1.,0.));
#2446=DIRECTION('',(0.,0.,1.));
#2447=DIRECTION('',(-1.,-1.8454505063583E-16,0.));
#2448=DIRECTION('',(1.8454505063583E-16,-1.,0.));
#2449=DIRECTION('',(1.8454505063583E-16,-1.,0.));
#2450=DIRECTION('',(-1.,-1.8454505063583E-16,0.));
#2451=DIRECTION('',(1.8454505063583E-16,-1.,0.));
#2452=DIRECTION('',(0.,0.,1.));
#2453=DIRECTION('',(-1.,-1.8454505063583E-16,0.));
#2454=DIRECTION('',(1.8454505063583E-16,-1.,0.));
#2455=DIRECTION('',(-1.8454505063583E-16,1.,0.));
#2456=DIRECTION('',(-1.,-1.8454505063583E-16,0.));
#2457=DIRECTION('',(1.8454505063583E-16,-1.,0.));
#2458=DIRECTION('',(0.,0.,1.));
#2459=DIRECTION('',(-1.,-1.8454505063583E-16,0.));
#2460=DIRECTION('',(1.8454505063583E-16,-1.,0.));
#2461=DIRECTION('',(1.8454505063583E-16,-1.,0.));
#2462=DIRECTION('',(-1.,-1.8454505063583E-16,0.));
#2463=DIRECTION('',(1.8454505063583E-16,-1.,0.));
#2464=DIRECTION('',(0.,0.,1.));
#2465=DIRECTION('',(-1.,-1.8454505063583E-16,0.));
#2466=DIRECTION('',(1.8454505063583E-16,-1.,0.));
#2467=DIRECTION('',(-1.8454505063583E-16,1.,0.));
#2468=DIRECTION('',(-1.,-1.8454505063583E-16,0.));
#2469=DIRECTION('',(1.8454505063583E-16,-1.,0.));
#2470=DIRECTION('',(0.,0.,1.));
#2471=DIRECTION('',(-1.,-1.8454505063583E-16,0.));
#2472=DIRECTION('',(1.8454505063583E-16,-1.,0.));
#2473=DIRECTION('',(1.8454505063583E-16,-1.,0.));
#2474=DIRECTION('',(-1.,-1.8454505063583E-16,0.));
#2475=DIRECTION('',(1.8454505063583E-16,-1.,0.));
#2476=DIRECTION('',(0.,0.,1.));
#2477=DIRECTION('',(-1.,-1.8454505063583E-16,0.));
#2478=DIRECTION('',(1.8454505063583E-16,-1.,0.));
#2479=DIRECTION('',(-1.8454505063583E-16,1.,0.));
#2480=DIRECTION('',(-1.,-1.8454505063583E-16,0.));
#2481=DIRECTION('',(1.8454505063583E-16,-1.,0.));
#2482=DIRECTION('',(0.,0.,1.));
#2483=DIRECTION('',(-1.,-1.8454505063583E-16,0.));
#2484=DIRECTION('',(1.8454505063583E-16,-1.,0.));
#2485=DIRECTION('',(1.8454505063583E-16,-1.,0.));
#2486=DIRECTION('',(-1.,-1.8454505063583E-16,0.));
#2487=DIRECTION('',(1.8454505063583E-16,-1.,0.));
#2488=DIRECTION('',(0.,0.,1.));
#2489=DIRECTION('',(-1.,-1.8454505063583E-16,0.));
#2490=DIRECTION('',(1.8454505063583E-16,-1.,0.));
#2491=DIRECTION('',(-1.8454505063583E-16,1.,0.));
#2492=DIRECTION('',(-1.,-1.8454505063583E-16,0.));
#2493=DIRECTION('',(1.8454505063583E-16,-1.,0.));
#2494=DIRECTION('',(0.,0.,1.));
#2495=DIRECTION('',(-1.,-1.8454505063583E-16,0.));
#2496=DIRECTION('',(1.8454505063583E-16,-1.,0.));
#2497=DIRECTION('',(1.8454505063583E-16,-1.,0.));
#2498=DIRECTION('',(-1.,-1.8454505063583E-16,0.));
#2499=DIRECTION('',(1.8454505063583E-16,-1.,0.));
#2500=DIRECTION('',(0.,0.,1.));
#2501=DIRECTION('',(-1.,-1.8454505063583E-16,0.));
#2502=DIRECTION('',(1.8454505063583E-16,-1.,0.));
#2503=DIRECTION('',(-1.8454505063583E-16,1.,0.));
#2504=DIRECTION('',(-1.,-1.8454505063583E-16,0.));
#2505=DIRECTION('',(1.8454505063583E-16,-1.,0.));
#2506=DIRECTION('',(0.,0.,1.));
#2507=DIRECTION('',(-1.,-1.8454505063583E-16,0.));
#2508=DIRECTION('',(1.8454505063583E-16,-1.,0.));
#2509=DIRECTION('',(1.8454505063583E-16,-1.,0.));
#2510=DIRECTION('',(-1.,-1.8454505063583E-16,0.));
#2511=DIRECTION('',(1.8454505063583E-16,-1.,0.));
#2512=DIRECTION('',(0.,0.,1.));
#2513=DIRECTION('',(-1.,-1.8454505063583E-16,0.));
#2514=DIRECTION('',(1.8454505063583E-16,-1.,0.));
#2515=DIRECTION('',(-1.8454505063583E-16,1.,0.));
#2516=DIRECTION('',(-1.8454505063583E-16,1.,0.));
#2517=DIRECTION('',(0.,0.,-1.));
#2518=DIRECTION('',(-1.8454505063583E-16,1.,0.));
#2519=DIRECTION('',(0.,0.,-1.));
#2520=DIRECTION('',(-1.8454505063583E-16,1.,0.));
#2521=DIRECTION('',(-1.,-1.8454505063583E-16,0.));
#2522=DIRECTION('',(1.8454505063583E-16,-1.,0.));
#2523=DIRECTION('',(0.,0.,1.));
#2524=DIRECTION('',(-1.,-1.8454505063583E-16,0.));
#2525=DIRECTION('',(1.8454505063583E-16,-1.,0.));
#2526=DIRECTION('',(1.8454505063583E-16,-1.,0.));
#2527=DIRECTION('',(-1.,-1.8454505063583E-16,0.));
#2528=DIRECTION('',(1.8454505063583E-16,-1.,0.));
#2529=DIRECTION('',(0.,0.,1.));
#2530=DIRECTION('',(0.,1.,0.));
#2531=DIRECTION('',(0.,0.,1.));
#2532=DIRECTION('',(1.,0.,0.));
#2533=DIRECTION('',(0.,0.,-1.));
#2534=DIRECTION('',(1.,0.,0.));
#2535=DIRECTION('',(0.,0.,-1.));
#2536=DIRECTION('',(0.,0.,1.));
#2537=DIRECTION('',(1.,0.,0.));
#2538=DIRECTION('',(1.,0.,0.));
#2539=DIRECTION('',(-1.8454505063583E-16,1.,0.));
#2540=DIRECTION('',(1.,0.,0.));
#2541=DIRECTION('',(0.,1.,0.));
#2542=DIRECTION('',(0.,0.,1.));
#2543=DIRECTION('',(1.,0.,0.));
#2544=DIRECTION('',(1.,0.,0.));
#2545=DIRECTION('',(0.,1.,0.));
#2546=DIRECTION('',(1.,0.,0.));
#2547=DIRECTION('',(0.,0.,-1.));
#2548=DIRECTION('',(-1.,0.,0.));
#2549=DIRECTION('',(0.,0.,-1.));
#2550=DIRECTION('',(-1.,0.,0.));
#2551=DIRECTION('',(-1.,0.,0.));
#2552=DIRECTION('',(0.,0.,1.));
#2553=DIRECTION('',(-4.1059770898091E-15,1.,0.));
#2554=DIRECTION('',(-1.,-4.1059770898091E-15,0.));
#2555=DIRECTION('',(-1.,0.,0.));
#2556=DIRECTION('',(0.,0.,1.));
#2557=DIRECTION('',(0.707106781186548,0.,0.707106781186548));
#2558=DIRECTION('',(-0.707106781186548,0.,0.707106781186548));
#2559=DIRECTION('',(0.,-1.,0.));
#2560=DIRECTION('',(0.,0.,-1.));
#2561=DIRECTION('',(0.,-1.,0.));
#2562=DIRECTION('',(0.,0.,-1.));
#2563=DIRECTION('',(0.,0.,-1.));
#2564=DIRECTION('',(-1.,0.,0.));
#2565=DIRECTION('',(0.,0.,1.));
#2566=DIRECTION('',(1.,0.,0.));
#2567=DIRECTION('',(1.,0.,0.));
#2568=DIRECTION('',(0.,0.,-1.));
#2569=DIRECTION('',(1.,0.,2.05298854490455E-15));
#2570=DIRECTION('',(2.05298854490455E-15,0.,-1.));
#2571=DIRECTION('',(-1.,0.,0.));
#2572=DIRECTION('',(0.,0.,1.));
#2573=DIRECTION('',(0.,0.,1.));
#2574=DIRECTION('',(1.,0.,0.));
#2575=DIRECTION('',(0.,0.,1.));
#2576=DIRECTION('',(1.,0.,0.));
#2577=DIRECTION('',(0.,0.,-1.));
#2578=DIRECTION('',(-1.,0.,0.));
#2579=DIRECTION('',(0.,0.,-1.));
#2580=DIRECTION('',(-1.,0.,0.));
#2581=DIRECTION('',(-1.,0.,0.));
#2582=DIRECTION('',(0.,0.,1.));
#2583=DIRECTION('',(0.,1.,0.));
#2584=DIRECTION('',(0.,0.,1.));
#2585=DIRECTION('',(0.,1.,-4.1059770898091E-15));
#2586=DIRECTION('',(0.,4.1059770898091E-15,1.));
#2587=DIRECTION('',(0.,1.,0.));
#2588=DIRECTION('',(0.,0.,1.));
#2589=DIRECTION('',(0.,1.,0.));
#2590=DIRECTION('',(0.,0.,1.));
#2591=DIRECTION('',(1.,0.,0.));
#2592=DIRECTION('',(0.,0.,-1.));
#2593=DIRECTION('',(-0.707106781186548,0.,-0.707106781186548));
#2594=DIRECTION('',(0.707106781186548,0.,-0.707106781186548));
#2595=DIRECTION('',(0.,0.,1.));
#2596=DIRECTION('',(1.,0.,0.));
#2597=DIRECTION('',(0.,0.,1.));
#2598=DIRECTION('',(1.,0.,0.));
#2599=DIRECTION('',(0.,1.,0.));
#2600=DIRECTION('',(0.,0.,1.));
#2601=DIRECTION('',(0.,-1.,0.));
#2602=DIRECTION('',(0.,0.,-1.));
#2603=DIRECTION('',(1.8454505063583E-16,-1.,0.));
#2604=DIRECTION('',(1.,1.8454505063583E-16,0.));
#2605=DIRECTION('',(1.8454505063583E-16,-1.,0.));
#2606=DIRECTION('',(0.,-1.,-4.1059770898091E-15));
#2607=DIRECTION('',(0.,4.1059770898091E-15,-1.));
#2608=DIRECTION('',(1.8454505063583E-16,-1.,0.));
#2609=DIRECTION('',(1.8454505063583E-16,-1.,0.));
#2610=DIRECTION('',(1.8454505063583E-16,-1.,0.));
#2611=DIRECTION('',(1.8454505063583E-16,-1.,0.));
#2612=DIRECTION('',(1.8454505063583E-16,-1.,0.));
#2613=DIRECTION('',(1.8454505063583E-16,-1.,0.));
#2614=DIRECTION('',(0.,0.,-1.));
#2615=DIRECTION('',(-1.,0.,0.));
#2616=DIRECTION('',(0.,0.,1.));
#2617=DIRECTION('',(1.,0.,0.));
#2618=DIRECTION('',(-1.,0.,0.));
#2619=DIRECTION('',(0.,0.,1.));
#2620=DIRECTION('',(-1.,0.,0.));
#2621=DIRECTION('',(0.,0.,1.));
#2622=DIRECTION('',(1.,4.1059770898091E-15,0.));
#2623=DIRECTION('',(-4.1059770898091E-15,1.,0.));
#2624=DIRECTION('',(1.,0.,0.));
#2625=DIRECTION('',(0.,0.,-1.));
#2626=DIRECTION('',(-1.,0.,0.));
#2627=DIRECTION('',(0.,0.,1.));
#2628=DIRECTION('',(-1.,0.,0.));
#2629=DIRECTION('',(0.,0.,1.));
#2630=DIRECTION('',(0.,1.,0.));
#2631=DIRECTION('',(-1.,0.,0.));
#2632=DIRECTION('',(0.,0.,1.));
#2633=DIRECTION('',(0.,0.,1.));
#2634=DIRECTION('',(-1.,0.,0.));
#2635=DIRECTION('',(0.,0.,1.));
#2636=DIRECTION('',(0.,-1.,0.));
#2637=DIRECTION('',(-1.,0.,0.));
#2638=DIRECTION('',(0.,0.,1.));
#2639=DIRECTION('',(0.,0.,1.));
#2640=DIRECTION('',(-1.,0.,0.));
#2641=DIRECTION('',(0.,0.,1.));
#2642=DIRECTION('',(0.,1.,0.));
#2643=DIRECTION('',(0.,0.,-1.));
#2644=DIRECTION('',(0.,1.,0.));
#2645=DIRECTION('',(0.,0.,-1.));
#2646=DIRECTION('',(0.,1.,0.));
#2647=DIRECTION('',(0.,1.,0.));
#2648=DIRECTION('',(-1.,0.,0.));
#2649=DIRECTION('',(0.,0.,1.));
#2650=DIRECTION('',(0.,0.,1.));
#2651=DIRECTION('',(-1.,0.,0.));
#2652=DIRECTION('',(0.,0.,1.));
#2653=DIRECTION('',(0.,-1.,0.));
#2654=DIRECTION('',(-1.,0.,0.));
#2655=DIRECTION('',(0.,0.,1.));
#2656=DIRECTION('',(0.,0.,1.));
#2657=DIRECTION('',(-1.,0.,0.));
#2658=DIRECTION('',(0.,0.,1.));
#2659=DIRECTION('',(0.,1.,0.));
#2660=DIRECTION('',(-1.,0.,0.));
#2661=DIRECTION('',(0.,0.,1.));
#2662=DIRECTION('',(0.,0.,1.));
#2663=DIRECTION('',(-1.,0.,0.));
#2664=DIRECTION('',(0.,0.,1.));
#2665=DIRECTION('',(0.,-1.,0.));
#2666=DIRECTION('',(-1.,0.,0.));
#2667=DIRECTION('',(0.,0.,1.));
#2668=DIRECTION('',(0.,0.,1.));
#2669=DIRECTION('',(-1.,0.,0.));
#2670=DIRECTION('',(0.,0.,1.));
#2671=DIRECTION('',(0.,1.,0.));
#2672=DIRECTION('',(-1.,0.,0.));
#2673=DIRECTION('',(0.,0.,1.));
#2674=DIRECTION('',(0.,0.,1.));
#2675=DIRECTION('',(-1.,0.,0.));
#2676=DIRECTION('',(0.,0.,1.));
#2677=DIRECTION('',(0.,-1.,0.));
#2678=DIRECTION('',(-1.,0.,0.));
#2679=DIRECTION('',(0.,0.,1.));
#2680=DIRECTION('',(0.,0.,1.));
#2681=DIRECTION('',(-1.,0.,0.));
#2682=DIRECTION('',(0.,0.,1.));
#2683=DIRECTION('',(0.,1.,0.));
#2684=DIRECTION('',(-1.,0.,0.));
#2685=DIRECTION('',(0.,0.,1.));
#2686=DIRECTION('',(0.,0.,1.));
#2687=DIRECTION('',(-1.,0.,0.));
#2688=DIRECTION('',(0.,0.,1.));
#2689=DIRECTION('',(0.,-1.,0.));
#2690=DIRECTION('',(-1.,0.,0.));
#2691=DIRECTION('',(0.,0.,1.));
#2692=DIRECTION('',(0.,0.,1.));
#2693=DIRECTION('',(-1.,0.,0.));
#2694=DIRECTION('',(0.,0.,1.));
#2695=DIRECTION('',(0.,1.,0.));
#2696=DIRECTION('',(-1.,0.,0.));
#2697=DIRECTION('',(0.,0.,1.));
#2698=DIRECTION('',(0.,0.,1.));
#2699=DIRECTION('',(-1.,0.,0.));
#2700=DIRECTION('',(0.,0.,1.));
#2701=DIRECTION('',(0.,-1.,0.));
#2702=DIRECTION('',(-1.,0.,0.));
#2703=DIRECTION('',(0.,0.,1.));
#2704=DIRECTION('',(0.,0.,1.));
#2705=DIRECTION('',(-1.,0.,0.));
#2706=DIRECTION('',(0.,0.,1.));
#2707=DIRECTION('',(0.,1.,0.));
#2708=DIRECTION('',(-1.,0.,0.));
#2709=DIRECTION('',(0.,0.,1.));
#2710=DIRECTION('',(0.,0.,1.));
#2711=DIRECTION('',(-1.,0.,0.));
#2712=DIRECTION('',(0.,0.,1.));
#2713=DIRECTION('',(0.,-1.,0.));
#2714=DIRECTION('',(-1.,0.,0.));
#2715=DIRECTION('',(0.,0.,1.));
#2716=DIRECTION('',(0.,0.,1.));
#2717=DIRECTION('',(-1.,0.,0.));
#2718=DIRECTION('',(0.,0.,1.));
#2719=DIRECTION('',(0.,1.,0.));
#2720=DIRECTION('',(0.,0.,1.));
#2721=DIRECTION('',(1.,0.,0.));
#2722=DIRECTION('',(0.,0.,-1.));
#2723=DIRECTION('',(1.,0.,0.));
#2724=DIRECTION('',(0.,0.,-1.));
#2725=DIRECTION('',(-1.,-1.8454505063583E-16,0.));
#2726=DIRECTION('',(1.8454505063583E-16,-1.,0.));
#2727=DIRECTION('',(0.,0.,-1.));
#2728=DIRECTION('',(-1.8454505063583E-16,1.,0.));
#2729=DIRECTION('',(0.,0.,-1.));
#2730=DIRECTION('',(-1.8454505063583E-16,1.,0.));
#2731=DIRECTION('',(0.,1.,0.));
#2732=DIRECTION('',(0.,0.,1.));
#2733=DIRECTION('',(1.,0.,0.));
#2734=DIRECTION('',(0.,0.,-1.));
#2735=DIRECTION('',(1.,0.,0.));
#2736=DIRECTION('',(0.,0.,-1.));
#2737=DIRECTION('',(0.,0.,1.));
#2738=DIRECTION('',(1.,0.,0.));
#2739=DIRECTION('',(1.,0.,0.));
#2740=DIRECTION('',(0.,1.,0.));
#2741=DIRECTION('',(1.,0.,0.));
#2742=DIRECTION('',(-1.8454505063583E-16,1.,0.));
#2743=DIRECTION('',(0.,0.,1.));
#2744=DIRECTION('',(1.,0.,0.));
#2745=DIRECTION('',(-1.8454505063583E-16,1.,0.));
#2746=DIRECTION('',(1.,0.,0.));
#2747=DIRECTION('',(1.,0.,0.));
#2748=DIRECTION('',(-1.,0.,0.));
#2749=DIRECTION('',(0.,0.,1.));
#2750=DIRECTION('',(1.,0.,0.));
#2751=DIRECTION('',(0.,0.,-1.));
#2752=DIRECTION('',(0.707106781186548,0.,-0.707106781186548));
#2753=DIRECTION('',(-0.707106781186548,0.,-0.707106781186548));
#2754=DIRECTION('',(0.,1.,0.));
#2755=DIRECTION('',(0.,0.,1.));
#2756=DIRECTION('',(0.,1.,-4.1059770898091E-15));
#2757=DIRECTION('',(0.,4.1059770898091E-15,1.));
#2758=DIRECTION('',(0.,0.,-1.));
#2759=DIRECTION('',(-1.,0.,0.));
#2760=DIRECTION('',(0.,0.,-1.));
#2761=DIRECTION('',(-1.,0.,0.));
#2762=DIRECTION('',(0.,0.,1.));
#2763=DIRECTION('',(1.,0.,0.));
#2764=DIRECTION('',(1.,0.,0.));
#2765=DIRECTION('',(0.,0.,-1.));
#2766=DIRECTION('',(1.,0.,0.));
#2767=DIRECTION('',(0.,0.,-1.));
#2768=DIRECTION('',(-1.,0.,0.));
#2769=DIRECTION('',(0.,0.,1.));
#2770=DIRECTION('',(0.,0.,1.));
#2771=DIRECTION('',(1.,0.,0.));
#2772=DIRECTION('',(0.,0.,1.));
#2773=DIRECTION('',(1.,0.,0.));
#2774=DIRECTION('',(-1.8454505063583E-16,1.,0.));
#2775=DIRECTION('',(-1.,-1.8454505063583E-16,0.));
#2776=DIRECTION('',(4.1059770898091E-15,-1.,0.));
#2777=DIRECTION('',(1.,4.1059770898091E-15,0.));
#2778=DIRECTION('',(1.,0.,0.));
#2779=DIRECTION('',(0.,0.,-1.));
#2780=DIRECTION('',(-0.707106781186548,0.,0.707106781186548));
#2781=DIRECTION('',(0.707106781186548,0.,0.707106781186548));
#2782=DIRECTION('',(1.,0.,0.));
#2783=DIRECTION('',(0.,0.,-1.));
#2784=DIRECTION('',(0.,1.,0.));
#2785=DIRECTION('',(0.,0.,1.));
#2786=DIRECTION('',(0.,1.,-4.1059770898091E-15));
#2787=DIRECTION('',(0.,4.1059770898091E-15,1.));
#2788=DIRECTION('',(0.,1.,0.));
#2789=DIRECTION('',(0.,0.,1.));
#2790=DIRECTION('',(0.,1.,0.));
#2791=DIRECTION('',(0.,0.,1.));
#2792=DIRECTION('',(0.,0.,-1.));
#2793=DIRECTION('',(-1.,0.,0.));
#2794=DIRECTION('',(0.,0.,-1.));
#2795=DIRECTION('',(-1.,0.,0.));
#2796=DIRECTION('',(0.,0.,1.));
#2797=DIRECTION('',(1.,0.,0.));
#2798=DIRECTION('',(0.,0.,1.));
#2799=DIRECTION('',(1.,0.,0.));
#2800=DIRECTION('',(0.,1.,0.));
#2801=DIRECTION('',(0.,0.,1.));
#2802=DIRECTION('',(0.,1.,0.));
#2803=DIRECTION('',(0.,1.,0.));
#2804=DIRECTION('',(0.,1.,0.));
#2805=DIRECTION('',(0.,1.,0.));
#2806=DIRECTION('',(0.,1.,0.));
#2807=DIRECTION('',(0.,1.,0.));
#2808=DIRECTION('',(0.,1.,0.));
#2809=DIRECTION('',(-4.1059770898091E-15,-1.,0.));
#2810=DIRECTION('',(1.,-4.1059770898091E-15,0.));
#2811=DIRECTION('',(1.8454505063583E-16,-1.,0.));
#2812=DIRECTION('',(1.,1.8454505063583E-16,0.));
#2813=DIRECTION('',(0.,-1.,-8.21195417961819E-15));
#2814=DIRECTION('',(0.,8.21195417961819E-15,-1.));
#2815=DIRECTION('',(0.,0.,-1.));
#2816=DIRECTION('',(-1.,0.,0.));
#2817=DIRECTION('',(0.,0.,1.));
#2818=DIRECTION('',(1.,0.,0.));
#2819=DIRECTION('',(-1.,0.,0.));
#2820=DIRECTION('',(0.,0.,1.));
#2821=DIRECTION('',(-1.,0.,0.));
#2822=DIRECTION('',(0.,0.,1.));
#2823=DIRECTION('',(1.,4.1059770898091E-15,0.));
#2824=DIRECTION('',(-4.1059770898091E-15,1.,0.));
#2825=DIRECTION('',(1.,0.,0.));
#2826=DIRECTION('',(0.,0.,-1.));
#2827=DIRECTION('',(-1.,0.,0.));
#2828=DIRECTION('',(0.,0.,1.));
#2829=DIRECTION('',(0.,1.,0.));
#2830=DIRECTION('',(0.,0.,1.));
#2831=DIRECTION('',(1.,0.,0.));
#2832=DIRECTION('',(1.,0.,0.));
#2833=DIRECTION('',(0.,1.,0.));
#2834=DIRECTION('',(0.,0.,1.));
#2835=DIRECTION('',(1.,0.,0.));
#2836=DIRECTION('',(1.,0.,0.));
#2837=DIRECTION('',(0.,0.,1.));
#2838=DIRECTION('',(1.,0.,0.));
#2839=DIRECTION('',(1.,0.,0.));
#2840=DIRECTION('',(1.,0.,0.));
#2841=DIRECTION('',(-1.,0.,0.));
#2842=DIRECTION('',(0.,0.,1.));
#2843=DIRECTION('',(1.,0.,0.));
#2844=DIRECTION('',(0.,0.,-1.));
#2845=DIRECTION('',(-1.,0.,0.));
#2846=DIRECTION('',(0.,0.,1.));
#2847=DIRECTION('',(1.,0.,0.));
#2848=DIRECTION('',(1.,0.,0.));
#2849=DIRECTION('',(0.,0.,-1.));
#2850=DIRECTION('',(1.,0.,0.));
#2851=DIRECTION('',(0.,0.,1.));
#2852=DIRECTION('',(1.,0.,0.));
#2853=DIRECTION('',(0.,1.,0.));
#2854=DIRECTION('',(0.,0.,1.));
#2855=DIRECTION('',(1.,0.,0.));
#2856=DIRECTION('',(1.,0.,0.));
#2857=DIRECTION('',(0.,1.,0.));
#2858=DIRECTION('',(0.,0.,1.));
#2859=DIRECTION('',(1.,0.,0.));
#2860=DIRECTION('',(1.,0.,0.));
#2861=DIRECTION('',(0.,0.,1.));
#2862=DIRECTION('',(1.,0.,0.));
#2863=DIRECTION('',(1.,0.,0.));
#2864=DIRECTION('',(1.,0.,0.));
#2865=DIRECTION('',(-1.,0.,0.));
#2866=DIRECTION('',(0.,0.,1.));
#2867=DIRECTION('',(1.,0.,0.));
#2868=DIRECTION('',(0.,0.,-1.));
#2869=DIRECTION('',(-1.,0.,0.));
#2870=DIRECTION('',(0.,0.,1.));
#2871=DIRECTION('',(1.,0.,0.));
#2872=DIRECTION('',(1.,0.,0.));
#2873=DIRECTION('',(0.,0.,-1.));
#2874=DIRECTION('',(1.,0.,0.));
#2875=DIRECTION('',(0.,0.,1.));
#2876=DIRECTION('',(1.,0.,0.));
#2877=DIRECTION('',(0.,1.,0.));
#2878=DIRECTION('',(0.,0.,1.));
#2879=DIRECTION('',(1.,0.,0.));
#2880=DIRECTION('',(1.,0.,0.));
#2881=DIRECTION('',(0.,1.,0.));
#2882=DIRECTION('',(0.,0.,1.));
#2883=DIRECTION('',(1.,0.,0.));
#2884=DIRECTION('',(1.,0.,0.));
#2885=DIRECTION('',(0.,0.,1.));
#2886=DIRECTION('',(1.,0.,0.));
#2887=DIRECTION('',(1.,0.,0.));
#2888=DIRECTION('',(1.,0.,0.));
#2889=DIRECTION('',(-1.,0.,0.));
#2890=DIRECTION('',(0.,0.,1.));
#2891=DIRECTION('',(1.,0.,0.));
#2892=DIRECTION('',(0.,0.,-1.));
#2893=DIRECTION('',(-1.,0.,0.));
#2894=DIRECTION('',(0.,0.,1.));
#2895=DIRECTION('',(1.,0.,0.));
#2896=DIRECTION('',(1.,0.,0.));
#2897=DIRECTION('',(0.,0.,-1.));
#2898=DIRECTION('',(1.,0.,0.));
#2899=DIRECTION('',(0.,0.,1.));
#2900=DIRECTION('',(1.,0.,0.));
#2901=DIRECTION('',(0.,1.,0.));
#2902=DIRECTION('',(0.,0.,1.));
#2903=DIRECTION('',(1.,0.,0.));
#2904=DIRECTION('',(1.,0.,0.));
#2905=DIRECTION('',(0.,1.,0.));
#2906=DIRECTION('',(0.,0.,1.));
#2907=DIRECTION('',(1.,0.,0.));
#2908=DIRECTION('',(1.,0.,0.));
#2909=DIRECTION('',(0.,0.,1.));
#2910=DIRECTION('',(1.,0.,0.));
#2911=DIRECTION('',(1.,0.,0.));
#2912=DIRECTION('',(1.,0.,0.));
#2913=DIRECTION('',(-1.,0.,0.));
#2914=DIRECTION('',(0.,0.,1.));
#2915=DIRECTION('',(1.,0.,0.));
#2916=DIRECTION('',(0.,0.,-1.));
#2917=DIRECTION('',(-1.,0.,0.));
#2918=DIRECTION('',(0.,0.,1.));
#2919=DIRECTION('',(1.,0.,0.));
#2920=DIRECTION('',(1.,0.,0.));
#2921=DIRECTION('',(0.,0.,-1.));
#2922=DIRECTION('',(1.,0.,0.));
#2923=DIRECTION('',(0.,0.,1.));
#2924=DIRECTION('',(1.,0.,0.));
#2925=DIRECTION('',(0.,1.,0.));
#2926=DIRECTION('',(0.,0.,1.));
#2927=DIRECTION('',(1.,0.,0.));
#2928=DIRECTION('',(1.,0.,0.));
#2929=DIRECTION('',(0.,1.,0.));
#2930=DIRECTION('',(0.,0.,1.));
#2931=DIRECTION('',(1.,0.,0.));
#2932=DIRECTION('',(1.,0.,0.));
#2933=DIRECTION('',(0.,0.,1.));
#2934=DIRECTION('',(1.,0.,0.));
#2935=DIRECTION('',(1.,0.,0.));
#2936=DIRECTION('',(1.,0.,0.));
#2937=DIRECTION('',(-1.,0.,0.));
#2938=DIRECTION('',(0.,0.,1.));
#2939=DIRECTION('',(1.,0.,0.));
#2940=DIRECTION('',(0.,0.,-1.));
#2941=DIRECTION('',(-1.,0.,0.));
#2942=DIRECTION('',(0.,0.,1.));
#2943=DIRECTION('',(1.,0.,0.));
#2944=DIRECTION('',(1.,0.,0.));
#2945=DIRECTION('',(0.,0.,-1.));
#2946=DIRECTION('',(1.,0.,0.));
#2947=DIRECTION('',(0.,0.,1.));
#2948=DIRECTION('',(1.,0.,0.));
#2949=DIRECTION('',(0.,1.,0.));
#2950=DIRECTION('',(0.,0.,1.));
#2951=DIRECTION('',(1.,0.,0.));
#2952=DIRECTION('',(1.,0.,0.));
#2953=DIRECTION('',(0.,1.,0.));
#2954=DIRECTION('',(0.,0.,1.));
#2955=DIRECTION('',(1.,0.,0.));
#2956=DIRECTION('',(1.,0.,0.));
#2957=DIRECTION('',(0.,0.,1.));
#2958=DIRECTION('',(1.,0.,0.));
#2959=DIRECTION('',(1.,0.,0.));
#2960=DIRECTION('',(1.,0.,0.));
#2961=DIRECTION('',(-1.,0.,0.));
#2962=DIRECTION('',(0.,0.,1.));
#2963=DIRECTION('',(1.,0.,0.));
#2964=DIRECTION('',(0.,0.,-1.));
#2965=DIRECTION('',(1.,0.,0.));
#2966=DIRECTION('',(0.,0.,-1.));
#2967=DIRECTION('',(1.,0.,0.));
#2968=DIRECTION('',(-1.,0.,0.));
#2969=DIRECTION('',(0.,0.,1.));
#2970=DIRECTION('',(1.,0.,0.));
#2971=DIRECTION('',(0.,0.,1.));
#2972=DIRECTION('',(1.,0.,0.));
#2973=DIRECTION('',(0.,1.,0.));
#2974=DIRECTION('',(0.,0.,1.));
#2975=DIRECTION('',(1.,0.,0.));
#2976=DIRECTION('',(1.,0.,0.));
#2977=DIRECTION('',(0.,1.,0.));
#2978=DIRECTION('',(0.,0.,1.));
#2979=DIRECTION('',(1.,0.,0.));
#2980=DIRECTION('',(1.,0.,0.));
#2981=DIRECTION('',(0.,0.,1.));
#2982=DIRECTION('',(1.,0.,0.));
#2983=DIRECTION('',(1.,0.,0.));
#2984=DIRECTION('',(1.,0.,0.));
#2985=DIRECTION('',(-1.,0.,0.));
#2986=DIRECTION('',(0.,0.,1.));
#2987=DIRECTION('',(1.,0.,0.));
#2988=DIRECTION('',(0.,0.,-1.));
#2989=DIRECTION('',(-1.,0.,0.));
#2990=DIRECTION('',(0.,0.,1.));
#2991=DIRECTION('',(1.,0.,0.));
#2992=DIRECTION('',(1.,0.,0.));
#2993=DIRECTION('',(0.,0.,-1.));
#2994=DIRECTION('',(1.,0.,0.));
#2995=DIRECTION('',(0.,0.,1.));
#2996=DIRECTION('',(1.,0.,0.));
#2997=CARTESIAN_POINT('',(0.,0.,0.));
#2998=CARTESIAN_POINT('',(-0.0189052248526364,-0.0394966798737645,0.0057));
#2999=CARTESIAN_POINT('',(-0.0118769769788436,-0.0394966798737645,0.0057));
#3000=CARTESIAN_POINT('',(-0.0118769769788436,-0.0394966798737645,0.00296568542494924));
#3001=CARTESIAN_POINT('',(-0.0118769769788436,-0.0394966798737645,0.00473431457505076));
#3002=CARTESIAN_POINT('',(-0.0272414992716163,-0.0394966798737645,0.00296568542494924));
#3003=CARTESIAN_POINT('',(-0.0253883416549019,-0.0394966798737645,0.00296568542494924));
#3004=CARTESIAN_POINT('',(-0.0253883416549019,-0.0394966798737645,0.0057));
#3005=CARTESIAN_POINT('',(-0.0253883416549019,-0.0394966798737645,0.00473431457505076));
#3006=CARTESIAN_POINT('',(-0.0189052248526364,-0.0394966798737645,0.00473431457505076));
#3007=CARTESIAN_POINT('',(-0.0189052248526364,-0.0426892946377396,0.0057));
#3008=CARTESIAN_POINT('',(-0.0189052248526364,-0.0426892946377396,0.00296568542494924));
#3009=CARTESIAN_POINT('',(-0.0253883416549019,-0.0426892946377396,0.00296568542494924));
#3010=CARTESIAN_POINT('',(-0.0118769769788436,-0.0426892946377396,0.00296568542494924));
#3011=CARTESIAN_POINT('',(-0.0118769769788436,-0.0426892946377396,0.0057));
#3012=CARTESIAN_POINT('',(-0.0118769769788436,-0.0426892946377396,0.00473431457505076));
#3013=CARTESIAN_POINT('',(-0.0272414992716163,-0.0426892946377396,0.00473431457505076));
#3014=CARTESIAN_POINT('',(-0.0253883416549019,-0.0426892946377396,0.00473431457505076));
#3015=CARTESIAN_POINT('',(-0.0253883416549019,-0.0426892946377396,0.0057));
#3016=CARTESIAN_POINT('',(-0.0186889581924305,-0.00511977313533426,0.002));
#3017=CARTESIAN_POINT('',(-0.0105689504336566,-0.0404623652987138,0.002));
#3018=CARTESIAN_POINT('',(-0.0253883416549019,-0.0404623652987138,0.002));
#3019=CARTESIAN_POINT('',(-0.0118769769788436,-0.0404623652987138,0.002));
#3020=CARTESIAN_POINT('',(-0.0118769769788436,-0.00511977313533426,0.002));
#3021=CARTESIAN_POINT('',(-0.0118769769788436,-0.0417236092127904,0.002));
#3022=CARTESIAN_POINT('',(-0.0186889581924305,-0.0417236092127904,0.002));
#3023=CARTESIAN_POINT('',(-0.0253883416549019,-0.0417236092127904,0.002));
#3024=CARTESIAN_POINT('',(-0.0253883416549019,-0.00511977313533426,0.002));
#3025=CARTESIAN_POINT('',(-0.0189052248526364,-0.0417236092127904,0.00296568542494924));
#3026=CARTESIAN_POINT('',(-0.0118769769788436,-0.0417236092127904,0.00296568542494924));
#3027=CARTESIAN_POINT('',(-0.0253883416549019,-0.0417236092127904,0.00296568542494924));
#3028=CARTESIAN_POINT('',(-0.0186889581924305,-0.0404623652987138,0.00296568542494924));
#3029=CARTESIAN_POINT('',(-0.0118769769788436,-0.0404623652987138,0.00296568542494924));
#3030=CARTESIAN_POINT('',(-0.0253883416549019,-0.0404623652987138,0.00296568542494924));
#3031=CARTESIAN_POINT('',(-0.0186889581924305,-0.0417236092127904,0.00473431457505076));
#3032=CARTESIAN_POINT('',(-0.0118769769788436,-0.0417236092127904,0.00473431457505076));
#3033=CARTESIAN_POINT('',(-0.0118769769788436,-0.0424989004338057,0.00531005050633883));
#3034=CARTESIAN_POINT('',(-0.0118313719392185,-0.0417236092127904,0.0057));
#3035=CARTESIAN_POINT('',(-0.0118313719392185,-0.0420267358195525,0.0057));
#3036=CARTESIAN_POINT('',(-0.0118769769788436,-0.0423181570212455,0.00555344122315705));
#3037=CARTESIAN_POINT('',(-0.0118769769788436,-0.0424989004338057,0.00531005050633883));
#3038=CARTESIAN_POINT('',(-0.0118313719392185,-0.0417236092127904,0.0057));
#3039=CARTESIAN_POINT('',(-0.0105689504336566,-0.0417236092127904,0.0057));
#3040=CARTESIAN_POINT('',(-0.025433946694527,-0.0417236092127904,0.0057));
#3041=CARTESIAN_POINT('',(-0.0253883416549019,-0.0424989004338057,0.00531005050633883));
#3042=CARTESIAN_POINT('',(-0.0253883416549019,-0.0423181192222201,0.00555349212366707));
#3043=CARTESIAN_POINT('',(-0.025433946694527,-0.0420267077113261,0.0057));
#3044=CARTESIAN_POINT('',(-0.025433946694527,-0.0417236092127904,0.0057));
#3045=CARTESIAN_POINT('',(-0.0253883416549019,-0.0424989004338057,0.00531005050633883));
#3046=CARTESIAN_POINT('',(-0.0253883416549019,-0.0417236092127904,0.00473431457505076));
#3047=CARTESIAN_POINT('',(-0.0189052248526364,-0.0404623652987138,0.00473431457505076));
#3048=CARTESIAN_POINT('',(-0.0118769769788436,-0.0404623652987138,0.00473431457505076));
#3049=CARTESIAN_POINT('',(-0.0118769769788436,-0.0396870740776986,0.00531005050633883));
#3050=CARTESIAN_POINT('',(-0.0253883416549019,-0.0404623652987138,0.00473431457505076));
#3051=CARTESIAN_POINT('',(-0.0253883416549019,-0.0396870740776986,0.00531005050633883));
#3052=CARTESIAN_POINT('',(-0.025433946694527,-0.0404623652987138,0.0057));
#3053=CARTESIAN_POINT('',(-0.025433946694527,-0.0401592386919517,0.0057));
#3054=CARTESIAN_POINT('',(-0.0253883416549019,-0.0398678174902587,0.00555344122315706));
#3055=CARTESIAN_POINT('',(-0.0253883416549019,-0.0396870740776986,0.00531005050633883));
#3056=CARTESIAN_POINT('',(-0.025433946694527,-0.0404623652987138,0.0057));
#3057=CARTESIAN_POINT('',(-0.0186889581924305,-0.0404623652987138,0.0057));
#3058=CARTESIAN_POINT('',(-0.0118313719392185,-0.0404623652987138,0.0057));
#3059=CARTESIAN_POINT('',(-0.0118769769788436,-0.0396870740776986,0.00531005050633883));
#3060=CARTESIAN_POINT('',(-0.0118769769788436,-0.0398678552892841,0.00555349212366707));
#3061=CARTESIAN_POINT('',(-0.0118313719392185,-0.0401592668001781,0.0057));
#3062=CARTESIAN_POINT('',(-0.0118313719392185,-0.0404623652987138,0.0057));
#3063=CARTESIAN_POINT('',(-0.0186889581924305,-0.00511977313533426,0.0057));
#3064=CARTESIAN_POINT('',(-0.0118313719392185,-0.00858806827664375,0.0057));
#3065=CARTESIAN_POINT('',(-0.025433946694527,-0.00858806827664375,0.0057));
#3066=CARTESIAN_POINT('',(-0.029475298176641,-0.00858806827664375,0.007));
#3067=CARTESIAN_POINT('',(-0.029475298176641,0.0367219822296951,0.007));
#3068=CARTESIAN_POINT('',(-0.029475298176641,0.0367219822296951,0.00531005050633883));
#3069=CARTESIAN_POINT('',(-0.029475298176641,0.0367219822296951,0.00168994949366116));
#3070=CARTESIAN_POINT('',(-0.029475298176641,-0.0555880682766438,0.00168994949366116));
#3071=CARTESIAN_POINT('',(-0.029475298176641,-0.0538981187829826,0.00168994949366116));
#3072=CARTESIAN_POINT('',(-0.029475298176641,-0.0538981187829826,0.007));
#3073=CARTESIAN_POINT('',(-0.029475298176641,-0.0538981187829826,0.00531005050633883));
#3074=CARTESIAN_POINT('',(-0.029475298176641,-0.00858806827664375,0.00531005050633883));
#3075=CARTESIAN_POINT('',(-0.0274318199157715,-0.0555880682766438,0.007));
#3076=CARTESIAN_POINT('',(-0.0274318199157715,-0.0555880682766438,0.00168994949366116));
#3077=CARTESIAN_POINT('',(-0.0277853486829799,-0.0555880682766438,0.00168994949366116));
#3078=CARTESIAN_POINT('',(-0.027078291148563,-0.0555880682766438,0.00168994949366116));
#3079=CARTESIAN_POINT('',(-0.027078291148563,-0.0555880682766438,0.007));
#3080=CARTESIAN_POINT('',(-0.027078291148563,-0.0555880682766438,0.00531005050633883));
#3081=CARTESIAN_POINT('',(-0.029475298176641,-0.0555880682766438,0.00531005050633883));
#3082=CARTESIAN_POINT('',(-0.0277853486829799,-0.0555880682766438,0.00531005050633883));
#3083=CARTESIAN_POINT('',(-0.0277853486829799,-0.0555880682766438,0.));
#3084=CARTESIAN_POINT('',(-0.0253883416549019,-0.00858806827664375,0.007));
#3085=CARTESIAN_POINT('',(-0.0253883416549019,0.0302228190280453,0.00473431457505076));
#3086=CARTESIAN_POINT('',(-0.0253883416549019,0.0294475278070301,0.00531005050633883));
#3087=CARTESIAN_POINT('',(-0.0253883416549019,0.029257133603096,0.00473431457505076));
#3088=CARTESIAN_POINT('',(-0.0253883416549019,-0.0555880682766438,0.00531005050633883));
#3089=CARTESIAN_POINT('',(-0.0253883416549019,0.0214616579392821,0.00531005050633883));
#3090=CARTESIAN_POINT('',(-0.0253883416549019,0.0206863667182669,0.00473431457505076));
#3091=CARTESIAN_POINT('',(-0.0253883416549019,0.0216520521432161,0.00473431457505076));
#3092=CARTESIAN_POINT('',(-0.0253883416549019,0.0216520521432161,0.0057));
#3093=CARTESIAN_POINT('',(-0.0253883416549019,0.0216520521432161,0.00296568542494924));
#3094=CARTESIAN_POINT('',(-0.0253883416549019,0.0206863667182669,0.00296568542494924));
#3095=CARTESIAN_POINT('',(-0.0253883416549019,0.0206863667182669,0.002));
#3096=CARTESIAN_POINT('',(-0.0253883416549019,-0.00511977313533426,0.002));
#3097=CARTESIAN_POINT('',(-0.0253883416549019,0.0194251228041902,0.002));
#3098=CARTESIAN_POINT('',(-0.0253883416549019,0.0194251228041902,0.00296568542494924));
#3099=CARTESIAN_POINT('',(-0.0253883416549019,0.018459437379241,0.00296568542494924));
#3100=CARTESIAN_POINT('',(-0.0253883416549019,0.018459437379241,0.0057));
#3101=CARTESIAN_POINT('',(-0.0253883416549019,0.018459437379241,0.00473431457505076));
#3102=CARTESIAN_POINT('',(-0.0253883416549019,0.0194251228041902,0.00473431457505076));
#3103=CARTESIAN_POINT('',(-0.0253883416549019,0.018649831583175,0.00531005050633883));
#3104=CARTESIAN_POINT('',(-0.0253883416549019,-0.0555880682766438,0.00531005050633883));
#3105=CARTESIAN_POINT('',(-0.0253883416549019,0.0109999167838961,0.00531005050633883));
#3106=CARTESIAN_POINT('',(-0.0253883416549019,0.0102246255628809,0.00473431457505076));
#3107=CARTESIAN_POINT('',(-0.0253883416549019,0.0111903109878302,0.00473431457505076));
#3108=CARTESIAN_POINT('',(-0.0253883416549019,0.0111903109878302,0.0057));
#3109=CARTESIAN_POINT('',(-0.0253883416549019,0.0111903109878302,0.00296568542494924));
#3110=CARTESIAN_POINT('',(-0.0253883416549019,0.0102246255628809,0.00296568542494924));
#3111=CARTESIAN_POINT('',(-0.0253883416549019,0.0102246255628809,0.002));
#3112=CARTESIAN_POINT('',(-0.0253883416549019,-0.00511977313533426,0.002));
#3113=CARTESIAN_POINT('',(-0.0253883416549019,0.00896338164880427,0.002));
#3114=CARTESIAN_POINT('',(-0.0253883416549019,0.00896338164880427,0.00296568542494924));
#3115=CARTESIAN_POINT('',(-0.0253883416549019,0.00799769622385503,0.00296568542494924));
#3116=CARTESIAN_POINT('',(-0.0253883416549019,0.00799769622385503,0.0057));
#3117=CARTESIAN_POINT('',(-0.0253883416549019,0.00799769622385503,0.00473431457505076));
#3118=CARTESIAN_POINT('',(-0.0253883416549019,0.00896338164880427,0.00473431457505076));
#3119=CARTESIAN_POINT('',(-0.0253883416549019,0.00818809042778907,0.00531005050633883));
#3120=CARTESIAN_POINT('',(-0.0253883416549019,-0.0555880682766438,0.00531005050633883));
#3121=CARTESIAN_POINT('',(-0.0253883416549019,0.000202220560041116,0.00531005050633883));
#3122=CARTESIAN_POINT('',(-0.0253883416549019,-0.000573070660974092,0.00473431457505076));
#3123=CARTESIAN_POINT('',(-0.0253883416549019,0.000392614763975146,0.00473431457505076));
#3124=CARTESIAN_POINT('',(-0.0253883416549019,0.000392614763975146,0.0057));
#3125=CARTESIAN_POINT('',(-0.0253883416549019,0.000392614763975146,0.00296568542494924));
#3126=CARTESIAN_POINT('',(-0.0253883416549019,-0.000573070660974092,0.00296568542494924));
#3127=CARTESIAN_POINT('',(-0.0253883416549019,-0.000573070660974092,0.002));
#3128=CARTESIAN_POINT('',(-0.0253883416549019,-0.00511977313533426,0.002));
#3129=CARTESIAN_POINT('',(-0.0253883416549019,-0.00183431457505076,0.002));
#3130=CARTESIAN_POINT('',(-0.0253883416549019,-0.00183431457505076,0.00296568542494924));
#3131=CARTESIAN_POINT('',(-0.0253883416549019,-0.0028,0.00296568542494924));
#3132=CARTESIAN_POINT('',(-0.0253883416549019,-0.0028,0.0057));
#3133=CARTESIAN_POINT('',(-0.0253883416549019,-0.0028,0.00473431457505076));
#3134=CARTESIAN_POINT('',(-0.0253883416549019,-0.00183431457505076,0.00473431457505076));
#3135=CARTESIAN_POINT('',(-0.0253883416549019,-0.00260960579606596,0.00531005050633883));
#3136=CARTESIAN_POINT('',(-0.0253883416549019,-0.0555880682766438,0.00531005050633883));
#3137=CARTESIAN_POINT('',(-0.0253883416549019,-0.00762994047460255,0.00531005050633883));
#3138=CARTESIAN_POINT('',(-0.0253883416549019,-0.00840523169561776,0.00473431457505076));
#3139=CARTESIAN_POINT('',(-0.0253883416549019,-0.00743954627066852,0.00473431457505076));
#3140=CARTESIAN_POINT('',(-0.0253883416549019,-0.00743954627066852,0.0057));
#3141=CARTESIAN_POINT('',(-0.0253883416549019,-0.00743954627066852,0.00296568542494924));
#3142=CARTESIAN_POINT('',(-0.0253883416549019,-0.00840523169561776,0.00296568542494924));
#3143=CARTESIAN_POINT('',(-0.0253883416549019,-0.00840523169561776,0.002));
#3144=CARTESIAN_POINT('',(-0.0253883416549019,-0.00511977313533426,0.002));
#3145=CARTESIAN_POINT('',(-0.0253883416549019,-0.00966647560969443,0.002));
#3146=CARTESIAN_POINT('',(-0.0253883416549019,-0.00966647560969443,0.00296568542494924));
#3147=CARTESIAN_POINT('',(-0.0253883416549019,-0.0106321610346437,0.00296568542494924));
#3148=CARTESIAN_POINT('',(-0.0253883416549019,-0.0106321610346437,0.0057));
#3149=CARTESIAN_POINT('',(-0.0253883416549019,-0.0106321610346437,0.00473431457505076));
#3150=CARTESIAN_POINT('',(-0.0253883416549019,-0.00966647560969443,0.00473431457505076));
#3151=CARTESIAN_POINT('',(-0.0253883416549019,-0.0104417668307096,0.00531005050633883));
#3152=CARTESIAN_POINT('',(-0.0253883416549019,-0.0555880682766438,0.00531005050633883));
#3153=CARTESIAN_POINT('',(-0.0253883416549019,-0.0184276366984576,0.00531005050633883));
#3154=CARTESIAN_POINT('',(-0.0253883416549019,-0.0192029279194728,0.00473431457505076));
#3155=CARTESIAN_POINT('',(-0.0253883416549019,-0.0182372424945236,0.00473431457505076));
#3156=CARTESIAN_POINT('',(-0.0253883416549019,-0.0182372424945236,0.0057));
#3157=CARTESIAN_POINT('',(-0.0253883416549019,-0.0182372424945236,0.00296568542494924));
#3158=CARTESIAN_POINT('',(-0.0253883416549019,-0.0192029279194728,0.00296568542494924));
#3159=CARTESIAN_POINT('',(-0.0253883416549019,-0.0192029279194728,0.002));
#3160=CARTESIAN_POINT('',(-0.0253883416549019,-0.00511977313533426,0.002));
#3161=CARTESIAN_POINT('',(-0.0253883416549019,-0.0204641718335494,0.002));
#3162=CARTESIAN_POINT('',(-0.0253883416549019,-0.0204641718335494,0.00296568542494924));
#3163=CARTESIAN_POINT('',(-0.0253883416549019,-0.0214298572584987,0.00296568542494924));
#3164=CARTESIAN_POINT('',(-0.0253883416549019,-0.0214298572584987,0.0057));
#3165=CARTESIAN_POINT('',(-0.0253883416549019,-0.0214298572584987,0.00473431457505076));
#3166=CARTESIAN_POINT('',(-0.0253883416549019,-0.0204641718335494,0.00473431457505076));
#3167=CARTESIAN_POINT('',(-0.0253883416549019,-0.0212394630545647,0.00531005050633883));
#3168=CARTESIAN_POINT('',(-0.0253883416549019,-0.0555880682766438,0.00531005050633883));
#3169=CARTESIAN_POINT('',(-0.0253883416549019,-0.0288893778538436,0.00531005050633883));
#3170=CARTESIAN_POINT('',(-0.0253883416549019,-0.0296646690748588,0.00473431457505076));
#3171=CARTESIAN_POINT('',(-0.0253883416549019,-0.0286989836499095,0.00473431457505076));
#3172=CARTESIAN_POINT('',(-0.0253883416549019,-0.0286989836499095,0.0057));
#3173=CARTESIAN_POINT('',(-0.0253883416549019,-0.0286989836499095,0.00296568542494924));
#3174=CARTESIAN_POINT('',(-0.0253883416549019,-0.0296646690748588,0.00296568542494924));
#3175=CARTESIAN_POINT('',(-0.0253883416549019,-0.0296646690748588,0.002));
#3176=CARTESIAN_POINT('',(-0.0253883416549019,-0.00511977313533426,0.002));
#3177=CARTESIAN_POINT('',(-0.0253883416549019,-0.0309259129889354,0.002));
#3178=CARTESIAN_POINT('',(-0.0253883416549019,-0.0309259129889354,0.00296568542494924));
#3179=CARTESIAN_POINT('',(-0.0253883416549019,-0.0318915984138846,0.00296568542494924));
#3180=CARTESIAN_POINT('',(-0.0253883416549019,-0.0318915984138846,0.0057));
#3181=CARTESIAN_POINT('',(-0.0253883416549019,-0.0318915984138846,0.00473431457505076));
#3182=CARTESIAN_POINT('',(-0.0253883416549019,-0.0309259129889354,0.00473431457505076));
#3183=CARTESIAN_POINT('',(-0.0253883416549019,-0.0317012042099506,0.00531005050633883));
#3184=CARTESIAN_POINT('',(-0.0253883416549019,-0.0555880682766438,0.00531005050633883));
#3185=CARTESIAN_POINT('',(-0.0253883416549019,-0.0555880682766438,0.00531005050633883));
#3186=CARTESIAN_POINT('',(-0.0253883416549019,-0.0538981187829826,0.00531005050633883));
#3187=CARTESIAN_POINT('',(-0.0253883416549019,-0.0538981187829826,0.007));
#3188=CARTESIAN_POINT('',(-0.0253883416549019,-0.0538981187829826,0.));
#3189=CARTESIAN_POINT('',(-0.0253883416549019,-0.00858806827664375,0.));
#3190=CARTESIAN_POINT('',(-0.0253883416549019,0.0367219822296951,0.));
#3191=CARTESIAN_POINT('',(-0.0253883416549019,0.0367219822296951,0.007));
#3192=CARTESIAN_POINT('',(-0.0253883416549019,0.0367219822296951,0.00531005050633883));
#3193=CARTESIAN_POINT('',(-0.0253883416549019,-0.0555880682766438,0.00531005050633883));
#3194=CARTESIAN_POINT('',(-0.0253883416549019,0.0322593541631371,0.00531005050633883));
#3195=CARTESIAN_POINT('',(-0.0253883416549019,0.0314840629421219,0.00473431457505076));
#3196=CARTESIAN_POINT('',(-0.0253883416549019,0.0324497483670711,0.00473431457505076));
#3197=CARTESIAN_POINT('',(-0.0253883416549019,0.0324497483670711,0.0057));
#3198=CARTESIAN_POINT('',(-0.0253883416549019,0.0324497483670711,0.00296568542494924));
#3199=CARTESIAN_POINT('',(-0.0253883416549019,0.0314840629421219,0.00296568542494924));
#3200=CARTESIAN_POINT('',(-0.0253883416549019,0.0314840629421219,0.002));
#3201=CARTESIAN_POINT('',(-0.0253883416549019,-0.00511977313533426,0.002));
#3202=CARTESIAN_POINT('',(-0.0253883416549019,0.0302228190280453,0.002));
#3203=CARTESIAN_POINT('',(-0.0253883416549019,0.0302228190280453,0.00296568542494924));
#3204=CARTESIAN_POINT('',(-0.0253883416549019,0.029257133603096,0.00296568542494924));
#3205=CARTESIAN_POINT('',(-0.0253883416549019,0.029257133603096,0.0057));
#3206=CARTESIAN_POINT('',(-0.0274318199157715,0.0384119317233562,0.007));
#3207=CARTESIAN_POINT('',(-0.0274318199157715,0.0384119317233562,0.00531005050633883));
#3208=CARTESIAN_POINT('',(-0.0277853486829799,0.0384119317233562,0.00531005050633883));
#3209=CARTESIAN_POINT('',(-0.0270782911485631,0.0384119317233562,0.00531005050633883));
#3210=CARTESIAN_POINT('',(-0.0270782911485631,0.0384119317233562,0.));
#3211=CARTESIAN_POINT('',(-0.0270782911485631,0.0384119317233562,0.00168994949366116));
#3212=CARTESIAN_POINT('',(-0.029475298176641,0.0384119317233562,0.00168994949366116));
#3213=CARTESIAN_POINT('',(-0.0277853486829799,0.0384119317233562,0.00168994949366116));
#3214=CARTESIAN_POINT('',(-0.0277853486829799,0.0384119317233562,0.007));
#3215=CARTESIAN_POINT('',(-0.0186326593168727,-0.00858806827664375,0.007));
#3216=CARTESIAN_POINT('',(-0.0253883416549019,-0.0538981187829826,0.007));
#3217=CARTESIAN_POINT('',(-0.0277853486829799,-0.0538981187829826,0.007));
#3218=CARTESIAN_POINT('',(-0.027078291148563,-0.0538981187829826,0.007));
#3219=CARTESIAN_POINT('',(-0.0270782911485631,0.0384119317233562,0.007));
#3220=CARTESIAN_POINT('',(-0.0270782911485631,0.0367219822296951,0.007));
#3221=CARTESIAN_POINT('',(-0.0186326593168727,0.0367219822296951,0.007));
#3222=CARTESIAN_POINT('',(-0.0277853486829799,0.0367219822296951,0.007));
#3223=CARTESIAN_POINT('',(-0.0277853486829799,-0.00858806827664375,0.007));
#3224=CARTESIAN_POINT('',(-0.0186326593168727,-0.00858806827664375,0.));
#3225=CARTESIAN_POINT('',(-0.0186326593168727,-0.0538981187829826,0.));
#3226=CARTESIAN_POINT('',(-0.0277853486829799,-0.0538981187829826,0.));
#3227=CARTESIAN_POINT('',(-0.0277853486829799,0.0384119317233562,0.));
#3228=CARTESIAN_POINT('',(-0.0277853486829799,0.0367219822296951,0.));
#3229=CARTESIAN_POINT('',(-0.0253883416549019,0.0367219822296951,0.));
#3230=CARTESIAN_POINT('',(-0.0277853486829799,0.0367219822296951,0.00168994949366116));
#3231=CARTESIAN_POINT('',(-0.0277853486829799,0.0367219822296951,0.00168994949366116));
#3232=CARTESIAN_POINT('',(-0.0277853486829799,0.0367219822296951,0.00168994949366116));
#3233=CARTESIAN_POINT('',(-0.0277853486829799,0.0367219822296951,0.00168994949366116));
#3234=CARTESIAN_POINT('',(-0.0186326593168727,0.0367219822296951,0.00168994949366116));
#3235=CARTESIAN_POINT('',(-0.0270782911485631,0.0367219822296951,0.00168994949366116));
#3236=CARTESIAN_POINT('',(-0.0277853486829799,-0.00858806827664375,0.00168994949366116));
#3237=CARTESIAN_POINT('',(-0.0277853486829799,-0.0538981187829826,0.00168994949366116));
#3238=CARTESIAN_POINT('',(-0.0277853486829799,0.0367219822296951,0.007));
#3239=CARTESIAN_POINT('',(-0.0277853486829799,0.0367219822296951,0.00531005050633883));
#3240=CARTESIAN_POINT('',(-0.0274318199157715,0.0367219822296951,0.00531005050633883));
#3241=CARTESIAN_POINT('',(-0.0270782911485631,0.0367219822296951,0.00531005050633883));
#3242=CARTESIAN_POINT('',(-0.0277853486829799,0.0367219822296951,0.00531005050633883));
#3243=CARTESIAN_POINT('',(-0.0270782911485631,0.0367219822296951,0.007));
#3244=CARTESIAN_POINT('',(-0.0270782911485631,0.0367219822296951,0.00531005050633883));
#3245=CARTESIAN_POINT('',(-0.0277853486829799,-0.0538981187829826,0.00168994949366116));
#3246=CARTESIAN_POINT('',(-0.0277853486829799,-0.0538981187829826,0.00168994949366116));
#3247=CARTESIAN_POINT('',(-0.0277853486829799,-0.0538981187829826,0.00168994949366116));
#3248=CARTESIAN_POINT('',(-0.0277853486829799,0.0367219822296951,0.00531005050633883));
#3249=CARTESIAN_POINT('',(-0.0277853486829799,0.0367219822296951,0.00531005050633883));
#3250=CARTESIAN_POINT('',(-0.0270782911485631,0.0367219822296951,0.00531005050633883));
#3251=CARTESIAN_POINT('',(-0.0270782911485631,0.0367219822296951,0.00531005050633883));
#3252=CARTESIAN_POINT('',(-0.0274318199157715,-0.0538981187829826,0.00168994949366116));
#3253=CARTESIAN_POINT('',(-0.027078291148563,-0.0538981187829826,0.00168994949366116));
#3254=CARTESIAN_POINT('',(-0.0277853486829799,-0.0538981187829826,0.007));
#3255=CARTESIAN_POINT('',(-0.0277853486829799,-0.0538981187829826,0.00531005050633883));
#3256=CARTESIAN_POINT('',(-0.0277853486829799,-0.00858806827664375,0.00531005050633883));
#3257=CARTESIAN_POINT('',(-0.0277853486829799,-0.0538981187829826,0.00531005050633883));
#3258=CARTESIAN_POINT('',(-0.027078291148563,-0.00858806827664375,0.00531005050633883));
#3259=CARTESIAN_POINT('',(-0.0253883416549019,0.0294475278070301,0.00531005050633883));
#3260=CARTESIAN_POINT('',(-0.0253883416549019,0.0296283090186156,0.00555349212366707));
#3261=CARTESIAN_POINT('',(-0.025433946694527,0.0299197205295096,0.0057));
#3262=CARTESIAN_POINT('',(-0.025433946694527,0.0302228190280453,0.0057));
#3263=CARTESIAN_POINT('',(-0.025433946694527,0.0302228190280453,0.0057));
#3264=CARTESIAN_POINT('',(-0.025433946694527,-0.00858806827664375,0.0057));
#3265=CARTESIAN_POINT('',(-0.025433946694527,0.0314840629421219,0.0057));
#3266=CARTESIAN_POINT('',(-0.0254339466945271,0.0314840629421219,0.0057));
#3267=CARTESIAN_POINT('',(-0.025433946694527,0.031787189548884,0.0057));
#3268=CARTESIAN_POINT('',(-0.0253883416549019,0.032078610750577,0.00555344122315706));
#3269=CARTESIAN_POINT('',(-0.0253883416549019,0.0322593541631371,0.00531005050633883));
#3270=CARTESIAN_POINT('',(-0.027078291148563,-0.0538981187829826,0.00531005050633883));
#3271=CARTESIAN_POINT('',(-0.0253883416549019,-0.0317012042099506,0.00531005050633883));
#3272=CARTESIAN_POINT('',(-0.0253883416549019,-0.0315204229983651,0.00555349212366707));
#3273=CARTESIAN_POINT('',(-0.025433946694527,-0.031229011487471,0.0057));
#3274=CARTESIAN_POINT('',(-0.025433946694527,-0.0309259129889354,0.0057));
#3275=CARTESIAN_POINT('',(-0.025433946694527,-0.0309259129889354,0.0057));
#3276=CARTESIAN_POINT('',(-0.025433946694527,-0.00858806827664375,0.0057));
#3277=CARTESIAN_POINT('',(-0.025433946694527,-0.0296646690748588,0.0057));
#3278=CARTESIAN_POINT('',(-0.025433946694527,-0.0296646690748588,0.0057));
#3279=CARTESIAN_POINT('',(-0.0254339466945271,-0.0293615424680967,0.0057));
#3280=CARTESIAN_POINT('',(-0.0253883416549019,-0.0290701212664037,0.00555344122315706));
#3281=CARTESIAN_POINT('',(-0.0253883416549019,-0.0288893778538436,0.00531005050633883));
#3282=CARTESIAN_POINT('',(-0.0253883416549019,-0.0212394630545647,0.00531005050633883));
#3283=CARTESIAN_POINT('',(-0.0253883416549019,-0.0210586818429791,0.00555349212366707));
#3284=CARTESIAN_POINT('',(-0.025433946694527,-0.0207672703320851,0.0057));
#3285=CARTESIAN_POINT('',(-0.025433946694527,-0.0204641718335494,0.0057));
#3286=CARTESIAN_POINT('',(-0.025433946694527,-0.0204641718335494,0.0057));
#3287=CARTESIAN_POINT('',(-0.025433946694527,-0.00858806827664375,0.0057));
#3288=CARTESIAN_POINT('',(-0.025433946694527,-0.0192029279194728,0.0057));
#3289=CARTESIAN_POINT('',(-0.0254339466945271,-0.0192029279194728,0.0057));
#3290=CARTESIAN_POINT('',(-0.0254339466945271,-0.0188998013127107,0.0057));
#3291=CARTESIAN_POINT('',(-0.0253883416549019,-0.0186083801110178,0.00555344122315706));
#3292=CARTESIAN_POINT('',(-0.0253883416549019,-0.0184276366984576,0.00531005050633883));
#3293=CARTESIAN_POINT('',(-0.0253883416549019,-0.0104417668307096,0.00531005050633883));
#3294=CARTESIAN_POINT('',(-0.0253883416549019,-0.0102609856191241,0.00555349212366706));
#3295=CARTESIAN_POINT('',(-0.025433946694527,-0.00996957410823005,0.0057));
#3296=CARTESIAN_POINT('',(-0.025433946694527,-0.00966647560969443,0.0057));
#3297=CARTESIAN_POINT('',(-0.025433946694527,-0.00966647560969443,0.0057));
#3298=CARTESIAN_POINT('',(-0.025433946694527,-0.00858806827664375,0.0057));
#3299=CARTESIAN_POINT('',(-0.025433946694527,-0.00840523169561776,0.0057));
#3300=CARTESIAN_POINT('',(-0.025433946694527,-0.00840523169561776,0.0057));
#3301=CARTESIAN_POINT('',(-0.025433946694527,-0.00810210508885568,0.0057));
#3302=CARTESIAN_POINT('',(-0.0253883416549019,-0.0078106838871627,0.00555344122315706));
#3303=CARTESIAN_POINT('',(-0.0253883416549019,-0.00762994047460255,0.00531005050633883));
#3304=CARTESIAN_POINT('',(-0.0253883416549019,-0.00260960579606596,0.00531005050633883));
#3305=CARTESIAN_POINT('',(-0.0253883416549019,-0.00242882458448044,0.00555349212366707));
#3306=CARTESIAN_POINT('',(-0.025433946694527,-0.00213741307358638,0.0057));
#3307=CARTESIAN_POINT('',(-0.025433946694527,-0.00183431457505076,0.0057));
#3308=CARTESIAN_POINT('',(-0.025433946694527,-0.00183431457505076,0.0057));
#3309=CARTESIAN_POINT('',(-0.025433946694527,-0.00858806827664375,0.0057));
#3310=CARTESIAN_POINT('',(-0.025433946694527,-0.000573070660974092,0.0057));
#3311=CARTESIAN_POINT('',(-0.025433946694527,-0.000573070660974092,0.0057));
#3312=CARTESIAN_POINT('',(-0.025433946694527,-0.000269944054212011,0.0057));
#3313=CARTESIAN_POINT('',(-0.0253883416549019,2.1477147480964E-5,0.00555344122315706));
#3314=CARTESIAN_POINT('',(-0.0253883416549019,0.000202220560041115,0.00531005050633883));
#3315=CARTESIAN_POINT('',(-0.0253883416549019,0.00818809042778907,0.00531005050633883));
#3316=CARTESIAN_POINT('',(-0.0253883416549019,0.00836887163937459,0.00555349212366707));
#3317=CARTESIAN_POINT('',(-0.025433946694527,0.00866028315026865,0.0057));
#3318=CARTESIAN_POINT('',(-0.025433946694527,0.00896338164880427,0.0057));
#3319=CARTESIAN_POINT('',(-0.025433946694527,0.00896338164880427,0.0057));
#3320=CARTESIAN_POINT('',(-0.025433946694527,-0.00858806827664375,0.0057));
#3321=CARTESIAN_POINT('',(-0.025433946694527,0.0102246255628809,0.0057));
#3322=CARTESIAN_POINT('',(-0.025433946694527,0.0102246255628809,0.0057));
#3323=CARTESIAN_POINT('',(-0.025433946694527,0.010527752169643,0.0057));
#3324=CARTESIAN_POINT('',(-0.0253883416549019,0.010819173371336,0.00555344122315706));
#3325=CARTESIAN_POINT('',(-0.0253883416549019,0.0109999167838961,0.00531005050633883));
#3326=CARTESIAN_POINT('',(-0.0253883416549019,0.018649831583175,0.00531005050633883));
#3327=CARTESIAN_POINT('',(-0.0253883416549019,0.0188306127947605,0.00555349212366707));
#3328=CARTESIAN_POINT('',(-0.025433946694527,0.0191220243056546,0.0057));
#3329=CARTESIAN_POINT('',(-0.025433946694527,0.0194251228041902,0.0057));
#3330=CARTESIAN_POINT('',(-0.025433946694527,0.0194251228041902,0.0057));
#3331=CARTESIAN_POINT('',(-0.025433946694527,-0.00858806827664375,0.0057));
#3332=CARTESIAN_POINT('',(-0.025433946694527,0.0206863667182669,0.0057));
#3333=CARTESIAN_POINT('',(-0.025433946694527,0.0206863667182669,0.0057));
#3334=CARTESIAN_POINT('',(-0.025433946694527,0.020989493325029,0.0057));
#3335=CARTESIAN_POINT('',(-0.0253883416549019,0.0212809145267219,0.00555344122315705));
#3336=CARTESIAN_POINT('',(-0.0253883416549019,0.0214616579392821,0.00531005050633883));
#3337=CARTESIAN_POINT('',(-0.027078291148563,-0.0538981187829826,0.007));
#3338=CARTESIAN_POINT('',(-0.027078291148563,-0.0538981187829826,0.00531005050633883));
#3339=CARTESIAN_POINT('',(-0.0277853486829799,-0.0538981187829826,0.00531005050633883));
#3340=CARTESIAN_POINT('',(-0.0277853486829799,-0.0538981187829826,0.00531005050633883));
#3341=CARTESIAN_POINT('',(-0.027078291148563,-0.0538981187829826,0.00531005050633883));
#3342=CARTESIAN_POINT('',(-0.027078291148563,-0.0538981187829826,0.00531005050633883));
#3343=CARTESIAN_POINT('',(-0.0186326593168727,-0.0538981187829826,0.00531005050633883));
#3344=CARTESIAN_POINT('',(-0.0118769769788436,-0.00858806827664375,0.007));
#3345=CARTESIAN_POINT('',(-0.0118769769788436,-0.00858806827664375,0.00531005050633883));
#3346=CARTESIAN_POINT('',(-0.0118769769788436,0.0214616579392821,0.00531005050633883));
#3347=CARTESIAN_POINT('',(-0.0118769769788436,0.0294475278070301,0.00531005050633882));
#3348=CARTESIAN_POINT('',(-0.0118769769788436,0.0302228190280453,0.00473431457505076));
#3349=CARTESIAN_POINT('',(-0.0118769769788436,0.029257133603096,0.00473431457505076));
#3350=CARTESIAN_POINT('',(-0.0118769769788436,0.029257133603096,0.0057));
#3351=CARTESIAN_POINT('',(-0.0118769769788436,0.029257133603096,0.00296568542494924));
#3352=CARTESIAN_POINT('',(-0.0118769769788436,0.0302228190280453,0.00296568542494924));
#3353=CARTESIAN_POINT('',(-0.0118769769788436,0.0302228190280453,0.002));
#3354=CARTESIAN_POINT('',(-0.0118769769788436,-0.00511977313533426,0.002));
#3355=CARTESIAN_POINT('',(-0.0118769769788436,0.0314840629421219,0.002));
#3356=CARTESIAN_POINT('',(-0.0118769769788436,0.0314840629421219,0.00296568542494924));
#3357=CARTESIAN_POINT('',(-0.0118769769788436,0.0324497483670711,0.00296568542494924));
#3358=CARTESIAN_POINT('',(-0.0118769769788436,0.0324497483670711,0.0057));
#3359=CARTESIAN_POINT('',(-0.0118769769788436,0.0324497483670711,0.00473431457505076));
#3360=CARTESIAN_POINT('',(-0.0118769769788436,0.0314840629421219,0.00473431457505076));
#3361=CARTESIAN_POINT('',(-0.0118769769788436,0.0322593541631371,0.00531005050633882));
#3362=CARTESIAN_POINT('',(-0.0118769769788436,-0.00858806827664375,0.00531005050633883));
#3363=CARTESIAN_POINT('',(-0.0118769769788436,0.0367219822296951,0.00531005050633883));
#3364=CARTESIAN_POINT('',(-0.0118769769788436,0.0367219822296951,0.007));
#3365=CARTESIAN_POINT('',(-0.0118769769788436,0.0367219822296951,0.));
#3366=CARTESIAN_POINT('',(-0.0118769769788436,-0.00858806827664375,0.));
#3367=CARTESIAN_POINT('',(-0.0118769769788436,-0.0538981187829826,0.));
#3368=CARTESIAN_POINT('',(-0.0118769769788436,-0.0538981187829826,0.007));
#3369=CARTESIAN_POINT('',(-0.0118769769788436,-0.0538981187829826,0.00531005050633883));
#3370=CARTESIAN_POINT('',(-0.0118769769788436,-0.00858806827664375,0.00531005050633883));
#3371=CARTESIAN_POINT('',(-0.0118769769788436,-0.00858806827664375,0.00531005050633883));
#3372=CARTESIAN_POINT('',(-0.0118769769788436,-0.0317012042099506,0.00531005050633883));
#3373=CARTESIAN_POINT('',(-0.0118769769788436,-0.0309259129889354,0.00473431457505076));
#3374=CARTESIAN_POINT('',(-0.0118769769788436,-0.0318915984138846,0.00473431457505076));
#3375=CARTESIAN_POINT('',(-0.0118769769788436,-0.0318915984138846,0.0057));
#3376=CARTESIAN_POINT('',(-0.0118769769788436,-0.0318915984138846,0.00296568542494924));
#3377=CARTESIAN_POINT('',(-0.0118769769788436,-0.0309259129889354,0.00296568542494924));
#3378=CARTESIAN_POINT('',(-0.0118769769788436,-0.0309259129889354,0.002));
#3379=CARTESIAN_POINT('',(-0.0118769769788436,-0.00511977313533426,0.002));
#3380=CARTESIAN_POINT('',(-0.0118769769788436,-0.0296646690748588,0.002));
#3381=CARTESIAN_POINT('',(-0.0118769769788436,-0.0296646690748588,0.00296568542494924));
#3382=CARTESIAN_POINT('',(-0.0118769769788436,-0.0286989836499095,0.00296568542494924));
#3383=CARTESIAN_POINT('',(-0.0118769769788436,-0.0286989836499095,0.0057));
#3384=CARTESIAN_POINT('',(-0.0118769769788436,-0.0286989836499095,0.00473431457505076));
#3385=CARTESIAN_POINT('',(-0.0118769769788436,-0.0296646690748588,0.00473431457505076));
#3386=CARTESIAN_POINT('',(-0.0118769769788436,-0.0288893778538436,0.00531005050633883));
#3387=CARTESIAN_POINT('',(-0.0118769769788436,-0.00858806827664375,0.00531005050633883));
#3388=CARTESIAN_POINT('',(-0.0118769769788436,-0.0212394630545647,0.00531005050633883));
#3389=CARTESIAN_POINT('',(-0.0118769769788436,-0.0204641718335494,0.00473431457505076));
#3390=CARTESIAN_POINT('',(-0.0118769769788436,-0.0214298572584987,0.00473431457505076));
#3391=CARTESIAN_POINT('',(-0.0118769769788436,-0.0214298572584987,0.0057));
#3392=CARTESIAN_POINT('',(-0.0118769769788436,-0.0214298572584987,0.00296568542494924));
#3393=CARTESIAN_POINT('',(-0.0118769769788436,-0.0204641718335494,0.00296568542494924));
#3394=CARTESIAN_POINT('',(-0.0118769769788436,-0.0204641718335494,0.002));
#3395=CARTESIAN_POINT('',(-0.0118769769788436,-0.00511977313533426,0.002));
#3396=CARTESIAN_POINT('',(-0.0118769769788436,-0.0192029279194728,0.002));
#3397=CARTESIAN_POINT('',(-0.0118769769788436,-0.0192029279194728,0.00296568542494924));
#3398=CARTESIAN_POINT('',(-0.0118769769788436,-0.0182372424945236,0.00296568542494924));
#3399=CARTESIAN_POINT('',(-0.0118769769788436,-0.0182372424945236,0.0057));
#3400=CARTESIAN_POINT('',(-0.0118769769788436,-0.0182372424945236,0.00473431457505076));
#3401=CARTESIAN_POINT('',(-0.0118769769788436,-0.0192029279194728,0.00473431457505076));
#3402=CARTESIAN_POINT('',(-0.0118769769788436,-0.0184276366984576,0.00531005050633883));
#3403=CARTESIAN_POINT('',(-0.0118769769788436,-0.00858806827664375,0.00531005050633883));
#3404=CARTESIAN_POINT('',(-0.0118769769788436,-0.0104417668307096,0.00531005050633883));
#3405=CARTESIAN_POINT('',(-0.0118769769788436,-0.00966647560969443,0.00473431457505076));
#3406=CARTESIAN_POINT('',(-0.0118769769788436,-0.0106321610346437,0.00473431457505076));
#3407=CARTESIAN_POINT('',(-0.0118769769788436,-0.0106321610346437,0.0057));
#3408=CARTESIAN_POINT('',(-0.0118769769788436,-0.0106321610346437,0.00296568542494924));
#3409=CARTESIAN_POINT('',(-0.0118769769788436,-0.00966647560969443,0.00296568542494924));
#3410=CARTESIAN_POINT('',(-0.0118769769788436,-0.00966647560969443,0.002));
#3411=CARTESIAN_POINT('',(-0.0118769769788436,-0.00511977313533426,0.002));
#3412=CARTESIAN_POINT('',(-0.0118769769788436,-0.00840523169561776,0.002));
#3413=CARTESIAN_POINT('',(-0.0118769769788436,-0.00840523169561776,0.00296568542494924));
#3414=CARTESIAN_POINT('',(-0.0118769769788436,-0.00743954627066852,0.00296568542494924));
#3415=CARTESIAN_POINT('',(-0.0118769769788436,-0.00743954627066852,0.0057));
#3416=CARTESIAN_POINT('',(-0.0118769769788436,-0.00743954627066852,0.00473431457505076));
#3417=CARTESIAN_POINT('',(-0.0118769769788436,-0.00840523169561776,0.00473431457505076));
#3418=CARTESIAN_POINT('',(-0.0118769769788436,-0.00762994047460255,0.00531005050633883));
#3419=CARTESIAN_POINT('',(-0.0118769769788436,-0.00858806827664375,0.00531005050633883));
#3420=CARTESIAN_POINT('',(-0.0118769769788436,-0.00260960579606597,0.00531005050633883));
#3421=CARTESIAN_POINT('',(-0.0118769769788436,-0.00183431457505076,0.00473431457505076));
#3422=CARTESIAN_POINT('',(-0.0118769769788436,-0.0028,0.00473431457505076));
#3423=CARTESIAN_POINT('',(-0.0118769769788436,-0.0028,0.0057));
#3424=CARTESIAN_POINT('',(-0.0118769769788436,-0.0028,0.00296568542494924));
#3425=CARTESIAN_POINT('',(-0.0118769769788436,-0.00183431457505076,0.00296568542494924));
#3426=CARTESIAN_POINT('',(-0.0118769769788436,-0.00183431457505076,0.002));
#3427=CARTESIAN_POINT('',(-0.0118769769788436,-0.00511977313533426,0.002));
#3428=CARTESIAN_POINT('',(-0.0118769769788436,-0.000573070660974092,0.002));
#3429=CARTESIAN_POINT('',(-0.0118769769788436,-0.000573070660974092,0.00296568542494924));
#3430=CARTESIAN_POINT('',(-0.0118769769788436,0.000392614763975146,0.00296568542494924));
#3431=CARTESIAN_POINT('',(-0.0118769769788436,0.000392614763975146,0.0057));
#3432=CARTESIAN_POINT('',(-0.0118769769788436,0.000392614763975146,0.00473431457505076));
#3433=CARTESIAN_POINT('',(-0.0118769769788436,-0.000573070660974092,0.00473431457505076));
#3434=CARTESIAN_POINT('',(-0.0118769769788436,0.000202220560041118,0.00531005050633883));
#3435=CARTESIAN_POINT('',(-0.0118769769788436,-0.00858806827664375,0.00531005050633883));
#3436=CARTESIAN_POINT('',(-0.0118769769788436,0.00818809042778906,0.00531005050633883));
#3437=CARTESIAN_POINT('',(-0.0118769769788436,0.00896338164880427,0.00473431457505076));
#3438=CARTESIAN_POINT('',(-0.0118769769788436,0.00799769622385503,0.00473431457505076));
#3439=CARTESIAN_POINT('',(-0.0118769769788436,0.00799769622385503,0.0057));
#3440=CARTESIAN_POINT('',(-0.0118769769788436,0.00799769622385503,0.00296568542494924));
#3441=CARTESIAN_POINT('',(-0.0118769769788436,0.00896338164880427,0.00296568542494924));
#3442=CARTESIAN_POINT('',(-0.0118769769788436,0.00896338164880427,0.002));
#3443=CARTESIAN_POINT('',(-0.0118769769788436,-0.00511977313533426,0.002));
#3444=CARTESIAN_POINT('',(-0.0118769769788436,0.0102246255628809,0.002));
#3445=CARTESIAN_POINT('',(-0.0118769769788436,0.0102246255628809,0.00296568542494924));
#3446=CARTESIAN_POINT('',(-0.0118769769788436,0.0111903109878302,0.00296568542494924));
#3447=CARTESIAN_POINT('',(-0.0118769769788436,0.0111903109878302,0.0057));
#3448=CARTESIAN_POINT('',(-0.0118769769788436,0.0111903109878302,0.00473431457505076));
#3449=CARTESIAN_POINT('',(-0.0118769769788436,0.0102246255628809,0.00473431457505076));
#3450=CARTESIAN_POINT('',(-0.0118769769788436,0.0109999167838961,0.00531005050633883));
#3451=CARTESIAN_POINT('',(-0.0118769769788436,-0.00858806827664375,0.00531005050633883));
#3452=CARTESIAN_POINT('',(-0.0118769769788436,0.018649831583175,0.00531005050633883));
#3453=CARTESIAN_POINT('',(-0.0118769769788436,0.0194251228041902,0.00473431457505076));
#3454=CARTESIAN_POINT('',(-0.0118769769788436,0.018459437379241,0.00473431457505076));
#3455=CARTESIAN_POINT('',(-0.0118769769788436,0.018459437379241,0.0057));
#3456=CARTESIAN_POINT('',(-0.0118769769788436,0.018459437379241,0.00296568542494924));
#3457=CARTESIAN_POINT('',(-0.0118769769788436,0.0194251228041902,0.00296568542494924));
#3458=CARTESIAN_POINT('',(-0.0118769769788436,0.0194251228041902,0.002));
#3459=CARTESIAN_POINT('',(-0.0118769769788436,-0.00511977313533426,0.002));
#3460=CARTESIAN_POINT('',(-0.0118769769788436,0.0206863667182669,0.002));
#3461=CARTESIAN_POINT('',(-0.0118769769788436,0.0206863667182669,0.00296568542494924));
#3462=CARTESIAN_POINT('',(-0.0118769769788436,0.0216520521432161,0.00296568542494924));
#3463=CARTESIAN_POINT('',(-0.0118769769788436,0.0216520521432161,0.0057));
#3464=CARTESIAN_POINT('',(-0.0118769769788436,0.0216520521432161,0.00473431457505076));
#3465=CARTESIAN_POINT('',(-0.0118769769788436,0.0206863667182669,0.00473431457505076));
#3466=CARTESIAN_POINT('',(-0.00983349871797404,-0.0555880682766438,0.007));
#3467=CARTESIAN_POINT('',(-0.00983349871797404,-0.0555880682766438,0.00168994949366116));
#3468=CARTESIAN_POINT('',(-0.0101870274851824,-0.0555880682766438,0.00168994949366116));
#3469=CARTESIAN_POINT('',(-0.00947996995076563,-0.0555880682766438,0.00168994949366116));
#3470=CARTESIAN_POINT('',(-0.00947996995076563,-0.0555880682766438,0.007));
#3471=CARTESIAN_POINT('',(-0.00947996995076563,-0.0555880682766438,0.00531005050633883));
#3472=CARTESIAN_POINT('',(-0.0118769769788436,-0.0555880682766438,0.00531005050633883));
#3473=CARTESIAN_POINT('',(-0.0101870274851824,-0.0555880682766438,0.00531005050633883));
#3474=CARTESIAN_POINT('',(-0.0101870274851824,-0.0555880682766438,0.));
#3475=CARTESIAN_POINT('',(-0.00779002045710447,-0.00858806827664375,0.007));
#3476=CARTESIAN_POINT('',(-0.00779002045710446,-0.0538981187829826,0.007));
#3477=CARTESIAN_POINT('',(-0.00779002045710446,-0.0538981187829826,0.00531005050633883));
#3478=CARTESIAN_POINT('',(-0.00779002045710446,-0.0538981187829826,0.00168994949366116));
#3479=CARTESIAN_POINT('',(-0.00779002045710447,-0.00858806827664375,0.00168994949366116));
#3480=CARTESIAN_POINT('',(-0.00779002045710448,0.0367219822296951,0.00168994949366116));
#3481=CARTESIAN_POINT('',(-0.00779002045710448,0.0367219822296951,0.007));
#3482=CARTESIAN_POINT('',(-0.00779002045710448,0.0367219822296951,0.00531005050633883));
#3483=CARTESIAN_POINT('',(-0.00779002045710446,-0.0555880682766438,0.00531005050633883));
#3484=CARTESIAN_POINT('',(-0.00983349871797404,0.0384119317233562,0.007));
#3485=CARTESIAN_POINT('',(-0.00983349871797404,0.0384119317233562,0.00531005050633883));
#3486=CARTESIAN_POINT('',(-0.0101870274851824,0.0384119317233562,0.00531005050633883));
#3487=CARTESIAN_POINT('',(-0.00947996995076564,0.0384119317233562,0.00531005050633883));
#3488=CARTESIAN_POINT('',(-0.00947996995076564,0.0384119317233562,0.));
#3489=CARTESIAN_POINT('',(-0.00947996995076564,0.0384119317233562,0.00168994949366116));
#3490=CARTESIAN_POINT('',(-0.0118769769788436,0.0384119317233562,0.00168994949366116));
#3491=CARTESIAN_POINT('',(-0.0101870274851824,0.0384119317233562,0.00168994949366116));
#3492=CARTESIAN_POINT('',(-0.0101870274851824,0.0384119317233562,0.007));
#3493=CARTESIAN_POINT('',(-0.0186326593168727,-0.00858806827664375,0.007));
#3494=CARTESIAN_POINT('',(-0.0186326593168727,0.0367219822296951,0.007));
#3495=CARTESIAN_POINT('',(-0.00947996995076564,0.0367219822296951,0.007));
#3496=CARTESIAN_POINT('',(-0.0101870274851824,0.0367219822296951,0.007));
#3497=CARTESIAN_POINT('',(-0.0101870274851824,-0.00858806827664375,0.007));
#3498=CARTESIAN_POINT('',(-0.0101870274851824,-0.0538981187829826,0.007));
#3499=CARTESIAN_POINT('',(-0.00779002045710446,-0.0538981187829826,0.007));
#3500=CARTESIAN_POINT('',(-0.00947996995076563,-0.0538981187829826,0.007));
#3501=CARTESIAN_POINT('',(-0.00947996995076564,0.0384119317233562,0.007));
#3502=CARTESIAN_POINT('',(-0.0186326593168727,-0.00858806827664375,0.));
#3503=CARTESIAN_POINT('',(-0.00947996995076564,-0.00858806827664375,0.));
#3504=CARTESIAN_POINT('',(-0.00947996995076564,0.0367219822296951,0.));
#3505=CARTESIAN_POINT('',(-0.00947996995076563,-0.0538981187829826,0.));
#3506=CARTESIAN_POINT('',(-0.0186326593168727,-0.0538981187829826,0.));
#3507=CARTESIAN_POINT('',(-0.00779002045710448,0.0367219822296951,0.));
#3508=CARTESIAN_POINT('',(-0.0186326593168727,0.0367219822296951,0.00168994949366116));
#3509=CARTESIAN_POINT('',(-0.00947996995076564,0.0367219822296951,0.00168994949366116));
#3510=CARTESIAN_POINT('',(-0.0101870274851824,0.0367219822296951,0.00168994949366116));
#3511=CARTESIAN_POINT('',(-0.00947996995076564,0.0367219822296951,0.00168994949366116));
#3512=CARTESIAN_POINT('',(-0.00947996995076564,0.0367219822296951,0.00168994949366116));
#3513=CARTESIAN_POINT('',(-0.00947996995076564,0.0367219822296951,0.00168994949366116));
#3514=CARTESIAN_POINT('',(-0.0101870274851824,0.0367219822296951,0.007));
#3515=CARTESIAN_POINT('',(-0.0101870274851824,0.0367219822296951,0.00531005050633883));
#3516=CARTESIAN_POINT('',(-0.00983349871797404,0.0367219822296951,0.00531005050633883));
#3517=CARTESIAN_POINT('',(-0.00947996995076564,0.0367219822296951,0.00531005050633883));
#3518=CARTESIAN_POINT('',(-0.0101870274851824,0.0367219822296951,0.00531005050633883));
#3519=CARTESIAN_POINT('',(-0.00947996995076564,0.0367219822296951,0.007));
#3520=CARTESIAN_POINT('',(-0.00947996995076564,0.0367219822296951,0.00531005050633883));
#3521=CARTESIAN_POINT('',(-0.00947996995076564,-0.00858806827664375,0.00168994949366116));
#3522=CARTESIAN_POINT('',(-0.00947996995076563,-0.0538981187829826,0.00168994949366116));
#3523=CARTESIAN_POINT('',(-0.00983349871797404,-0.0538981187829826,0.00168994949366116));
#3524=CARTESIAN_POINT('',(-0.0101870274851824,-0.0538981187829826,0.00168994949366116));
#3525=CARTESIAN_POINT('',(-0.00947996995076563,-0.0538981187829826,0.00168994949366116));
#3526=CARTESIAN_POINT('',(-0.0101870274851824,0.0367219822296951,0.00531005050633883));
#3527=CARTESIAN_POINT('',(-0.0101870274851824,0.0367219822296951,0.00531005050633883));
#3528=CARTESIAN_POINT('',(-0.00947996995076564,0.0367219822296951,0.00531005050633883));
#3529=CARTESIAN_POINT('',(-0.00947996995076564,0.0367219822296951,0.00531005050633883));
#3530=CARTESIAN_POINT('',(-0.00947996995076563,-0.0538981187829826,0.00168994949366116));
#3531=CARTESIAN_POINT('',(-0.00947996995076563,-0.0538981187829826,0.00168994949366116));
#3532=CARTESIAN_POINT('',(-0.0101870274851824,-0.0538981187829826,0.007));
#3533=CARTESIAN_POINT('',(-0.0101870274851824,-0.0538981187829826,0.00531005050633883));
#3534=CARTESIAN_POINT('',(-0.0101870274851824,-0.00858806827664375,0.00531005050633883));
#3535=CARTESIAN_POINT('',(-0.0118313719392185,-0.00858806827664375,0.0057));
#3536=CARTESIAN_POINT('',(-0.0118313719392185,0.0314840629421219,0.0057));
#3537=CARTESIAN_POINT('',(-0.0118313719392185,0.0302228190280453,0.0057));
#3538=CARTESIAN_POINT('',(-0.0118313719392185,0.0302228190280453,0.0057));
#3539=CARTESIAN_POINT('',(-0.0118313719392185,0.0299196924212832,0.0057));
#3540=CARTESIAN_POINT('',(-0.0118769769788436,0.0296282712195902,0.00555344122315705));
#3541=CARTESIAN_POINT('',(-0.0118769769788436,0.0294475278070301,0.00531005050633882));
#3542=CARTESIAN_POINT('',(-0.0118769769788436,0.0214616579392821,0.00531005050633883));
#3543=CARTESIAN_POINT('',(-0.0118769769788436,0.0212808767276966,0.00555349212366706));
#3544=CARTESIAN_POINT('',(-0.0118313719392185,0.0209894652168025,0.0057));
#3545=CARTESIAN_POINT('',(-0.0118313719392185,0.0206863667182669,0.0057));
#3546=CARTESIAN_POINT('',(-0.0118313719392185,0.0206863667182669,0.0057));
#3547=CARTESIAN_POINT('',(-0.0118313719392185,-0.00858806827664375,0.0057));
#3548=CARTESIAN_POINT('',(-0.0118313719392185,0.0194251228041902,0.0057));
#3549=CARTESIAN_POINT('',(-0.0118313719392185,0.0194251228041902,0.0057));
#3550=CARTESIAN_POINT('',(-0.0118313719392185,0.0191219961974281,0.0057));
#3551=CARTESIAN_POINT('',(-0.0118769769788436,0.0188305749957351,0.00555344122315704));
#3552=CARTESIAN_POINT('',(-0.0118769769788436,0.018649831583175,0.00531005050633882));
#3553=CARTESIAN_POINT('',(-0.0118769769788436,0.0109999167838961,0.00531005050633883));
#3554=CARTESIAN_POINT('',(-0.0118769769788436,0.0108191355723106,0.00555349212366706));
#3555=CARTESIAN_POINT('',(-0.0118313719392185,0.0105277240614166,0.0057));
#3556=CARTESIAN_POINT('',(-0.0118313719392185,0.0102246255628809,0.0057));
#3557=CARTESIAN_POINT('',(-0.0118313719392185,0.0102246255628809,0.0057));
#3558=CARTESIAN_POINT('',(-0.0118313719392185,-0.00858806827664375,0.0057));
#3559=CARTESIAN_POINT('',(-0.0118313719392185,0.00896338164880427,0.0057));
#3560=CARTESIAN_POINT('',(-0.0118313719392185,0.00896338164880427,0.0057));
#3561=CARTESIAN_POINT('',(-0.0118313719392185,0.00866025504204219,0.0057));
#3562=CARTESIAN_POINT('',(-0.0118769769788436,0.00836883384034921,0.00555344122315706));
#3563=CARTESIAN_POINT('',(-0.0118769769788436,0.00818809042778906,0.00531005050633883));
#3564=CARTESIAN_POINT('',(-0.0118769769788436,0.000202220560041118,0.00531005050633883));
#3565=CARTESIAN_POINT('',(-0.0118769769788436,2.14393484555963E-5,0.00555349212366707));
#3566=CARTESIAN_POINT('',(-0.0118313719392185,-0.000269972162438466,0.0057));
#3567=CARTESIAN_POINT('',(-0.0118313719392185,-0.000573070660974092,0.0057));
#3568=CARTESIAN_POINT('',(-0.0118313719392185,-0.000573070660974092,0.0057));
#3569=CARTESIAN_POINT('',(-0.0118313719392185,-0.00858806827664375,0.0057));
#3570=CARTESIAN_POINT('',(-0.0118313719392185,-0.00183431457505076,0.0057));
#3571=CARTESIAN_POINT('',(-0.0118313719392185,-0.00183431457505076,0.0057));
#3572=CARTESIAN_POINT('',(-0.0118313719392185,-0.00213744118181284,0.0057));
#3573=CARTESIAN_POINT('',(-0.0118769769788436,-0.00242886238350582,0.00555344122315706));
#3574=CARTESIAN_POINT('',(-0.0118769769788436,-0.00260960579606597,0.00531005050633883));
#3575=CARTESIAN_POINT('',(-0.0118769769788436,-0.00762994047460255,0.00531005050633883));
#3576=CARTESIAN_POINT('',(-0.0118769769788436,-0.00781072168618807,0.00555349212366707));
#3577=CARTESIAN_POINT('',(-0.0118313719392185,-0.00810213319708213,0.0057));
#3578=CARTESIAN_POINT('',(-0.0118313719392185,-0.00840523169561776,0.0057));
#3579=CARTESIAN_POINT('',(-0.0118313719392185,-0.00840523169561776,0.0057));
#3580=CARTESIAN_POINT('',(-0.0118313719392185,-0.00858806827664375,0.0057));
#3581=CARTESIAN_POINT('',(-0.0118313719392185,-0.00966647560969443,0.0057));
#3582=CARTESIAN_POINT('',(-0.0118313719392185,-0.00966647560969443,0.0057));
#3583=CARTESIAN_POINT('',(-0.0118313719392185,-0.00996960221645651,0.0057));
#3584=CARTESIAN_POINT('',(-0.0118769769788436,-0.0102610234181495,0.00555344122315706));
#3585=CARTESIAN_POINT('',(-0.0118769769788436,-0.0104417668307096,0.00531005050633883));
#3586=CARTESIAN_POINT('',(-0.0118769769788436,-0.0184276366984576,0.00531005050633883));
#3587=CARTESIAN_POINT('',(-0.0118769769788436,-0.0186084179100431,0.00555349212366707));
#3588=CARTESIAN_POINT('',(-0.0118313719392185,-0.0188998294209372,0.0057));
#3589=CARTESIAN_POINT('',(-0.0118313719392185,-0.0192029279194728,0.0057));
#3590=CARTESIAN_POINT('',(-0.0118313719392185,-0.0192029279194728,0.0057));
#3591=CARTESIAN_POINT('',(-0.0118313719392185,-0.00858806827664375,0.0057));
#3592=CARTESIAN_POINT('',(-0.0118313719392185,-0.0204641718335494,0.0057));
#3593=CARTESIAN_POINT('',(-0.0118313719392185,-0.0204641718335494,0.0057));
#3594=CARTESIAN_POINT('',(-0.0118313719392185,-0.0207672984403115,0.0057));
#3595=CARTESIAN_POINT('',(-0.0118769769788436,-0.0210587196420045,0.00555344122315706));
#3596=CARTESIAN_POINT('',(-0.0118769769788436,-0.0212394630545647,0.00531005050633883));
#3597=CARTESIAN_POINT('',(-0.0118769769788436,-0.0288893778538436,0.00531005050633883));
#3598=CARTESIAN_POINT('',(-0.0118769769788436,-0.0290701590654291,0.00555349212366706));
#3599=CARTESIAN_POINT('',(-0.0118313719392185,-0.0293615705763231,0.0057));
#3600=CARTESIAN_POINT('',(-0.0118313719392185,-0.0296646690748588,0.0057));
#3601=CARTESIAN_POINT('',(-0.0118313719392185,-0.0296646690748588,0.0057));
#3602=CARTESIAN_POINT('',(-0.0118313719392185,-0.00858806827664375,0.0057));
#3603=CARTESIAN_POINT('',(-0.0118313719392185,-0.0309259129889354,0.0057));
#3604=CARTESIAN_POINT('',(-0.0118313719392185,-0.0309259129889354,0.0057));
#3605=CARTESIAN_POINT('',(-0.0118313719392185,-0.0312290395956975,0.0057));
#3606=CARTESIAN_POINT('',(-0.0118769769788436,-0.0315204607973905,0.00555344122315705));
#3607=CARTESIAN_POINT('',(-0.0118769769788436,-0.0317012042099506,0.00531005050633883));
#3608=CARTESIAN_POINT('',(-0.0101870274851824,-0.0538981187829826,0.00531005050633883));
#3609=CARTESIAN_POINT('',(-0.0118769769788436,0.0322593541631372,0.00531005050633882));
#3610=CARTESIAN_POINT('',(-0.0118769769788436,0.0320785729515516,0.00555349212366708));
#3611=CARTESIAN_POINT('',(-0.0118313719392185,0.0317871614406575,0.0057));
#3612=CARTESIAN_POINT('',(-0.0118313719392185,0.0314840629421219,0.0057));
#3613=CARTESIAN_POINT('',(-0.00947996995076564,-0.00858806827664375,0.00531005050633883));
#3614=CARTESIAN_POINT('',(-0.00947996995076563,-0.0538981187829826,0.00531005050633883));
#3615=CARTESIAN_POINT('',(-0.00947996995076563,-0.0538981187829826,0.007));
#3616=CARTESIAN_POINT('',(-0.00947996995076563,-0.0538981187829826,0.00531005050633883));
#3617=CARTESIAN_POINT('',(-0.0101870274851824,-0.0538981187829826,0.00531005050633883));
#3618=CARTESIAN_POINT('',(-0.0101870274851824,-0.0538981187829826,0.00531005050633883));
#3619=CARTESIAN_POINT('',(-0.00947996995076563,-0.0538981187829826,0.00531005050633883));
#3620=CARTESIAN_POINT('',(-0.00947996995076563,-0.0538981187829826,0.00531005050633883));
#3621=CARTESIAN_POINT('',(-0.0186326593168727,-0.0538981187829826,0.00531005050633883));
#3622=CARTESIAN_POINT('',(-0.0189052248526364,-0.0286989836499095,0.0057));
#3623=CARTESIAN_POINT('',(-0.0272414992716163,-0.0286989836499095,0.00296568542494924));
#3624=CARTESIAN_POINT('',(-0.0189052248526364,-0.0286989836499095,0.00473431457505076));
#3625=CARTESIAN_POINT('',(-0.0189052248526364,-0.0318915984138846,0.0057));
#3626=CARTESIAN_POINT('',(-0.0189052248526364,-0.0318915984138846,0.00296568542494924));
#3627=CARTESIAN_POINT('',(-0.0272414992716163,-0.0318915984138846,0.00473431457505076));
#3628=CARTESIAN_POINT('',(-0.0186889581924305,-0.00511977313533426,0.002));
#3629=CARTESIAN_POINT('',(-0.0105689504336566,-0.0296646690748588,0.002));
#3630=CARTESIAN_POINT('',(-0.0186889581924305,-0.0309259129889354,0.002));
#3631=CARTESIAN_POINT('',(-0.0186889581924305,-0.0296646690748588,0.00296568542494924));
#3632=CARTESIAN_POINT('',(-0.0189052248526364,-0.0309259129889354,0.00296568542494924));
#3633=CARTESIAN_POINT('',(-0.0186889581924305,-0.0309259129889354,0.00473431457505076));
#3634=CARTESIAN_POINT('',(-0.0105689504336566,-0.0309259129889354,0.0057));
#3635=CARTESIAN_POINT('',(-0.0189052248526364,-0.0296646690748588,0.00473431457505076));
#3636=CARTESIAN_POINT('',(-0.0186889581924305,-0.0296646690748588,0.0057));
#3637=CARTESIAN_POINT('',(-0.0186889581924305,-0.00511977313533426,0.0057));
#3638=CARTESIAN_POINT('',(-0.0189052248526364,-0.0182372424945236,0.0057));
#3639=CARTESIAN_POINT('',(-0.0272414992716163,-0.0182372424945236,0.00296568542494924));
#3640=CARTESIAN_POINT('',(-0.0189052248526364,-0.0182372424945236,0.00473431457505076));
#3641=CARTESIAN_POINT('',(-0.0189052248526364,-0.0214298572584987,0.0057));
#3642=CARTESIAN_POINT('',(-0.0189052248526364,-0.0214298572584987,0.00296568542494924));
#3643=CARTESIAN_POINT('',(-0.0272414992716163,-0.0214298572584987,0.00473431457505076));
#3644=CARTESIAN_POINT('',(-0.0186889581924305,-0.00511977313533426,0.002));
#3645=CARTESIAN_POINT('',(-0.0105689504336566,-0.0192029279194728,0.002));
#3646=CARTESIAN_POINT('',(-0.0186889581924305,-0.0204641718335494,0.002));
#3647=CARTESIAN_POINT('',(-0.0186889581924305,-0.0192029279194728,0.00296568542494924));
#3648=CARTESIAN_POINT('',(-0.0189052248526364,-0.0204641718335494,0.00296568542494924));
#3649=CARTESIAN_POINT('',(-0.0186889581924305,-0.0204641718335494,0.00473431457505076));
#3650=CARTESIAN_POINT('',(-0.0105689504336566,-0.0204641718335494,0.0057));
#3651=CARTESIAN_POINT('',(-0.0189052248526364,-0.0192029279194728,0.00473431457505076));
#3652=CARTESIAN_POINT('',(-0.0186889581924305,-0.0192029279194728,0.0057));
#3653=CARTESIAN_POINT('',(-0.0186889581924305,-0.00511977313533426,0.0057));
#3654=CARTESIAN_POINT('',(-0.0189052248526364,-0.00743954627066852,0.0057));
#3655=CARTESIAN_POINT('',(-0.0272414992716163,-0.00743954627066852,0.00296568542494924));
#3656=CARTESIAN_POINT('',(-0.0189052248526364,-0.00743954627066852,0.00473431457505076));
#3657=CARTESIAN_POINT('',(-0.0189052248526364,-0.0106321610346437,0.0057));
#3658=CARTESIAN_POINT('',(-0.0189052248526364,-0.0106321610346437,0.00296568542494924));
#3659=CARTESIAN_POINT('',(-0.0272414992716163,-0.0106321610346437,0.00473431457505076));
#3660=CARTESIAN_POINT('',(-0.0186889581924305,-0.00511977313533426,0.002));
#3661=CARTESIAN_POINT('',(-0.0105689504336566,-0.00840523169561776,0.002));
#3662=CARTESIAN_POINT('',(-0.0186889581924305,-0.00966647560969443,0.002));
#3663=CARTESIAN_POINT('',(-0.0186889581924305,-0.00840523169561776,0.00296568542494924));
#3664=CARTESIAN_POINT('',(-0.0189052248526364,-0.00966647560969443,0.00296568542494924));
#3665=CARTESIAN_POINT('',(-0.0186889581924305,-0.00966647560969443,0.00473431457505076));
#3666=CARTESIAN_POINT('',(-0.0105689504336566,-0.00966647560969443,0.0057));
#3667=CARTESIAN_POINT('',(-0.0189052248526364,-0.00840523169561776,0.00473431457505076));
#3668=CARTESIAN_POINT('',(-0.0186889581924305,-0.00840523169561776,0.0057));
#3669=CARTESIAN_POINT('',(-0.0186889581924305,-0.00511977313533426,0.0057));
#3670=CARTESIAN_POINT('',(-0.0184726915322244,0.000392614763975146,0.0057));
#3671=CARTESIAN_POINT('',(-0.0268089659512043,0.000392614763975146,0.00296568542494924));
#3672=CARTESIAN_POINT('',(-0.0184726915322244,0.000392614763975146,0.00473431457505076));
#3673=CARTESIAN_POINT('',(-0.0184726915322244,-0.0028,0.0057));
#3674=CARTESIAN_POINT('',(-0.0184726915322244,-0.0028,0.00296568542494924));
#3675=CARTESIAN_POINT('',(-0.0268089659512043,-0.0028,0.00473431457505076));
#3676=CARTESIAN_POINT('',(-0.0186889581924305,-0.00511977313533426,0.002));
#3677=CARTESIAN_POINT('',(-0.0101364171132445,-0.000573070660974092,0.002));
#3678=CARTESIAN_POINT('',(-0.0186889581924305,-0.00183431457505076,0.002));
#3679=CARTESIAN_POINT('',(-0.0186889581924305,-0.000573070660974092,0.00296568542494924));
#3680=CARTESIAN_POINT('',(-0.0184726915322244,-0.00183431457505076,0.00296568542494924));
#3681=CARTESIAN_POINT('',(-0.0186889581924305,-0.00183431457505076,0.00473431457505076));
#3682=CARTESIAN_POINT('',(-0.0101364171132445,-0.00183431457505076,0.0057));
#3683=CARTESIAN_POINT('',(-0.0184726915322244,-0.000573070660974092,0.00473431457505076));
#3684=CARTESIAN_POINT('',(-0.0186889581924305,-0.000573070660974092,0.0057));
#3685=CARTESIAN_POINT('',(-0.0186889581924305,-0.00511977313533426,0.0057));
#3686=CARTESIAN_POINT('',(-0.0184726915322244,0.0111903109878302,0.0057));
#3687=CARTESIAN_POINT('',(-0.0268089659512043,0.0111903109878302,0.00296568542494924));
#3688=CARTESIAN_POINT('',(-0.0184726915322244,0.0111903109878302,0.00473431457505076));
#3689=CARTESIAN_POINT('',(-0.0184726915322244,0.00799769622385503,0.0057));
#3690=CARTESIAN_POINT('',(-0.0184726915322244,0.00799769622385503,0.00296568542494924));
#3691=CARTESIAN_POINT('',(-0.0268089659512043,0.00799769622385503,0.00473431457505076));
#3692=CARTESIAN_POINT('',(-0.0186889581924305,-0.00511977313533426,0.002));
#3693=CARTESIAN_POINT('',(-0.0101364171132445,0.0102246255628809,0.002));
#3694=CARTESIAN_POINT('',(-0.0186889581924305,0.00896338164880427,0.002));
#3695=CARTESIAN_POINT('',(-0.0186889581924305,0.0102246255628809,0.00296568542494924));
#3696=CARTESIAN_POINT('',(-0.0184726915322244,0.00896338164880427,0.00296568542494924));
#3697=CARTESIAN_POINT('',(-0.0186889581924305,0.00896338164880427,0.00473431457505076));
#3698=CARTESIAN_POINT('',(-0.0101364171132445,0.00896338164880427,0.0057));
#3699=CARTESIAN_POINT('',(-0.0184726915322244,0.0102246255628809,0.00473431457505076));
#3700=CARTESIAN_POINT('',(-0.0186889581924305,0.0102246255628809,0.0057));
#3701=CARTESIAN_POINT('',(-0.0186889581924305,-0.00511977313533426,0.0057));
#3702=CARTESIAN_POINT('',(-0.0184726915322244,0.0216520521432161,0.0057));
#3703=CARTESIAN_POINT('',(-0.0268089659512043,0.0216520521432161,0.00296568542494924));
#3704=CARTESIAN_POINT('',(-0.0184726915322244,0.0216520521432161,0.00473431457505076));
#3705=CARTESIAN_POINT('',(-0.0184726915322244,0.018459437379241,0.0057));
#3706=CARTESIAN_POINT('',(-0.0184726915322244,0.018459437379241,0.00296568542494924));
#3707=CARTESIAN_POINT('',(-0.0268089659512043,0.018459437379241,0.00473431457505076));
#3708=CARTESIAN_POINT('',(-0.0186889581924305,-0.00511977313533426,0.002));
#3709=CARTESIAN_POINT('',(-0.0101364171132445,0.0206863667182669,0.002));
#3710=CARTESIAN_POINT('',(-0.0186889581924305,0.0194251228041902,0.002));
#3711=CARTESIAN_POINT('',(-0.0186889581924305,0.0206863667182669,0.00296568542494924));
#3712=CARTESIAN_POINT('',(-0.0184726915322244,0.0194251228041902,0.00296568542494924));
#3713=CARTESIAN_POINT('',(-0.0184726915322244,0.0206863667182669,0.00473431457505076));
#3714=CARTESIAN_POINT('',(-0.0186889581924305,0.0206863667182669,0.0057));
#3715=CARTESIAN_POINT('',(-0.0186889581924305,0.0194251228041902,0.00473431457505076));
#3716=CARTESIAN_POINT('',(-0.0101364171132445,0.0194251228041902,0.0057));
#3717=CARTESIAN_POINT('',(-0.0186889581924305,-0.00511977313533426,0.0057));
#3718=CARTESIAN_POINT('',(-0.0184726915322244,0.0324497483670711,0.0057));
#3719=CARTESIAN_POINT('',(-0.0268089659512043,0.0324497483670711,0.00296568542494924));
#3720=CARTESIAN_POINT('',(-0.0184726915322244,0.0324497483670711,0.00473431457505076));
#3721=CARTESIAN_POINT('',(-0.0184726915322244,0.029257133603096,0.0057));
#3722=CARTESIAN_POINT('',(-0.0184726915322244,0.029257133603096,0.00296568542494924));
#3723=CARTESIAN_POINT('',(-0.0268089659512043,0.029257133603096,0.00473431457505076));
#3724=CARTESIAN_POINT('',(-0.0186889581924305,-0.00511977313533426,0.002));
#3725=CARTESIAN_POINT('',(-0.0101364171132445,0.0314840629421219,0.002));
#3726=CARTESIAN_POINT('',(-0.0186889581924305,0.0302228190280453,0.002));
#3727=CARTESIAN_POINT('',(-0.0186889581924305,0.0314840629421219,0.00296568542494924));
#3728=CARTESIAN_POINT('',(-0.0184726915322244,0.0302228190280453,0.00296568542494924));
#3729=CARTESIAN_POINT('',(-0.0186889581924305,0.0302228190280453,0.00473431457505076));
#3730=CARTESIAN_POINT('',(-0.0101364171132445,0.0302228190280453,0.0057));
#3731=CARTESIAN_POINT('',(-0.0184726915322244,0.0314840629421219,0.00473431457505076));
#3732=CARTESIAN_POINT('',(-0.0186889581924305,0.0314840629421219,0.0057));
#3733=CARTESIAN_POINT('',(-0.0186889581924305,-0.00511977313533426,0.0057));
#3734=MECHANICAL_DESIGN_GEOMETRIC_PRESENTATION_REPRESENTATION('',(#2151),
#3735);
#3735=(
GEOMETRIC_REPRESENTATION_CONTEXT(3)
GLOBAL_UNCERTAINTY_ASSIGNED_CONTEXT((#3736))
GLOBAL_UNIT_ASSIGNED_CONTEXT((#3739,#3738,#3737))
REPRESENTATION_CONTEXT('Part 1','TOP_LEVEL_ASSEMBLY_PART')
);
#3736=UNCERTAINTY_MEASURE_WITH_UNIT(LENGTH_MEASURE(2.E-5),#3739,
'DISTANCE_ACCURACY_VALUE','Maximum Tolerance applied to model');
#3737=(
NAMED_UNIT(*)
SI_UNIT($,.STERADIAN.)
SOLID_ANGLE_UNIT()
);
#3738=(
NAMED_UNIT(*)
PLANE_ANGLE_UNIT()
SI_UNIT($,.RADIAN.)
);
#3739=(
LENGTH_UNIT()
NAMED_UNIT(*)
SI_UNIT($,.METRE.)
);
#3740=PRODUCT_DEFINITION_SHAPE('','',#3741);
#3741=PRODUCT_DEFINITION('','',#3743,#3742);
#3742=PRODUCT_DEFINITION_CONTEXT('',#3749,'design');
#3743=PRODUCT_DEFINITION_FORMATION_WITH_SPECIFIED_SOURCE('','',#3745,
 .NOT_KNOWN.);
#3744=PRODUCT_RELATED_PRODUCT_CATEGORY('','',(#3745));
#3745=PRODUCT('Part 1','Part 1','Part 1',(#3747));
#3746=PRODUCT_CATEGORY('','');
#3747=PRODUCT_CONTEXT('',#3749,'mechanical');
#3748=APPLICATION_PROTOCOL_DEFINITION('international standard',
'ap242_managed_model_based_3d_engineering',2020,#3749);
#3749=APPLICATION_CONTEXT('managed model based 3d engineering');
ENDSEC;
END-ISO-10303-21;
