ISO-10303-21;
HEADER;
/* Generated by software containing ST-Developer
 * from STEP Tools, Inc. (www.steptools.com) 
 */
/* OPTION: using custom renumber hook */

FILE_DESCRIPTION(
/* description */ ('STEP AP242 Edition 2',
'CAx-IF Rec.Pracs.---Representation and Presentation of Product Manufa
cturing Information (PMI)---4.0---2014-10-13',
'CAx-IF Rec.Pracs.---3D Tessellated Geometry---0.4---2014-09-14','2;1',
'CAx-IF Rec.Pracs.---User Defined Attributes---1.5---2016-08-15'),
/* implementation_level */ '2;1');

FILE_NAME(
/* name */ 'stairs',
/* time_stamp */ '2026-09-13T22:02:52Z',
/* author */ (''),
/* organization */ (''),
/* preprocessor_version */ 'ST-DEVELOPER v20',
/* originating_system */ 'ONSHAPE BY PTC INC, 1.220',
/* authorisation */ '  ');

FILE_SCHEMA (('AP242_MANAGED_MODEL_BASED_3D_ENGINEERING_MIM_LF { 1 0 10303 442 3 1 4 }'));
ENDSEC;

DATA;
#10=ELLIPSE('',#2198,0.00238994949366117,0.00168994949366116);
#11=ELLIPSE('',#2216,0.00238994949366117,0.00168994949366116);
#12=ELLIPSE('',#2277,0.00238994949366117,0.00168994949366116);
#13=ELLIPSE('',#2291,0.00238994949366117,0.00168994949366116);
#14=SPHERICAL_SURFACE('',#2193,0.00168994949366116);
#15=SPHERICAL_SURFACE('',#2208,0.00168994949366116);
#16=SPHERICAL_SURFACE('',#2211,0.00168994949366116);
#17=SPHERICAL_SURFACE('',#2213,0.00168994949366116);
#18=SPHERICAL_SURFACE('',#2225,0.00168994949366116);
#19=SPHERICAL_SURFACE('',#2227,0.00168994949366116);
#20=SPHERICAL_SURFACE('',#2278,0.00168994949366116);
#21=SPHERICAL_SURFACE('',#2293,0.00168994949366116);
#22=SPHERICAL_SURFACE('',#2295,0.00168994949366116);
#23=SPHERICAL_SURFACE('',#2297,0.00168994949366116);
#24=SPHERICAL_SURFACE('',#2307,0.00168994949366116);
#25=SPHERICAL_SURFACE('',#2309,0.00168994949366116);
#26=SHAPE_REPRESENTATION_RELATIONSHIP('','',#2100,#36);
#27=SHAPE_REPRESENTATION_RELATIONSHIP('','',#2101,#37);
#28=SHAPE_REPRESENTATION_RELATIONSHIP('','',#2102,#38);
#29=SHAPE_REPRESENTATION_RELATIONSHIP('','',#2103,#39);
#30=SHAPE_REPRESENTATION_RELATIONSHIP('','',#2104,#40);
#31=SHAPE_REPRESENTATION_RELATIONSHIP('','',#2105,#41);
#32=SHAPE_REPRESENTATION_RELATIONSHIP('','',#2106,#42);
#33=SHAPE_REPRESENTATION_RELATIONSHIP('','',#2107,#43);
#34=SHAPE_REPRESENTATION_RELATIONSHIP('','',#2108,#44);
#35=SHAPE_REPRESENTATION_RELATIONSHIP('','',#2109,#45);
#36=ADVANCED_BREP_SHAPE_REPRESENTATION('',(#2080),#3600);
#37=ADVANCED_BREP_SHAPE_REPRESENTATION('',(#2081),#3601);
#38=ADVANCED_BREP_SHAPE_REPRESENTATION('',(#2082),#3602);
#39=ADVANCED_BREP_SHAPE_REPRESENTATION('',(#2083),#3603);
#40=ADVANCED_BREP_SHAPE_REPRESENTATION('',(#2084),#3604);
#41=ADVANCED_BREP_SHAPE_REPRESENTATION('',(#2085),#3605);
#42=ADVANCED_BREP_SHAPE_REPRESENTATION('',(#2086),#3606);
#43=ADVANCED_BREP_SHAPE_REPRESENTATION('',(#2087),#3607);
#44=ADVANCED_BREP_SHAPE_REPRESENTATION('',(#2088),#3608);
#45=ADVANCED_BREP_SHAPE_REPRESENTATION('',(#2089),#3609);
#46=CYLINDRICAL_SURFACE('',#2125,0.000965685424949238);
#47=CYLINDRICAL_SURFACE('',#2126,0.000965685424949238);
#48=CYLINDRICAL_SURFACE('',#2127,0.000965685424949238);
#49=CYLINDRICAL_SURFACE('',#2128,0.000965685424949238);
#50=CYLINDRICAL_SURFACE('',#2144,0.000965685424949238);
#51=CYLINDRICAL_SURFACE('',#2145,0.000965685424949238);
#52=CYLINDRICAL_SURFACE('',#2146,0.000965685424949238);
#53=CYLINDRICAL_SURFACE('',#2147,0.000965685424949238);
#54=CYLINDRICAL_SURFACE('',#2163,0.000965685424949238);
#55=CYLINDRICAL_SURFACE('',#2164,0.000965685424949238);
#56=CYLINDRICAL_SURFACE('',#2165,0.000965685424949238);
#57=CYLINDRICAL_SURFACE('',#2166,0.000965685424949238);
#58=CYLINDRICAL_SURFACE('',#2182,0.000965685424949238);
#59=CYLINDRICAL_SURFACE('',#2183,0.000965685424949238);
#60=CYLINDRICAL_SURFACE('',#2184,0.000965685424949238);
#61=CYLINDRICAL_SURFACE('',#2185,0.000965685424949238);
#62=CYLINDRICAL_SURFACE('',#2197,0.00168994949366116);
#63=CYLINDRICAL_SURFACE('',#2199,0.00168994949366116);
#64=CYLINDRICAL_SURFACE('',#2201,0.00168994949366116);
#65=CYLINDRICAL_SURFACE('',#2203,0.00168994949366116);
#66=CYLINDRICAL_SURFACE('',#2206,0.00168994949366116);
#67=CYLINDRICAL_SURFACE('',#2215,0.00168994949366116);
#68=CYLINDRICAL_SURFACE('',#2217,0.00168994949366116);
#69=CYLINDRICAL_SURFACE('',#2219,0.00168994949366116);
#70=CYLINDRICAL_SURFACE('',#2221,0.00168994949366116);
#71=CYLINDRICAL_SURFACE('',#2223,0.00168994949366116);
#72=CYLINDRICAL_SURFACE('',#2229,0.00168994949366116);
#73=CYLINDRICAL_SURFACE('',#2245,0.000965685424949238);
#74=CYLINDRICAL_SURFACE('',#2246,0.000965685424949238);
#75=CYLINDRICAL_SURFACE('',#2247,0.000965685424949238);
#76=CYLINDRICAL_SURFACE('',#2248,0.000965685424949238);
#77=CYLINDRICAL_SURFACE('',#2264,0.000965685424949238);
#78=CYLINDRICAL_SURFACE('',#2265,0.000965685424949238);
#79=CYLINDRICAL_SURFACE('',#2266,0.000965685424949238);
#80=CYLINDRICAL_SURFACE('',#2267,0.000965685424949238);
#81=CYLINDRICAL_SURFACE('',#2275,0.00168994949366116);
#82=CYLINDRICAL_SURFACE('',#2281,0.00168994949366116);
#83=CYLINDRICAL_SURFACE('',#2283,0.00168994949366116);
#84=CYLINDRICAL_SURFACE('',#2286,0.00168994949366116);
#85=CYLINDRICAL_SURFACE('',#2288,0.00168994949366116);
#86=CYLINDRICAL_SURFACE('',#2290,0.00168994949366116);
#87=CYLINDRICAL_SURFACE('',#2299,0.00168994949366116);
#88=CYLINDRICAL_SURFACE('',#2301,0.00168994949366116);
#89=CYLINDRICAL_SURFACE('',#2303,0.00168994949366116);
#90=CYLINDRICAL_SURFACE('',#2305,0.00168994949366116);
#91=CYLINDRICAL_SURFACE('',#2311,0.00168994949366116);
#92=CYLINDRICAL_SURFACE('',#2327,0.000965685424949238);
#93=CYLINDRICAL_SURFACE('',#2328,0.000965685424949238);
#94=CYLINDRICAL_SURFACE('',#2329,0.000965685424949238);
#95=CYLINDRICAL_SURFACE('',#2330,0.000965685424949238);
#96=CYLINDRICAL_SURFACE('',#2346,0.000965685424949238);
#97=CYLINDRICAL_SURFACE('',#2347,0.000965685424949238);
#98=CYLINDRICAL_SURFACE('',#2348,0.000965685424949238);
#99=CYLINDRICAL_SURFACE('',#2349,0.000965685424949238);
#100=CIRCLE('',#2113,0.000965685424949238);
#101=CIRCLE('',#2114,0.000965685424949238);
#102=CIRCLE('',#2115,0.000965685424949238);
#103=CIRCLE('',#2116,0.000965685424949238);
#104=CIRCLE('',#2119,0.000965685424949238);
#105=CIRCLE('',#2120,0.000965685424949238);
#106=CIRCLE('',#2121,0.000965685424949238);
#107=CIRCLE('',#2122,0.000965685424949238);
#108=CIRCLE('',#2132,0.000965685424949238);
#109=CIRCLE('',#2133,0.000965685424949238);
#110=CIRCLE('',#2134,0.000965685424949238);
#111=CIRCLE('',#2135,0.000965685424949238);
#112=CIRCLE('',#2138,0.000965685424949238);
#113=CIRCLE('',#2139,0.000965685424949238);
#114=CIRCLE('',#2140,0.000965685424949238);
#115=CIRCLE('',#2141,0.000965685424949238);
#116=CIRCLE('',#2151,0.000965685424949238);
#117=CIRCLE('',#2152,0.000965685424949238);
#118=CIRCLE('',#2153,0.000965685424949238);
#119=CIRCLE('',#2154,0.000965685424949238);
#120=CIRCLE('',#2157,0.000965685424949238);
#121=CIRCLE('',#2158,0.000965685424949238);
#122=CIRCLE('',#2159,0.000965685424949238);
#123=CIRCLE('',#2160,0.000965685424949238);
#124=CIRCLE('',#2170,0.000965685424949238);
#125=CIRCLE('',#2171,0.000965685424949238);
#126=CIRCLE('',#2172,0.000965685424949238);
#127=CIRCLE('',#2173,0.000965685424949238);
#128=CIRCLE('',#2176,0.000965685424949238);
#129=CIRCLE('',#2177,0.000965685424949238);
#130=CIRCLE('',#2178,0.000965685424949238);
#131=CIRCLE('',#2179,0.000965685424949238);
#132=CIRCLE('',#2194,0.00168994949366116);
#133=CIRCLE('',#2195,0.00168994949366116);
#134=CIRCLE('',#2196,0.00168994949366116);
#135=CIRCLE('',#2200,0.00168994949366116);
#136=CIRCLE('',#2202,0.00168994949366116);
#137=CIRCLE('',#2204,0.00168994949366116);
#138=CIRCLE('',#2205,0.00168994949366116);
#139=CIRCLE('',#2207,0.00168994949366116);
#140=CIRCLE('',#2209,0.00168994949366116);
#141=CIRCLE('',#2210,0.00168994949366116);
#142=CIRCLE('',#2212,0.00168994949366116);
#143=CIRCLE('',#2214,0.00168994949366116);
#144=CIRCLE('',#2218,0.00168994949366116);
#145=CIRCLE('',#2220,0.00168994949366116);
#146=CIRCLE('',#2222,0.00168994949366116);
#147=CIRCLE('',#2224,0.00168994949366116);
#148=CIRCLE('',#2226,0.00168994949366116);
#149=CIRCLE('',#2228,0.00168994949366116);
#150=CIRCLE('',#2233,0.000965685424949238);
#151=CIRCLE('',#2234,0.000965685424949238);
#152=CIRCLE('',#2235,0.000965685424949238);
#153=CIRCLE('',#2236,0.000965685424949238);
#154=CIRCLE('',#2239,0.000965685424949238);
#155=CIRCLE('',#2240,0.000965685424949238);
#156=CIRCLE('',#2241,0.000965685424949238);
#157=CIRCLE('',#2242,0.000965685424949238);
#158=CIRCLE('',#2252,0.000965685424949238);
#159=CIRCLE('',#2253,0.000965685424949238);
#160=CIRCLE('',#2254,0.000965685424949238);
#161=CIRCLE('',#2255,0.000965685424949238);
#162=CIRCLE('',#2258,0.000965685424949238);
#163=CIRCLE('',#2259,0.000965685424949238);
#164=CIRCLE('',#2260,0.000965685424949238);
#165=CIRCLE('',#2261,0.000965685424949238);
#166=CIRCLE('',#2276,0.00168994949366116);
#167=CIRCLE('',#2279,0.00168994949366116);
#168=CIRCLE('',#2280,0.00168994949366116);
#169=CIRCLE('',#2282,0.00168994949366116);
#170=CIRCLE('',#2284,0.00168994949366116);
#171=CIRCLE('',#2285,0.00168994949366116);
#172=CIRCLE('',#2287,0.00168994949366116);
#173=CIRCLE('',#2289,0.00168994949366116);
#174=CIRCLE('',#2292,0.00168994949366116);
#175=CIRCLE('',#2294,0.00168994949366116);
#176=CIRCLE('',#2296,0.00168994949366116);
#177=CIRCLE('',#2298,0.00168994949366116);
#178=CIRCLE('',#2300,0.00168994949366116);
#179=CIRCLE('',#2302,0.00168994949366116);
#180=CIRCLE('',#2304,0.00168994949366116);
#181=CIRCLE('',#2306,0.00168994949366116);
#182=CIRCLE('',#2308,0.00168994949366116);
#183=CIRCLE('',#2310,0.00168994949366116);
#184=CIRCLE('',#2315,0.000965685424949238);
#185=CIRCLE('',#2316,0.000965685424949238);
#186=CIRCLE('',#2317,0.000965685424949238);
#187=CIRCLE('',#2318,0.000965685424949238);
#188=CIRCLE('',#2321,0.000965685424949238);
#189=CIRCLE('',#2322,0.000965685424949238);
#190=CIRCLE('',#2323,0.000965685424949238);
#191=CIRCLE('',#2324,0.000965685424949238);
#192=CIRCLE('',#2334,0.000965685424949238);
#193=CIRCLE('',#2335,0.000965685424949238);
#194=CIRCLE('',#2336,0.000965685424949238);
#195=CIRCLE('',#2337,0.000965685424949238);
#196=CIRCLE('',#2340,0.000965685424949238);
#197=CIRCLE('',#2341,0.000965685424949238);
#198=CIRCLE('',#2342,0.000965685424949238);
#199=CIRCLE('',#2343,0.000965685424949238);
#200=ORIENTED_EDGE('',*,*,#756,.T.);
#201=ORIENTED_EDGE('',*,*,#757,.T.);
#202=ORIENTED_EDGE('',*,*,#758,.F.);
#203=ORIENTED_EDGE('',*,*,#759,.T.);
#204=ORIENTED_EDGE('',*,*,#758,.T.);
#205=ORIENTED_EDGE('',*,*,#760,.T.);
#206=ORIENTED_EDGE('',*,*,#761,.T.);
#207=ORIENTED_EDGE('',*,*,#762,.T.);
#208=ORIENTED_EDGE('',*,*,#763,.F.);
#209=ORIENTED_EDGE('',*,*,#764,.T.);
#210=ORIENTED_EDGE('',*,*,#765,.F.);
#211=ORIENTED_EDGE('',*,*,#766,.T.);
#212=ORIENTED_EDGE('',*,*,#763,.T.);
#213=ORIENTED_EDGE('',*,*,#767,.T.);
#214=ORIENTED_EDGE('',*,*,#768,.F.);
#215=ORIENTED_EDGE('',*,*,#769,.T.);
#216=ORIENTED_EDGE('',*,*,#770,.F.);
#217=ORIENTED_EDGE('',*,*,#771,.T.);
#218=ORIENTED_EDGE('',*,*,#756,.F.);
#219=ORIENTED_EDGE('',*,*,#772,.T.);
#220=ORIENTED_EDGE('',*,*,#773,.T.);
#221=ORIENTED_EDGE('',*,*,#774,.T.);
#222=ORIENTED_EDGE('',*,*,#768,.T.);
#223=ORIENTED_EDGE('',*,*,#775,.T.);
#224=ORIENTED_EDGE('',*,*,#765,.T.);
#225=ORIENTED_EDGE('',*,*,#776,.T.);
#226=ORIENTED_EDGE('',*,*,#773,.F.);
#227=ORIENTED_EDGE('',*,*,#777,.T.);
#228=ORIENTED_EDGE('',*,*,#761,.F.);
#229=ORIENTED_EDGE('',*,*,#778,.T.);
#230=ORIENTED_EDGE('',*,*,#770,.T.);
#231=ORIENTED_EDGE('',*,*,#779,.T.);
#232=ORIENTED_EDGE('',*,*,#760,.F.);
#233=ORIENTED_EDGE('',*,*,#757,.F.);
#234=ORIENTED_EDGE('',*,*,#771,.F.);
#235=ORIENTED_EDGE('',*,*,#778,.F.);
#236=ORIENTED_EDGE('',*,*,#762,.F.);
#237=ORIENTED_EDGE('',*,*,#779,.F.);
#238=ORIENTED_EDGE('',*,*,#775,.F.);
#239=ORIENTED_EDGE('',*,*,#767,.F.);
#240=ORIENTED_EDGE('',*,*,#764,.F.);
#241=ORIENTED_EDGE('',*,*,#769,.F.);
#242=ORIENTED_EDGE('',*,*,#774,.F.);
#243=ORIENTED_EDGE('',*,*,#776,.F.);
#244=ORIENTED_EDGE('',*,*,#766,.F.);
#245=ORIENTED_EDGE('',*,*,#777,.F.);
#246=ORIENTED_EDGE('',*,*,#772,.F.);
#247=ORIENTED_EDGE('',*,*,#759,.F.);
#248=ORIENTED_EDGE('',*,*,#780,.T.);
#249=ORIENTED_EDGE('',*,*,#781,.T.);
#250=ORIENTED_EDGE('',*,*,#782,.F.);
#251=ORIENTED_EDGE('',*,*,#783,.T.);
#252=ORIENTED_EDGE('',*,*,#782,.T.);
#253=ORIENTED_EDGE('',*,*,#784,.T.);
#254=ORIENTED_EDGE('',*,*,#785,.T.);
#255=ORIENTED_EDGE('',*,*,#786,.T.);
#256=ORIENTED_EDGE('',*,*,#787,.F.);
#257=ORIENTED_EDGE('',*,*,#788,.T.);
#258=ORIENTED_EDGE('',*,*,#789,.F.);
#259=ORIENTED_EDGE('',*,*,#790,.T.);
#260=ORIENTED_EDGE('',*,*,#787,.T.);
#261=ORIENTED_EDGE('',*,*,#791,.T.);
#262=ORIENTED_EDGE('',*,*,#792,.F.);
#263=ORIENTED_EDGE('',*,*,#793,.T.);
#264=ORIENTED_EDGE('',*,*,#794,.F.);
#265=ORIENTED_EDGE('',*,*,#795,.T.);
#266=ORIENTED_EDGE('',*,*,#780,.F.);
#267=ORIENTED_EDGE('',*,*,#796,.T.);
#268=ORIENTED_EDGE('',*,*,#797,.T.);
#269=ORIENTED_EDGE('',*,*,#798,.T.);
#270=ORIENTED_EDGE('',*,*,#792,.T.);
#271=ORIENTED_EDGE('',*,*,#799,.T.);
#272=ORIENTED_EDGE('',*,*,#789,.T.);
#273=ORIENTED_EDGE('',*,*,#800,.T.);
#274=ORIENTED_EDGE('',*,*,#797,.F.);
#275=ORIENTED_EDGE('',*,*,#801,.T.);
#276=ORIENTED_EDGE('',*,*,#785,.F.);
#277=ORIENTED_EDGE('',*,*,#802,.T.);
#278=ORIENTED_EDGE('',*,*,#794,.T.);
#279=ORIENTED_EDGE('',*,*,#803,.T.);
#280=ORIENTED_EDGE('',*,*,#784,.F.);
#281=ORIENTED_EDGE('',*,*,#781,.F.);
#282=ORIENTED_EDGE('',*,*,#795,.F.);
#283=ORIENTED_EDGE('',*,*,#802,.F.);
#284=ORIENTED_EDGE('',*,*,#786,.F.);
#285=ORIENTED_EDGE('',*,*,#803,.F.);
#286=ORIENTED_EDGE('',*,*,#799,.F.);
#287=ORIENTED_EDGE('',*,*,#791,.F.);
#288=ORIENTED_EDGE('',*,*,#788,.F.);
#289=ORIENTED_EDGE('',*,*,#793,.F.);
#290=ORIENTED_EDGE('',*,*,#798,.F.);
#291=ORIENTED_EDGE('',*,*,#800,.F.);
#292=ORIENTED_EDGE('',*,*,#790,.F.);
#293=ORIENTED_EDGE('',*,*,#801,.F.);
#294=ORIENTED_EDGE('',*,*,#796,.F.);
#295=ORIENTED_EDGE('',*,*,#783,.F.);
#296=ORIENTED_EDGE('',*,*,#804,.T.);
#297=ORIENTED_EDGE('',*,*,#805,.T.);
#298=ORIENTED_EDGE('',*,*,#806,.F.);
#299=ORIENTED_EDGE('',*,*,#807,.T.);
#300=ORIENTED_EDGE('',*,*,#806,.T.);
#301=ORIENTED_EDGE('',*,*,#808,.T.);
#302=ORIENTED_EDGE('',*,*,#809,.T.);
#303=ORIENTED_EDGE('',*,*,#810,.T.);
#304=ORIENTED_EDGE('',*,*,#811,.F.);
#305=ORIENTED_EDGE('',*,*,#812,.T.);
#306=ORIENTED_EDGE('',*,*,#813,.F.);
#307=ORIENTED_EDGE('',*,*,#814,.T.);
#308=ORIENTED_EDGE('',*,*,#811,.T.);
#309=ORIENTED_EDGE('',*,*,#815,.T.);
#310=ORIENTED_EDGE('',*,*,#816,.F.);
#311=ORIENTED_EDGE('',*,*,#817,.T.);
#312=ORIENTED_EDGE('',*,*,#818,.F.);
#313=ORIENTED_EDGE('',*,*,#819,.T.);
#314=ORIENTED_EDGE('',*,*,#804,.F.);
#315=ORIENTED_EDGE('',*,*,#820,.T.);
#316=ORIENTED_EDGE('',*,*,#821,.T.);
#317=ORIENTED_EDGE('',*,*,#822,.T.);
#318=ORIENTED_EDGE('',*,*,#816,.T.);
#319=ORIENTED_EDGE('',*,*,#823,.T.);
#320=ORIENTED_EDGE('',*,*,#813,.T.);
#321=ORIENTED_EDGE('',*,*,#824,.T.);
#322=ORIENTED_EDGE('',*,*,#821,.F.);
#323=ORIENTED_EDGE('',*,*,#825,.T.);
#324=ORIENTED_EDGE('',*,*,#809,.F.);
#325=ORIENTED_EDGE('',*,*,#826,.T.);
#326=ORIENTED_EDGE('',*,*,#818,.T.);
#327=ORIENTED_EDGE('',*,*,#827,.T.);
#328=ORIENTED_EDGE('',*,*,#808,.F.);
#329=ORIENTED_EDGE('',*,*,#805,.F.);
#330=ORIENTED_EDGE('',*,*,#819,.F.);
#331=ORIENTED_EDGE('',*,*,#826,.F.);
#332=ORIENTED_EDGE('',*,*,#810,.F.);
#333=ORIENTED_EDGE('',*,*,#827,.F.);
#334=ORIENTED_EDGE('',*,*,#823,.F.);
#335=ORIENTED_EDGE('',*,*,#815,.F.);
#336=ORIENTED_EDGE('',*,*,#812,.F.);
#337=ORIENTED_EDGE('',*,*,#817,.F.);
#338=ORIENTED_EDGE('',*,*,#822,.F.);
#339=ORIENTED_EDGE('',*,*,#824,.F.);
#340=ORIENTED_EDGE('',*,*,#814,.F.);
#341=ORIENTED_EDGE('',*,*,#825,.F.);
#342=ORIENTED_EDGE('',*,*,#820,.F.);
#343=ORIENTED_EDGE('',*,*,#807,.F.);
#344=ORIENTED_EDGE('',*,*,#828,.T.);
#345=ORIENTED_EDGE('',*,*,#829,.T.);
#346=ORIENTED_EDGE('',*,*,#830,.F.);
#347=ORIENTED_EDGE('',*,*,#831,.T.);
#348=ORIENTED_EDGE('',*,*,#832,.T.);
#349=ORIENTED_EDGE('',*,*,#833,.T.);
#350=ORIENTED_EDGE('',*,*,#834,.F.);
#351=ORIENTED_EDGE('',*,*,#835,.T.);
#352=ORIENTED_EDGE('',*,*,#836,.F.);
#353=ORIENTED_EDGE('',*,*,#837,.T.);
#354=ORIENTED_EDGE('',*,*,#830,.T.);
#355=ORIENTED_EDGE('',*,*,#838,.T.);
#356=ORIENTED_EDGE('',*,*,#834,.T.);
#357=ORIENTED_EDGE('',*,*,#839,.T.);
#358=ORIENTED_EDGE('',*,*,#840,.F.);
#359=ORIENTED_EDGE('',*,*,#841,.T.);
#360=ORIENTED_EDGE('',*,*,#840,.T.);
#361=ORIENTED_EDGE('',*,*,#842,.T.);
#362=ORIENTED_EDGE('',*,*,#843,.F.);
#363=ORIENTED_EDGE('',*,*,#844,.T.);
#364=ORIENTED_EDGE('',*,*,#828,.F.);
#365=ORIENTED_EDGE('',*,*,#845,.T.);
#366=ORIENTED_EDGE('',*,*,#846,.T.);
#367=ORIENTED_EDGE('',*,*,#847,.T.);
#368=ORIENTED_EDGE('',*,*,#836,.T.);
#369=ORIENTED_EDGE('',*,*,#848,.T.);
#370=ORIENTED_EDGE('',*,*,#846,.F.);
#371=ORIENTED_EDGE('',*,*,#849,.T.);
#372=ORIENTED_EDGE('',*,*,#843,.T.);
#373=ORIENTED_EDGE('',*,*,#850,.T.);
#374=ORIENTED_EDGE('',*,*,#832,.F.);
#375=ORIENTED_EDGE('',*,*,#851,.T.);
#376=ORIENTED_EDGE('',*,*,#833,.F.);
#377=ORIENTED_EDGE('',*,*,#850,.F.);
#378=ORIENTED_EDGE('',*,*,#842,.F.);
#379=ORIENTED_EDGE('',*,*,#839,.F.);
#380=ORIENTED_EDGE('',*,*,#838,.F.);
#381=ORIENTED_EDGE('',*,*,#829,.F.);
#382=ORIENTED_EDGE('',*,*,#844,.F.);
#383=ORIENTED_EDGE('',*,*,#851,.F.);
#384=ORIENTED_EDGE('',*,*,#835,.F.);
#385=ORIENTED_EDGE('',*,*,#841,.F.);
#386=ORIENTED_EDGE('',*,*,#847,.F.);
#387=ORIENTED_EDGE('',*,*,#848,.F.);
#388=ORIENTED_EDGE('',*,*,#837,.F.);
#389=ORIENTED_EDGE('',*,*,#849,.F.);
#390=ORIENTED_EDGE('',*,*,#845,.F.);
#391=ORIENTED_EDGE('',*,*,#831,.F.);
#392=ORIENTED_EDGE('',*,*,#852,.T.);
#393=ORIENTED_EDGE('',*,*,#853,.T.);
#394=ORIENTED_EDGE('',*,*,#854,.T.);
#395=ORIENTED_EDGE('',*,*,#855,.T.);
#396=ORIENTED_EDGE('',*,*,#856,.T.);
#397=ORIENTED_EDGE('',*,*,#857,.T.);
#398=ORIENTED_EDGE('',*,*,#858,.T.);
#399=ORIENTED_EDGE('',*,*,#859,.T.);
#400=ORIENTED_EDGE('',*,*,#860,.T.);
#401=ORIENTED_EDGE('',*,*,#861,.T.);
#402=ORIENTED_EDGE('',*,*,#862,.T.);
#403=ORIENTED_EDGE('',*,*,#863,.T.);
#404=ORIENTED_EDGE('',*,*,#864,.T.);
#405=ORIENTED_EDGE('',*,*,#865,.T.);
#406=ORIENTED_EDGE('',*,*,#866,.T.);
#407=ORIENTED_EDGE('',*,*,#867,.T.);
#408=ORIENTED_EDGE('',*,*,#868,.T.);
#409=ORIENTED_EDGE('',*,*,#869,.T.);
#410=ORIENTED_EDGE('',*,*,#870,.T.);
#411=ORIENTED_EDGE('',*,*,#871,.T.);
#412=ORIENTED_EDGE('',*,*,#862,.F.);
#413=ORIENTED_EDGE('',*,*,#872,.T.);
#414=ORIENTED_EDGE('',*,*,#873,.T.);
#415=ORIENTED_EDGE('',*,*,#874,.T.);
#416=ORIENTED_EDGE('',*,*,#875,.F.);
#417=ORIENTED_EDGE('',*,*,#876,.F.);
#418=ORIENTED_EDGE('',*,*,#877,.F.);
#419=ORIENTED_EDGE('',*,*,#876,.T.);
#420=ORIENTED_EDGE('',*,*,#866,.F.);
#421=ORIENTED_EDGE('',*,*,#878,.F.);
#422=ORIENTED_EDGE('',*,*,#874,.F.);
#423=ORIENTED_EDGE('',*,*,#877,.T.);
#424=ORIENTED_EDGE('',*,*,#873,.F.);
#425=ORIENTED_EDGE('',*,*,#879,.F.);
#426=ORIENTED_EDGE('',*,*,#853,.F.);
#427=ORIENTED_EDGE('',*,*,#875,.T.);
#428=ORIENTED_EDGE('',*,*,#852,.F.);
#429=ORIENTED_EDGE('',*,*,#880,.F.);
#430=ORIENTED_EDGE('',*,*,#867,.F.);
#431=ORIENTED_EDGE('',*,*,#881,.F.);
#432=ORIENTED_EDGE('',*,*,#864,.F.);
#433=ORIENTED_EDGE('',*,*,#882,.F.);
#434=ORIENTED_EDGE('',*,*,#870,.F.);
#435=ORIENTED_EDGE('',*,*,#878,.T.);
#436=ORIENTED_EDGE('',*,*,#865,.F.);
#437=ORIENTED_EDGE('',*,*,#883,.F.);
#438=ORIENTED_EDGE('',*,*,#863,.F.);
#439=ORIENTED_EDGE('',*,*,#884,.F.);
#440=ORIENTED_EDGE('',*,*,#879,.T.);
#441=ORIENTED_EDGE('',*,*,#885,.F.);
#442=ORIENTED_EDGE('',*,*,#882,.T.);
#443=ORIENTED_EDGE('',*,*,#880,.T.);
#444=ORIENTED_EDGE('',*,*,#886,.F.);
#445=ORIENTED_EDGE('',*,*,#883,.T.);
#446=ORIENTED_EDGE('',*,*,#881,.T.);
#447=ORIENTED_EDGE('',*,*,#887,.F.);
#448=ORIENTED_EDGE('',*,*,#885,.T.);
#449=ORIENTED_EDGE('',*,*,#872,.F.);
#450=ORIENTED_EDGE('',*,*,#888,.F.);
#451=ORIENTED_EDGE('',*,*,#856,.F.);
#452=ORIENTED_EDGE('',*,*,#884,.T.);
#453=ORIENTED_EDGE('',*,*,#859,.F.);
#454=ORIENTED_EDGE('',*,*,#889,.F.);
#455=ORIENTED_EDGE('',*,*,#854,.F.);
#456=ORIENTED_EDGE('',*,*,#886,.T.);
#457=ORIENTED_EDGE('',*,*,#855,.F.);
#458=ORIENTED_EDGE('',*,*,#890,.F.);
#459=ORIENTED_EDGE('',*,*,#871,.F.);
#460=ORIENTED_EDGE('',*,*,#887,.T.);
#461=ORIENTED_EDGE('',*,*,#869,.F.);
#462=ORIENTED_EDGE('',*,*,#891,.F.);
#463=ORIENTED_EDGE('',*,*,#860,.F.);
#464=ORIENTED_EDGE('',*,*,#888,.T.);
#465=ORIENTED_EDGE('',*,*,#861,.F.);
#466=ORIENTED_EDGE('',*,*,#892,.F.);
#467=ORIENTED_EDGE('',*,*,#857,.F.);
#468=ORIENTED_EDGE('',*,*,#890,.T.);
#469=ORIENTED_EDGE('',*,*,#889,.T.);
#470=ORIENTED_EDGE('',*,*,#893,.F.);
#471=ORIENTED_EDGE('',*,*,#892,.T.);
#472=ORIENTED_EDGE('',*,*,#891,.T.);
#473=ORIENTED_EDGE('',*,*,#894,.F.);
#474=ORIENTED_EDGE('',*,*,#893,.T.);
#475=ORIENTED_EDGE('',*,*,#858,.F.);
#476=ORIENTED_EDGE('',*,*,#894,.T.);
#477=ORIENTED_EDGE('',*,*,#868,.F.);
#478=ORIENTED_EDGE('',*,*,#895,.T.);
#479=ORIENTED_EDGE('',*,*,#896,.T.);
#480=ORIENTED_EDGE('',*,*,#897,.F.);
#481=ORIENTED_EDGE('',*,*,#898,.T.);
#482=ORIENTED_EDGE('',*,*,#897,.T.);
#483=ORIENTED_EDGE('',*,*,#899,.T.);
#484=ORIENTED_EDGE('',*,*,#900,.T.);
#485=ORIENTED_EDGE('',*,*,#901,.T.);
#486=ORIENTED_EDGE('',*,*,#902,.F.);
#487=ORIENTED_EDGE('',*,*,#903,.T.);
#488=ORIENTED_EDGE('',*,*,#904,.F.);
#489=ORIENTED_EDGE('',*,*,#905,.T.);
#490=ORIENTED_EDGE('',*,*,#902,.T.);
#491=ORIENTED_EDGE('',*,*,#906,.T.);
#492=ORIENTED_EDGE('',*,*,#907,.F.);
#493=ORIENTED_EDGE('',*,*,#908,.T.);
#494=ORIENTED_EDGE('',*,*,#909,.F.);
#495=ORIENTED_EDGE('',*,*,#910,.T.);
#496=ORIENTED_EDGE('',*,*,#895,.F.);
#497=ORIENTED_EDGE('',*,*,#911,.T.);
#498=ORIENTED_EDGE('',*,*,#912,.T.);
#499=ORIENTED_EDGE('',*,*,#913,.T.);
#500=ORIENTED_EDGE('',*,*,#907,.T.);
#501=ORIENTED_EDGE('',*,*,#914,.T.);
#502=ORIENTED_EDGE('',*,*,#912,.F.);
#503=ORIENTED_EDGE('',*,*,#915,.T.);
#504=ORIENTED_EDGE('',*,*,#904,.T.);
#505=ORIENTED_EDGE('',*,*,#916,.T.);
#506=ORIENTED_EDGE('',*,*,#900,.F.);
#507=ORIENTED_EDGE('',*,*,#917,.T.);
#508=ORIENTED_EDGE('',*,*,#909,.T.);
#509=ORIENTED_EDGE('',*,*,#918,.T.);
#510=ORIENTED_EDGE('',*,*,#899,.F.);
#511=ORIENTED_EDGE('',*,*,#896,.F.);
#512=ORIENTED_EDGE('',*,*,#910,.F.);
#513=ORIENTED_EDGE('',*,*,#917,.F.);
#514=ORIENTED_EDGE('',*,*,#901,.F.);
#515=ORIENTED_EDGE('',*,*,#918,.F.);
#516=ORIENTED_EDGE('',*,*,#914,.F.);
#517=ORIENTED_EDGE('',*,*,#906,.F.);
#518=ORIENTED_EDGE('',*,*,#905,.F.);
#519=ORIENTED_EDGE('',*,*,#915,.F.);
#520=ORIENTED_EDGE('',*,*,#911,.F.);
#521=ORIENTED_EDGE('',*,*,#898,.F.);
#522=ORIENTED_EDGE('',*,*,#903,.F.);
#523=ORIENTED_EDGE('',*,*,#908,.F.);
#524=ORIENTED_EDGE('',*,*,#913,.F.);
#525=ORIENTED_EDGE('',*,*,#916,.F.);
#526=ORIENTED_EDGE('',*,*,#919,.T.);
#527=ORIENTED_EDGE('',*,*,#920,.T.);
#528=ORIENTED_EDGE('',*,*,#921,.F.);
#529=ORIENTED_EDGE('',*,*,#922,.T.);
#530=ORIENTED_EDGE('',*,*,#921,.T.);
#531=ORIENTED_EDGE('',*,*,#923,.T.);
#532=ORIENTED_EDGE('',*,*,#924,.T.);
#533=ORIENTED_EDGE('',*,*,#925,.T.);
#534=ORIENTED_EDGE('',*,*,#926,.F.);
#535=ORIENTED_EDGE('',*,*,#927,.T.);
#536=ORIENTED_EDGE('',*,*,#928,.F.);
#537=ORIENTED_EDGE('',*,*,#929,.T.);
#538=ORIENTED_EDGE('',*,*,#926,.T.);
#539=ORIENTED_EDGE('',*,*,#930,.T.);
#540=ORIENTED_EDGE('',*,*,#931,.F.);
#541=ORIENTED_EDGE('',*,*,#932,.T.);
#542=ORIENTED_EDGE('',*,*,#933,.F.);
#543=ORIENTED_EDGE('',*,*,#934,.T.);
#544=ORIENTED_EDGE('',*,*,#919,.F.);
#545=ORIENTED_EDGE('',*,*,#935,.T.);
#546=ORIENTED_EDGE('',*,*,#936,.T.);
#547=ORIENTED_EDGE('',*,*,#937,.T.);
#548=ORIENTED_EDGE('',*,*,#931,.T.);
#549=ORIENTED_EDGE('',*,*,#938,.T.);
#550=ORIENTED_EDGE('',*,*,#928,.T.);
#551=ORIENTED_EDGE('',*,*,#939,.T.);
#552=ORIENTED_EDGE('',*,*,#936,.F.);
#553=ORIENTED_EDGE('',*,*,#940,.T.);
#554=ORIENTED_EDGE('',*,*,#924,.F.);
#555=ORIENTED_EDGE('',*,*,#941,.T.);
#556=ORIENTED_EDGE('',*,*,#933,.T.);
#557=ORIENTED_EDGE('',*,*,#942,.T.);
#558=ORIENTED_EDGE('',*,*,#923,.F.);
#559=ORIENTED_EDGE('',*,*,#920,.F.);
#560=ORIENTED_EDGE('',*,*,#934,.F.);
#561=ORIENTED_EDGE('',*,*,#941,.F.);
#562=ORIENTED_EDGE('',*,*,#925,.F.);
#563=ORIENTED_EDGE('',*,*,#942,.F.);
#564=ORIENTED_EDGE('',*,*,#938,.F.);
#565=ORIENTED_EDGE('',*,*,#930,.F.);
#566=ORIENTED_EDGE('',*,*,#927,.F.);
#567=ORIENTED_EDGE('',*,*,#932,.F.);
#568=ORIENTED_EDGE('',*,*,#937,.F.);
#569=ORIENTED_EDGE('',*,*,#939,.F.);
#570=ORIENTED_EDGE('',*,*,#929,.F.);
#571=ORIENTED_EDGE('',*,*,#940,.F.);
#572=ORIENTED_EDGE('',*,*,#935,.F.);
#573=ORIENTED_EDGE('',*,*,#922,.F.);
#574=ORIENTED_EDGE('',*,*,#943,.F.);
#575=ORIENTED_EDGE('',*,*,#944,.T.);
#576=ORIENTED_EDGE('',*,*,#945,.T.);
#577=ORIENTED_EDGE('',*,*,#946,.T.);
#578=ORIENTED_EDGE('',*,*,#947,.T.);
#579=ORIENTED_EDGE('',*,*,#948,.T.);
#580=ORIENTED_EDGE('',*,*,#949,.T.);
#581=ORIENTED_EDGE('',*,*,#950,.T.);
#582=ORIENTED_EDGE('',*,*,#951,.T.);
#583=ORIENTED_EDGE('',*,*,#952,.T.);
#584=ORIENTED_EDGE('',*,*,#953,.T.);
#585=ORIENTED_EDGE('',*,*,#954,.T.);
#586=ORIENTED_EDGE('',*,*,#955,.T.);
#587=ORIENTED_EDGE('',*,*,#956,.T.);
#588=ORIENTED_EDGE('',*,*,#957,.T.);
#589=ORIENTED_EDGE('',*,*,#958,.T.);
#590=ORIENTED_EDGE('',*,*,#959,.T.);
#591=ORIENTED_EDGE('',*,*,#960,.T.);
#592=ORIENTED_EDGE('',*,*,#961,.T.);
#593=ORIENTED_EDGE('',*,*,#962,.T.);
#594=ORIENTED_EDGE('',*,*,#963,.T.);
#595=ORIENTED_EDGE('',*,*,#964,.T.);
#596=ORIENTED_EDGE('',*,*,#943,.T.);
#597=ORIENTED_EDGE('',*,*,#965,.T.);
#598=ORIENTED_EDGE('',*,*,#966,.F.);
#599=ORIENTED_EDGE('',*,*,#965,.F.);
#600=ORIENTED_EDGE('',*,*,#967,.F.);
#601=ORIENTED_EDGE('',*,*,#957,.F.);
#602=ORIENTED_EDGE('',*,*,#968,.F.);
#603=ORIENTED_EDGE('',*,*,#966,.T.);
#604=ORIENTED_EDGE('',*,*,#969,.F.);
#605=ORIENTED_EDGE('',*,*,#967,.T.);
#606=ORIENTED_EDGE('',*,*,#946,.F.);
#607=ORIENTED_EDGE('',*,*,#970,.F.);
#608=ORIENTED_EDGE('',*,*,#958,.F.);
#609=ORIENTED_EDGE('',*,*,#971,.F.);
#610=ORIENTED_EDGE('',*,*,#955,.F.);
#611=ORIENTED_EDGE('',*,*,#972,.F.);
#612=ORIENTED_EDGE('',*,*,#959,.F.);
#613=ORIENTED_EDGE('',*,*,#969,.T.);
#614=ORIENTED_EDGE('',*,*,#956,.F.);
#615=ORIENTED_EDGE('',*,*,#973,.F.);
#616=ORIENTED_EDGE('',*,*,#953,.F.);
#617=ORIENTED_EDGE('',*,*,#968,.T.);
#618=ORIENTED_EDGE('',*,*,#952,.F.);
#619=ORIENTED_EDGE('',*,*,#974,.F.);
#620=ORIENTED_EDGE('',*,*,#963,.F.);
#621=ORIENTED_EDGE('',*,*,#975,.F.);
#622=ORIENTED_EDGE('',*,*,#964,.F.);
#623=ORIENTED_EDGE('',*,*,#976,.F.);
#624=ORIENTED_EDGE('',*,*,#947,.F.);
#625=ORIENTED_EDGE('',*,*,#972,.T.);
#626=ORIENTED_EDGE('',*,*,#970,.T.);
#627=ORIENTED_EDGE('',*,*,#977,.F.);
#628=ORIENTED_EDGE('',*,*,#973,.T.);
#629=ORIENTED_EDGE('',*,*,#971,.T.);
#630=ORIENTED_EDGE('',*,*,#978,.F.);
#631=ORIENTED_EDGE('',*,*,#976,.T.);
#632=ORIENTED_EDGE('',*,*,#974,.T.);
#633=ORIENTED_EDGE('',*,*,#979,.F.);
#634=ORIENTED_EDGE('',*,*,#975,.T.);
#635=ORIENTED_EDGE('',*,*,#950,.F.);
#636=ORIENTED_EDGE('',*,*,#980,.F.);
#637=ORIENTED_EDGE('',*,*,#944,.F.);
#638=ORIENTED_EDGE('',*,*,#977,.T.);
#639=ORIENTED_EDGE('',*,*,#945,.F.);
#640=ORIENTED_EDGE('',*,*,#981,.F.);
#641=ORIENTED_EDGE('',*,*,#960,.F.);
#642=ORIENTED_EDGE('',*,*,#978,.T.);
#643=ORIENTED_EDGE('',*,*,#962,.F.);
#644=ORIENTED_EDGE('',*,*,#982,.F.);
#645=ORIENTED_EDGE('',*,*,#954,.F.);
#646=ORIENTED_EDGE('',*,*,#979,.T.);
#647=ORIENTED_EDGE('',*,*,#951,.F.);
#648=ORIENTED_EDGE('',*,*,#983,.F.);
#649=ORIENTED_EDGE('',*,*,#948,.F.);
#650=ORIENTED_EDGE('',*,*,#981,.T.);
#651=ORIENTED_EDGE('',*,*,#980,.T.);
#652=ORIENTED_EDGE('',*,*,#984,.F.);
#653=ORIENTED_EDGE('',*,*,#983,.T.);
#654=ORIENTED_EDGE('',*,*,#982,.T.);
#655=ORIENTED_EDGE('',*,*,#985,.F.);
#656=ORIENTED_EDGE('',*,*,#984,.T.);
#657=ORIENTED_EDGE('',*,*,#949,.F.);
#658=ORIENTED_EDGE('',*,*,#985,.T.);
#659=ORIENTED_EDGE('',*,*,#961,.F.);
#660=ORIENTED_EDGE('',*,*,#986,.T.);
#661=ORIENTED_EDGE('',*,*,#987,.T.);
#662=ORIENTED_EDGE('',*,*,#988,.F.);
#663=ORIENTED_EDGE('',*,*,#989,.T.);
#664=ORIENTED_EDGE('',*,*,#988,.T.);
#665=ORIENTED_EDGE('',*,*,#990,.T.);
#666=ORIENTED_EDGE('',*,*,#991,.T.);
#667=ORIENTED_EDGE('',*,*,#992,.T.);
#668=ORIENTED_EDGE('',*,*,#993,.F.);
#669=ORIENTED_EDGE('',*,*,#994,.T.);
#670=ORIENTED_EDGE('',*,*,#995,.F.);
#671=ORIENTED_EDGE('',*,*,#996,.T.);
#672=ORIENTED_EDGE('',*,*,#993,.T.);
#673=ORIENTED_EDGE('',*,*,#997,.T.);
#674=ORIENTED_EDGE('',*,*,#998,.F.);
#675=ORIENTED_EDGE('',*,*,#999,.T.);
#676=ORIENTED_EDGE('',*,*,#1000,.F.);
#677=ORIENTED_EDGE('',*,*,#1001,.T.);
#678=ORIENTED_EDGE('',*,*,#986,.F.);
#679=ORIENTED_EDGE('',*,*,#1002,.T.);
#680=ORIENTED_EDGE('',*,*,#1003,.T.);
#681=ORIENTED_EDGE('',*,*,#1004,.T.);
#682=ORIENTED_EDGE('',*,*,#998,.T.);
#683=ORIENTED_EDGE('',*,*,#1005,.T.);
#684=ORIENTED_EDGE('',*,*,#995,.T.);
#685=ORIENTED_EDGE('',*,*,#1006,.T.);
#686=ORIENTED_EDGE('',*,*,#1003,.F.);
#687=ORIENTED_EDGE('',*,*,#1007,.T.);
#688=ORIENTED_EDGE('',*,*,#991,.F.);
#689=ORIENTED_EDGE('',*,*,#1008,.T.);
#690=ORIENTED_EDGE('',*,*,#1000,.T.);
#691=ORIENTED_EDGE('',*,*,#1009,.T.);
#692=ORIENTED_EDGE('',*,*,#990,.F.);
#693=ORIENTED_EDGE('',*,*,#987,.F.);
#694=ORIENTED_EDGE('',*,*,#1001,.F.);
#695=ORIENTED_EDGE('',*,*,#1008,.F.);
#696=ORIENTED_EDGE('',*,*,#992,.F.);
#697=ORIENTED_EDGE('',*,*,#1009,.F.);
#698=ORIENTED_EDGE('',*,*,#1005,.F.);
#699=ORIENTED_EDGE('',*,*,#997,.F.);
#700=ORIENTED_EDGE('',*,*,#994,.F.);
#701=ORIENTED_EDGE('',*,*,#999,.F.);
#702=ORIENTED_EDGE('',*,*,#1004,.F.);
#703=ORIENTED_EDGE('',*,*,#1006,.F.);
#704=ORIENTED_EDGE('',*,*,#996,.F.);
#705=ORIENTED_EDGE('',*,*,#1007,.F.);
#706=ORIENTED_EDGE('',*,*,#1002,.F.);
#707=ORIENTED_EDGE('',*,*,#989,.F.);
#708=ORIENTED_EDGE('',*,*,#1010,.T.);
#709=ORIENTED_EDGE('',*,*,#1011,.T.);
#710=ORIENTED_EDGE('',*,*,#1012,.F.);
#711=ORIENTED_EDGE('',*,*,#1013,.T.);
#712=ORIENTED_EDGE('',*,*,#1012,.T.);
#713=ORIENTED_EDGE('',*,*,#1014,.T.);
#714=ORIENTED_EDGE('',*,*,#1015,.T.);
#715=ORIENTED_EDGE('',*,*,#1016,.T.);
#716=ORIENTED_EDGE('',*,*,#1017,.F.);
#717=ORIENTED_EDGE('',*,*,#1018,.T.);
#718=ORIENTED_EDGE('',*,*,#1019,.F.);
#719=ORIENTED_EDGE('',*,*,#1020,.T.);
#720=ORIENTED_EDGE('',*,*,#1017,.T.);
#721=ORIENTED_EDGE('',*,*,#1021,.T.);
#722=ORIENTED_EDGE('',*,*,#1022,.F.);
#723=ORIENTED_EDGE('',*,*,#1023,.T.);
#724=ORIENTED_EDGE('',*,*,#1024,.F.);
#725=ORIENTED_EDGE('',*,*,#1025,.T.);
#726=ORIENTED_EDGE('',*,*,#1010,.F.);
#727=ORIENTED_EDGE('',*,*,#1026,.T.);
#728=ORIENTED_EDGE('',*,*,#1027,.T.);
#729=ORIENTED_EDGE('',*,*,#1028,.T.);
#730=ORIENTED_EDGE('',*,*,#1022,.T.);
#731=ORIENTED_EDGE('',*,*,#1029,.T.);
#732=ORIENTED_EDGE('',*,*,#1019,.T.);
#733=ORIENTED_EDGE('',*,*,#1030,.T.);
#734=ORIENTED_EDGE('',*,*,#1027,.F.);
#735=ORIENTED_EDGE('',*,*,#1031,.T.);
#736=ORIENTED_EDGE('',*,*,#1015,.F.);
#737=ORIENTED_EDGE('',*,*,#1032,.T.);
#738=ORIENTED_EDGE('',*,*,#1024,.T.);
#739=ORIENTED_EDGE('',*,*,#1033,.T.);
#740=ORIENTED_EDGE('',*,*,#1014,.F.);
#741=ORIENTED_EDGE('',*,*,#1011,.F.);
#742=ORIENTED_EDGE('',*,*,#1025,.F.);
#743=ORIENTED_EDGE('',*,*,#1032,.F.);
#744=ORIENTED_EDGE('',*,*,#1016,.F.);
#745=ORIENTED_EDGE('',*,*,#1033,.F.);
#746=ORIENTED_EDGE('',*,*,#1029,.F.);
#747=ORIENTED_EDGE('',*,*,#1021,.F.);
#748=ORIENTED_EDGE('',*,*,#1018,.F.);
#749=ORIENTED_EDGE('',*,*,#1023,.F.);
#750=ORIENTED_EDGE('',*,*,#1028,.F.);
#751=ORIENTED_EDGE('',*,*,#1030,.F.);
#752=ORIENTED_EDGE('',*,*,#1020,.F.);
#753=ORIENTED_EDGE('',*,*,#1031,.F.);
#754=ORIENTED_EDGE('',*,*,#1026,.F.);
#755=ORIENTED_EDGE('',*,*,#1013,.F.);
#756=EDGE_CURVE('',#1034,#1035,#1206,.T.);
#757=EDGE_CURVE('',#1035,#1036,#1207,.F.);
#758=EDGE_CURVE('',#1037,#1036,#1208,.T.);
#759=EDGE_CURVE('',#1037,#1034,#1209,.T.);
#760=EDGE_CURVE('',#1036,#1038,#100,.F.);
#761=EDGE_CURVE('',#1038,#1039,#1210,.T.);
#762=EDGE_CURVE('',#1039,#1040,#101,.F.);
#763=EDGE_CURVE('',#1041,#1040,#1211,.T.);
#764=EDGE_CURVE('',#1041,#1042,#102,.F.);
#765=EDGE_CURVE('',#1043,#1042,#1212,.T.);
#766=EDGE_CURVE('',#1043,#1037,#103,.F.);
#767=EDGE_CURVE('',#1040,#1044,#1213,.T.);
#768=EDGE_CURVE('',#1045,#1044,#1214,.T.);
#769=EDGE_CURVE('',#1045,#1041,#1215,.F.);
#770=EDGE_CURVE('',#1046,#1047,#1216,.T.);
#771=EDGE_CURVE('',#1046,#1035,#104,.T.);
#772=EDGE_CURVE('',#1034,#1048,#105,.T.);
#773=EDGE_CURVE('',#1048,#1049,#1217,.T.);
#774=EDGE_CURVE('',#1049,#1045,#106,.T.);
#775=EDGE_CURVE('',#1044,#1047,#107,.T.);
#776=EDGE_CURVE('',#1042,#1049,#1218,.T.);
#777=EDGE_CURVE('',#1048,#1043,#1219,.F.);
#778=EDGE_CURVE('',#1038,#1046,#1220,.T.);
#779=EDGE_CURVE('',#1047,#1039,#1221,.F.);
#780=EDGE_CURVE('',#1050,#1051,#1222,.T.);
#781=EDGE_CURVE('',#1051,#1052,#1223,.F.);
#782=EDGE_CURVE('',#1053,#1052,#1224,.T.);
#783=EDGE_CURVE('',#1053,#1050,#1225,.T.);
#784=EDGE_CURVE('',#1052,#1054,#108,.F.);
#785=EDGE_CURVE('',#1054,#1055,#1226,.T.);
#786=EDGE_CURVE('',#1055,#1056,#109,.F.);
#787=EDGE_CURVE('',#1057,#1056,#1227,.T.);
#788=EDGE_CURVE('',#1057,#1058,#110,.F.);
#789=EDGE_CURVE('',#1059,#1058,#1228,.T.);
#790=EDGE_CURVE('',#1059,#1053,#111,.F.);
#791=EDGE_CURVE('',#1056,#1060,#1229,.T.);
#792=EDGE_CURVE('',#1061,#1060,#1230,.T.);
#793=EDGE_CURVE('',#1061,#1057,#1231,.F.);
#794=EDGE_CURVE('',#1062,#1063,#1232,.T.);
#795=EDGE_CURVE('',#1062,#1051,#112,.T.);
#796=EDGE_CURVE('',#1050,#1064,#113,.T.);
#797=EDGE_CURVE('',#1064,#1065,#1233,.T.);
#798=EDGE_CURVE('',#1065,#1061,#114,.T.);
#799=EDGE_CURVE('',#1060,#1063,#115,.T.);
#800=EDGE_CURVE('',#1058,#1065,#1234,.T.);
#801=EDGE_CURVE('',#1064,#1059,#1235,.F.);
#802=EDGE_CURVE('',#1054,#1062,#1236,.T.);
#803=EDGE_CURVE('',#1063,#1055,#1237,.F.);
#804=EDGE_CURVE('',#1066,#1067,#1238,.T.);
#805=EDGE_CURVE('',#1067,#1068,#1239,.F.);
#806=EDGE_CURVE('',#1069,#1068,#1240,.T.);
#807=EDGE_CURVE('',#1069,#1066,#1241,.T.);
#808=EDGE_CURVE('',#1068,#1070,#116,.F.);
#809=EDGE_CURVE('',#1070,#1071,#1242,.T.);
#810=EDGE_CURVE('',#1071,#1072,#117,.F.);
#811=EDGE_CURVE('',#1073,#1072,#1243,.T.);
#812=EDGE_CURVE('',#1073,#1074,#118,.F.);
#813=EDGE_CURVE('',#1075,#1074,#1244,.T.);
#814=EDGE_CURVE('',#1075,#1069,#119,.F.);
#815=EDGE_CURVE('',#1072,#1076,#1245,.T.);
#816=EDGE_CURVE('',#1077,#1076,#1246,.T.);
#817=EDGE_CURVE('',#1077,#1073,#1247,.F.);
#818=EDGE_CURVE('',#1078,#1079,#1248,.T.);
#819=EDGE_CURVE('',#1078,#1067,#120,.T.);
#820=EDGE_CURVE('',#1066,#1080,#121,.T.);
#821=EDGE_CURVE('',#1080,#1081,#1249,.T.);
#822=EDGE_CURVE('',#1081,#1077,#122,.T.);
#823=EDGE_CURVE('',#1076,#1079,#123,.T.);
#824=EDGE_CURVE('',#1074,#1081,#1250,.T.);
#825=EDGE_CURVE('',#1080,#1075,#1251,.F.);
#826=EDGE_CURVE('',#1070,#1078,#1252,.T.);
#827=EDGE_CURVE('',#1079,#1071,#1253,.F.);
#828=EDGE_CURVE('',#1082,#1083,#1254,.T.);
#829=EDGE_CURVE('',#1083,#1084,#1255,.F.);
#830=EDGE_CURVE('',#1085,#1084,#1256,.T.);
#831=EDGE_CURVE('',#1085,#1082,#1257,.T.);
#832=EDGE_CURVE('',#1086,#1087,#1258,.T.);
#833=EDGE_CURVE('',#1087,#1088,#124,.F.);
#834=EDGE_CURVE('',#1089,#1088,#1259,.T.);
#835=EDGE_CURVE('',#1089,#1090,#125,.F.);
#836=EDGE_CURVE('',#1091,#1090,#1260,.T.);
#837=EDGE_CURVE('',#1091,#1085,#126,.F.);
#838=EDGE_CURVE('',#1084,#1086,#127,.F.);
#839=EDGE_CURVE('',#1088,#1092,#1261,.T.);
#840=EDGE_CURVE('',#1093,#1092,#1262,.T.);
#841=EDGE_CURVE('',#1093,#1089,#1263,.F.);
#842=EDGE_CURVE('',#1092,#1094,#128,.T.);
#843=EDGE_CURVE('',#1095,#1094,#1264,.T.);
#844=EDGE_CURVE('',#1095,#1083,#129,.T.);
#845=EDGE_CURVE('',#1082,#1096,#130,.T.);
#846=EDGE_CURVE('',#1096,#1097,#1265,.T.);
#847=EDGE_CURVE('',#1097,#1093,#131,.T.);
#848=EDGE_CURVE('',#1090,#1097,#1266,.T.);
#849=EDGE_CURVE('',#1096,#1091,#1267,.F.);
#850=EDGE_CURVE('',#1094,#1087,#1268,.F.);
#851=EDGE_CURVE('',#1086,#1095,#1269,.T.);
#852=EDGE_CURVE('',#1098,#1099,#1270,.T.);
#853=EDGE_CURVE('',#1099,#1100,#1271,.F.);
#854=EDGE_CURVE('',#1100,#1101,#1272,.F.);
#855=EDGE_CURVE('',#1101,#1098,#1273,.T.);
#856=EDGE_CURVE('',#1102,#1103,#1274,.T.);
#857=EDGE_CURVE('',#1103,#1104,#1275,.F.);
#858=EDGE_CURVE('',#1104,#1105,#1276,.F.);
#859=EDGE_CURVE('',#1105,#1102,#1277,.T.);
#860=EDGE_CURVE('',#1106,#1107,#1278,.F.);
#861=EDGE_CURVE('',#1107,#1108,#1279,.T.);
#862=EDGE_CURVE('',#1108,#1109,#1280,.T.);
#863=EDGE_CURVE('',#1109,#1106,#1281,.F.);
#864=EDGE_CURVE('',#1110,#1111,#1282,.T.);
#865=EDGE_CURVE('',#1111,#1112,#1283,.T.);
#866=EDGE_CURVE('',#1112,#1113,#1284,.F.);
#867=EDGE_CURVE('',#1113,#1110,#1285,.F.);
#868=EDGE_CURVE('',#1114,#1115,#1286,.T.);
#869=EDGE_CURVE('',#1115,#1116,#1287,.T.);
#870=EDGE_CURVE('',#1116,#1117,#1288,.F.);
#871=EDGE_CURVE('',#1117,#1114,#1289,.F.);
#872=EDGE_CURVE('',#1108,#1118,#1290,.F.);
#873=EDGE_CURVE('',#1118,#1119,#1291,.T.);
#874=EDGE_CURVE('',#1119,#1109,#1292,.T.);
#875=EDGE_CURVE('',#1113,#1099,#132,.F.);
#876=EDGE_CURVE('',#1119,#1113,#133,.F.);
#877=EDGE_CURVE('',#1099,#1119,#134,.F.);
#878=EDGE_CURVE('',#1109,#1112,#10,.T.);
#879=EDGE_CURVE('',#1100,#1118,#135,.T.);
#880=EDGE_CURVE('',#1110,#1098,#136,.T.);
#881=EDGE_CURVE('',#1111,#1116,#137,.T.);
#882=EDGE_CURVE('',#1117,#1110,#138,.T.);
#883=EDGE_CURVE('',#1106,#1111,#139,.T.);
#884=EDGE_CURVE('',#1100,#1102,#140,.F.);
#885=EDGE_CURVE('',#1102,#1118,#141,.F.);
#886=EDGE_CURVE('',#1117,#1098,#142,.F.);
#887=EDGE_CURVE('',#1106,#1116,#143,.F.);
#888=EDGE_CURVE('',#1103,#1108,#11,.F.);
#889=EDGE_CURVE('',#1101,#1105,#144,.T.);
#890=EDGE_CURVE('',#1114,#1101,#145,.T.);
#891=EDGE_CURVE('',#1107,#1115,#146,.T.);
#892=EDGE_CURVE('',#1104,#1107,#147,.T.);
#893=EDGE_CURVE('',#1114,#1105,#148,.F.);
#894=EDGE_CURVE('',#1104,#1115,#149,.F.);
#895=EDGE_CURVE('',#1120,#1121,#1293,.T.);
#896=EDGE_CURVE('',#1121,#1122,#1294,.F.);
#897=EDGE_CURVE('',#1123,#1122,#1295,.T.);
#898=EDGE_CURVE('',#1123,#1120,#1296,.T.);
#899=EDGE_CURVE('',#1122,#1124,#150,.F.);
#900=EDGE_CURVE('',#1124,#1125,#1297,.T.);
#901=EDGE_CURVE('',#1125,#1126,#151,.F.);
#902=EDGE_CURVE('',#1127,#1126,#1298,.T.);
#903=EDGE_CURVE('',#1127,#1128,#152,.F.);
#904=EDGE_CURVE('',#1129,#1128,#1299,.T.);
#905=EDGE_CURVE('',#1129,#1123,#153,.F.);
#906=EDGE_CURVE('',#1126,#1130,#1300,.T.);
#907=EDGE_CURVE('',#1131,#1130,#1301,.T.);
#908=EDGE_CURVE('',#1131,#1127,#1302,.F.);
#909=EDGE_CURVE('',#1132,#1133,#1303,.T.);
#910=EDGE_CURVE('',#1132,#1121,#154,.T.);
#911=EDGE_CURVE('',#1120,#1134,#155,.T.);
#912=EDGE_CURVE('',#1134,#1135,#1304,.T.);
#913=EDGE_CURVE('',#1135,#1131,#156,.T.);
#914=EDGE_CURVE('',#1130,#1133,#157,.T.);
#915=EDGE_CURVE('',#1134,#1129,#1305,.F.);
#916=EDGE_CURVE('',#1128,#1135,#1306,.T.);
#917=EDGE_CURVE('',#1124,#1132,#1307,.T.);
#918=EDGE_CURVE('',#1133,#1125,#1308,.F.);
#919=EDGE_CURVE('',#1136,#1137,#1309,.T.);
#920=EDGE_CURVE('',#1137,#1138,#1310,.F.);
#921=EDGE_CURVE('',#1139,#1138,#1311,.T.);
#922=EDGE_CURVE('',#1139,#1136,#1312,.T.);
#923=EDGE_CURVE('',#1138,#1140,#158,.F.);
#924=EDGE_CURVE('',#1140,#1141,#1313,.T.);
#925=EDGE_CURVE('',#1141,#1142,#159,.F.);
#926=EDGE_CURVE('',#1143,#1142,#1314,.T.);
#927=EDGE_CURVE('',#1143,#1144,#160,.F.);
#928=EDGE_CURVE('',#1145,#1144,#1315,.T.);
#929=EDGE_CURVE('',#1145,#1139,#161,.F.);
#930=EDGE_CURVE('',#1142,#1146,#1316,.T.);
#931=EDGE_CURVE('',#1147,#1146,#1317,.T.);
#932=EDGE_CURVE('',#1147,#1143,#1318,.F.);
#933=EDGE_CURVE('',#1148,#1149,#1319,.T.);
#934=EDGE_CURVE('',#1148,#1137,#162,.T.);
#935=EDGE_CURVE('',#1136,#1150,#163,.T.);
#936=EDGE_CURVE('',#1150,#1151,#1320,.T.);
#937=EDGE_CURVE('',#1151,#1147,#164,.T.);
#938=EDGE_CURVE('',#1146,#1149,#165,.T.);
#939=EDGE_CURVE('',#1144,#1151,#1321,.T.);
#940=EDGE_CURVE('',#1150,#1145,#1322,.F.);
#941=EDGE_CURVE('',#1140,#1148,#1323,.T.);
#942=EDGE_CURVE('',#1149,#1141,#1324,.F.);
#943=EDGE_CURVE('',#1152,#1153,#1325,.T.);
#944=EDGE_CURVE('',#1152,#1154,#1326,.F.);
#945=EDGE_CURVE('',#1154,#1155,#1327,.T.);
#946=EDGE_CURVE('',#1155,#1153,#1328,.T.);
#947=EDGE_CURVE('',#1156,#1157,#1329,.T.);
#948=EDGE_CURVE('',#1157,#1158,#1330,.F.);
#949=EDGE_CURVE('',#1158,#1159,#1331,.F.);
#950=EDGE_CURVE('',#1159,#1156,#1332,.T.);
#951=EDGE_CURVE('',#1160,#1161,#1333,.T.);
#952=EDGE_CURVE('',#1161,#1162,#1334,.T.);
#953=EDGE_CURVE('',#1162,#1163,#1335,.F.);
#954=EDGE_CURVE('',#1163,#1160,#1336,.F.);
#955=EDGE_CURVE('',#1164,#1165,#1337,.T.);
#956=EDGE_CURVE('',#1165,#1166,#1338,.T.);
#957=EDGE_CURVE('',#1166,#1167,#1339,.F.);
#958=EDGE_CURVE('',#1167,#1164,#1340,.F.);
#959=EDGE_CURVE('',#1168,#1169,#1341,.F.);
#960=EDGE_CURVE('',#1169,#1170,#1342,.F.);
#961=EDGE_CURVE('',#1170,#1171,#1343,.T.);
#962=EDGE_CURVE('',#1171,#1168,#1344,.T.);
#963=EDGE_CURVE('',#1172,#1173,#1345,.F.);
#964=EDGE_CURVE('',#1173,#1152,#1346,.F.);
#965=EDGE_CURVE('',#1153,#1172,#1347,.T.);
#966=EDGE_CURVE('',#1172,#1166,#166,.T.);
#967=EDGE_CURVE('',#1167,#1153,#12,.F.);
#968=EDGE_CURVE('',#1172,#1162,#167,.F.);
#969=EDGE_CURVE('',#1162,#1166,#168,.F.);
#970=EDGE_CURVE('',#1164,#1155,#169,.T.);
#971=EDGE_CURVE('',#1165,#1168,#170,.T.);
#972=EDGE_CURVE('',#1169,#1164,#171,.T.);
#973=EDGE_CURVE('',#1163,#1165,#172,.T.);
#974=EDGE_CURVE('',#1173,#1161,#173,.T.);
#975=EDGE_CURVE('',#1152,#1156,#13,.T.);
#976=EDGE_CURVE('',#1157,#1173,#174,.T.);
#977=EDGE_CURVE('',#1169,#1155,#175,.F.);
#978=EDGE_CURVE('',#1163,#1168,#176,.F.);
#979=EDGE_CURVE('',#1157,#1161,#177,.F.);
#980=EDGE_CURVE('',#1154,#1159,#178,.T.);
#981=EDGE_CURVE('',#1170,#1154,#179,.T.);
#982=EDGE_CURVE('',#1160,#1171,#180,.T.);
#983=EDGE_CURVE('',#1158,#1160,#181,.T.);
#984=EDGE_CURVE('',#1170,#1159,#182,.F.);
#985=EDGE_CURVE('',#1158,#1171,#183,.F.);
#986=EDGE_CURVE('',#1174,#1175,#1348,.T.);
#987=EDGE_CURVE('',#1175,#1176,#1349,.F.);
#988=EDGE_CURVE('',#1177,#1176,#1350,.T.);
#989=EDGE_CURVE('',#1177,#1174,#1351,.T.);
#990=EDGE_CURVE('',#1176,#1178,#184,.F.);
#991=EDGE_CURVE('',#1178,#1179,#1352,.T.);
#992=EDGE_CURVE('',#1179,#1180,#185,.F.);
#993=EDGE_CURVE('',#1181,#1180,#1353,.T.);
#994=EDGE_CURVE('',#1181,#1182,#186,.F.);
#995=EDGE_CURVE('',#1183,#1182,#1354,.T.);
#996=EDGE_CURVE('',#1183,#1177,#187,.F.);
#997=EDGE_CURVE('',#1180,#1184,#1355,.T.);
#998=EDGE_CURVE('',#1185,#1184,#1356,.T.);
#999=EDGE_CURVE('',#1185,#1181,#1357,.F.);
#1000=EDGE_CURVE('',#1186,#1187,#1358,.T.);
#1001=EDGE_CURVE('',#1186,#1175,#188,.T.);
#1002=EDGE_CURVE('',#1174,#1188,#189,.T.);
#1003=EDGE_CURVE('',#1188,#1189,#1359,.T.);
#1004=EDGE_CURVE('',#1189,#1185,#190,.T.);
#1005=EDGE_CURVE('',#1184,#1187,#191,.T.);
#1006=EDGE_CURVE('',#1182,#1189,#1360,.T.);
#1007=EDGE_CURVE('',#1188,#1183,#1361,.F.);
#1008=EDGE_CURVE('',#1178,#1186,#1362,.T.);
#1009=EDGE_CURVE('',#1187,#1179,#1363,.F.);
#1010=EDGE_CURVE('',#1190,#1191,#1364,.T.);
#1011=EDGE_CURVE('',#1191,#1192,#1365,.F.);
#1012=EDGE_CURVE('',#1193,#1192,#1366,.T.);
#1013=EDGE_CURVE('',#1193,#1190,#1367,.T.);
#1014=EDGE_CURVE('',#1192,#1194,#192,.F.);
#1015=EDGE_CURVE('',#1194,#1195,#1368,.T.);
#1016=EDGE_CURVE('',#1195,#1196,#193,.F.);
#1017=EDGE_CURVE('',#1197,#1196,#1369,.T.);
#1018=EDGE_CURVE('',#1197,#1198,#194,.F.);
#1019=EDGE_CURVE('',#1199,#1198,#1370,.T.);
#1020=EDGE_CURVE('',#1199,#1193,#195,.F.);
#1021=EDGE_CURVE('',#1196,#1200,#1371,.T.);
#1022=EDGE_CURVE('',#1201,#1200,#1372,.T.);
#1023=EDGE_CURVE('',#1201,#1197,#1373,.F.);
#1024=EDGE_CURVE('',#1202,#1203,#1374,.T.);
#1025=EDGE_CURVE('',#1202,#1191,#196,.T.);
#1026=EDGE_CURVE('',#1190,#1204,#197,.T.);
#1027=EDGE_CURVE('',#1204,#1205,#1375,.T.);
#1028=EDGE_CURVE('',#1205,#1201,#198,.T.);
#1029=EDGE_CURVE('',#1200,#1203,#199,.T.);
#1030=EDGE_CURVE('',#1198,#1205,#1376,.T.);
#1031=EDGE_CURVE('',#1204,#1199,#1377,.F.);
#1032=EDGE_CURVE('',#1194,#1202,#1378,.T.);
#1033=EDGE_CURVE('',#1203,#1195,#1379,.F.);
#1034=VERTEX_POINT('',#3007);
#1035=VERTEX_POINT('',#3008);
#1036=VERTEX_POINT('',#3010);
#1037=VERTEX_POINT('',#3012);
#1038=VERTEX_POINT('',#3016);
#1039=VERTEX_POINT('',#3018);
#1040=VERTEX_POINT('',#3020);
#1041=VERTEX_POINT('',#3022);
#1042=VERTEX_POINT('',#3024);
#1043=VERTEX_POINT('',#3026);
#1044=VERTEX_POINT('',#3030);
#1045=VERTEX_POINT('',#3032);
#1046=VERTEX_POINT('',#3036);
#1047=VERTEX_POINT('',#3037);
#1048=VERTEX_POINT('',#3040);
#1049=VERTEX_POINT('',#3042);
#1050=VERTEX_POINT('',#3058);
#1051=VERTEX_POINT('',#3059);
#1052=VERTEX_POINT('',#3061);
#1053=VERTEX_POINT('',#3063);
#1054=VERTEX_POINT('',#3067);
#1055=VERTEX_POINT('',#3069);
#1056=VERTEX_POINT('',#3071);
#1057=VERTEX_POINT('',#3073);
#1058=VERTEX_POINT('',#3075);
#1059=VERTEX_POINT('',#3077);
#1060=VERTEX_POINT('',#3081);
#1061=VERTEX_POINT('',#3083);
#1062=VERTEX_POINT('',#3087);
#1063=VERTEX_POINT('',#3088);
#1064=VERTEX_POINT('',#3091);
#1065=VERTEX_POINT('',#3093);
#1066=VERTEX_POINT('',#3109);
#1067=VERTEX_POINT('',#3110);
#1068=VERTEX_POINT('',#3112);
#1069=VERTEX_POINT('',#3114);
#1070=VERTEX_POINT('',#3118);
#1071=VERTEX_POINT('',#3120);
#1072=VERTEX_POINT('',#3122);
#1073=VERTEX_POINT('',#3124);
#1074=VERTEX_POINT('',#3126);
#1075=VERTEX_POINT('',#3128);
#1076=VERTEX_POINT('',#3132);
#1077=VERTEX_POINT('',#3134);
#1078=VERTEX_POINT('',#3138);
#1079=VERTEX_POINT('',#3139);
#1080=VERTEX_POINT('',#3142);
#1081=VERTEX_POINT('',#3144);
#1082=VERTEX_POINT('',#3160);
#1083=VERTEX_POINT('',#3161);
#1084=VERTEX_POINT('',#3163);
#1085=VERTEX_POINT('',#3165);
#1086=VERTEX_POINT('',#3169);
#1087=VERTEX_POINT('',#3170);
#1088=VERTEX_POINT('',#3172);
#1089=VERTEX_POINT('',#3174);
#1090=VERTEX_POINT('',#3176);
#1091=VERTEX_POINT('',#3178);
#1092=VERTEX_POINT('',#3183);
#1093=VERTEX_POINT('',#3185);
#1094=VERTEX_POINT('',#3189);
#1095=VERTEX_POINT('',#3191);
#1096=VERTEX_POINT('',#3194);
#1097=VERTEX_POINT('',#3196);
#1098=VERTEX_POINT('',#3211);
#1099=VERTEX_POINT('',#3212);
#1100=VERTEX_POINT('',#3214);
#1101=VERTEX_POINT('',#3216);
#1102=VERTEX_POINT('',#3220);
#1103=VERTEX_POINT('',#3221);
#1104=VERTEX_POINT('',#3223);
#1105=VERTEX_POINT('',#3225);
#1106=VERTEX_POINT('',#3229);
#1107=VERTEX_POINT('',#3230);
#1108=VERTEX_POINT('',#3232);
#1109=VERTEX_POINT('',#3234);
#1110=VERTEX_POINT('',#3238);
#1111=VERTEX_POINT('',#3239);
#1112=VERTEX_POINT('',#3241);
#1113=VERTEX_POINT('',#3243);
#1114=VERTEX_POINT('',#3247);
#1115=VERTEX_POINT('',#3248);
#1116=VERTEX_POINT('',#3250);
#1117=VERTEX_POINT('',#3252);
#1118=VERTEX_POINT('',#3256);
#1119=VERTEX_POINT('',#3258);
#1120=VERTEX_POINT('',#3300);
#1121=VERTEX_POINT('',#3301);
#1122=VERTEX_POINT('',#3303);
#1123=VERTEX_POINT('',#3305);
#1124=VERTEX_POINT('',#3309);
#1125=VERTEX_POINT('',#3311);
#1126=VERTEX_POINT('',#3313);
#1127=VERTEX_POINT('',#3315);
#1128=VERTEX_POINT('',#3317);
#1129=VERTEX_POINT('',#3319);
#1130=VERTEX_POINT('',#3323);
#1131=VERTEX_POINT('',#3325);
#1132=VERTEX_POINT('',#3329);
#1133=VERTEX_POINT('',#3330);
#1134=VERTEX_POINT('',#3333);
#1135=VERTEX_POINT('',#3335);
#1136=VERTEX_POINT('',#3351);
#1137=VERTEX_POINT('',#3352);
#1138=VERTEX_POINT('',#3354);
#1139=VERTEX_POINT('',#3356);
#1140=VERTEX_POINT('',#3360);
#1141=VERTEX_POINT('',#3362);
#1142=VERTEX_POINT('',#3364);
#1143=VERTEX_POINT('',#3366);
#1144=VERTEX_POINT('',#3368);
#1145=VERTEX_POINT('',#3370);
#1146=VERTEX_POINT('',#3374);
#1147=VERTEX_POINT('',#3376);
#1148=VERTEX_POINT('',#3380);
#1149=VERTEX_POINT('',#3381);
#1150=VERTEX_POINT('',#3384);
#1151=VERTEX_POINT('',#3386);
#1152=VERTEX_POINT('',#3402);
#1153=VERTEX_POINT('',#3403);
#1154=VERTEX_POINT('',#3405);
#1155=VERTEX_POINT('',#3407);
#1156=VERTEX_POINT('',#3411);
#1157=VERTEX_POINT('',#3412);
#1158=VERTEX_POINT('',#3414);
#1159=VERTEX_POINT('',#3416);
#1160=VERTEX_POINT('',#3420);
#1161=VERTEX_POINT('',#3421);
#1162=VERTEX_POINT('',#3423);
#1163=VERTEX_POINT('',#3425);
#1164=VERTEX_POINT('',#3429);
#1165=VERTEX_POINT('',#3430);
#1166=VERTEX_POINT('',#3432);
#1167=VERTEX_POINT('',#3434);
#1168=VERTEX_POINT('',#3438);
#1169=VERTEX_POINT('',#3439);
#1170=VERTEX_POINT('',#3441);
#1171=VERTEX_POINT('',#3443);
#1172=VERTEX_POINT('',#3447);
#1173=VERTEX_POINT('',#3448);
#1174=VERTEX_POINT('',#3491);
#1175=VERTEX_POINT('',#3492);
#1176=VERTEX_POINT('',#3494);
#1177=VERTEX_POINT('',#3496);
#1178=VERTEX_POINT('',#3500);
#1179=VERTEX_POINT('',#3502);
#1180=VERTEX_POINT('',#3504);
#1181=VERTEX_POINT('',#3506);
#1182=VERTEX_POINT('',#3508);
#1183=VERTEX_POINT('',#3510);
#1184=VERTEX_POINT('',#3514);
#1185=VERTEX_POINT('',#3516);
#1186=VERTEX_POINT('',#3520);
#1187=VERTEX_POINT('',#3521);
#1188=VERTEX_POINT('',#3524);
#1189=VERTEX_POINT('',#3526);
#1190=VERTEX_POINT('',#3542);
#1191=VERTEX_POINT('',#3543);
#1192=VERTEX_POINT('',#3545);
#1193=VERTEX_POINT('',#3547);
#1194=VERTEX_POINT('',#3551);
#1195=VERTEX_POINT('',#3553);
#1196=VERTEX_POINT('',#3555);
#1197=VERTEX_POINT('',#3557);
#1198=VERTEX_POINT('',#3559);
#1199=VERTEX_POINT('',#3561);
#1200=VERTEX_POINT('',#3565);
#1201=VERTEX_POINT('',#3567);
#1202=VERTEX_POINT('',#3571);
#1203=VERTEX_POINT('',#3572);
#1204=VERTEX_POINT('',#3575);
#1205=VERTEX_POINT('',#3577);
#1206=LINE('',#3006,#1380);
#1207=LINE('',#3009,#1381);
#1208=LINE('',#3011,#1382);
#1209=LINE('',#3013,#1383);
#1210=LINE('',#3017,#1384);
#1211=LINE('',#3021,#1385);
#1212=LINE('',#3025,#1386);
#1213=LINE('',#3029,#1387);
#1214=LINE('',#3031,#1388);
#1215=LINE('',#3033,#1389);
#1216=LINE('',#3035,#1390);
#1217=LINE('',#3041,#1391);
#1218=LINE('',#3046,#1392);
#1219=LINE('',#3047,#1393);
#1220=LINE('',#3049,#1394);
#1221=LINE('',#3050,#1395);
#1222=LINE('',#3057,#1396);
#1223=LINE('',#3060,#1397);
#1224=LINE('',#3062,#1398);
#1225=LINE('',#3064,#1399);
#1226=LINE('',#3068,#1400);
#1227=LINE('',#3072,#1401);
#1228=LINE('',#3076,#1402);
#1229=LINE('',#3080,#1403);
#1230=LINE('',#3082,#1404);
#1231=LINE('',#3084,#1405);
#1232=LINE('',#3086,#1406);
#1233=LINE('',#3092,#1407);
#1234=LINE('',#3097,#1408);
#1235=LINE('',#3098,#1409);
#1236=LINE('',#3100,#1410);
#1237=LINE('',#3101,#1411);
#1238=LINE('',#3108,#1412);
#1239=LINE('',#3111,#1413);
#1240=LINE('',#3113,#1414);
#1241=LINE('',#3115,#1415);
#1242=LINE('',#3119,#1416);
#1243=LINE('',#3123,#1417);
#1244=LINE('',#3127,#1418);
#1245=LINE('',#3131,#1419);
#1246=LINE('',#3133,#1420);
#1247=LINE('',#3135,#1421);
#1248=LINE('',#3137,#1422);
#1249=LINE('',#3143,#1423);
#1250=LINE('',#3148,#1424);
#1251=LINE('',#3149,#1425);
#1252=LINE('',#3151,#1426);
#1253=LINE('',#3152,#1427);
#1254=LINE('',#3159,#1428);
#1255=LINE('',#3162,#1429);
#1256=LINE('',#3164,#1430);
#1257=LINE('',#3166,#1431);
#1258=LINE('',#3168,#1432);
#1259=LINE('',#3173,#1433);
#1260=LINE('',#3177,#1434);
#1261=LINE('',#3182,#1435);
#1262=LINE('',#3184,#1436);
#1263=LINE('',#3186,#1437);
#1264=LINE('',#3190,#1438);
#1265=LINE('',#3195,#1439);
#1266=LINE('',#3199,#1440);
#1267=LINE('',#3200,#1441);
#1268=LINE('',#3202,#1442);
#1269=LINE('',#3203,#1443);
#1270=LINE('',#3210,#1444);
#1271=LINE('',#3213,#1445);
#1272=LINE('',#3215,#1446);
#1273=LINE('',#3217,#1447);
#1274=LINE('',#3219,#1448);
#1275=LINE('',#3222,#1449);
#1276=LINE('',#3224,#1450);
#1277=LINE('',#3226,#1451);
#1278=LINE('',#3228,#1452);
#1279=LINE('',#3231,#1453);
#1280=LINE('',#3233,#1454);
#1281=LINE('',#3235,#1455);
#1282=LINE('',#3237,#1456);
#1283=LINE('',#3240,#1457);
#1284=LINE('',#3242,#1458);
#1285=LINE('',#3244,#1459);
#1286=LINE('',#3246,#1460);
#1287=LINE('',#3249,#1461);
#1288=LINE('',#3251,#1462);
#1289=LINE('',#3253,#1463);
#1290=LINE('',#3255,#1464);
#1291=LINE('',#3257,#1465);
#1292=LINE('',#3259,#1466);
#1293=LINE('',#3299,#1467);
#1294=LINE('',#3302,#1468);
#1295=LINE('',#3304,#1469);
#1296=LINE('',#3306,#1470);
#1297=LINE('',#3310,#1471);
#1298=LINE('',#3314,#1472);
#1299=LINE('',#3318,#1473);
#1300=LINE('',#3322,#1474);
#1301=LINE('',#3324,#1475);
#1302=LINE('',#3326,#1476);
#1303=LINE('',#3328,#1477);
#1304=LINE('',#3334,#1478);
#1305=LINE('',#3339,#1479);
#1306=LINE('',#3340,#1480);
#1307=LINE('',#3342,#1481);
#1308=LINE('',#3343,#1482);
#1309=LINE('',#3350,#1483);
#1310=LINE('',#3353,#1484);
#1311=LINE('',#3355,#1485);
#1312=LINE('',#3357,#1486);
#1313=LINE('',#3361,#1487);
#1314=LINE('',#3365,#1488);
#1315=LINE('',#3369,#1489);
#1316=LINE('',#3373,#1490);
#1317=LINE('',#3375,#1491);
#1318=LINE('',#3377,#1492);
#1319=LINE('',#3379,#1493);
#1320=LINE('',#3385,#1494);
#1321=LINE('',#3390,#1495);
#1322=LINE('',#3391,#1496);
#1323=LINE('',#3393,#1497);
#1324=LINE('',#3394,#1498);
#1325=LINE('',#3401,#1499);
#1326=LINE('',#3404,#1500);
#1327=LINE('',#3406,#1501);
#1328=LINE('',#3408,#1502);
#1329=LINE('',#3410,#1503);
#1330=LINE('',#3413,#1504);
#1331=LINE('',#3415,#1505);
#1332=LINE('',#3417,#1506);
#1333=LINE('',#3419,#1507);
#1334=LINE('',#3422,#1508);
#1335=LINE('',#3424,#1509);
#1336=LINE('',#3426,#1510);
#1337=LINE('',#3428,#1511);
#1338=LINE('',#3431,#1512);
#1339=LINE('',#3433,#1513);
#1340=LINE('',#3435,#1514);
#1341=LINE('',#3437,#1515);
#1342=LINE('',#3440,#1516);
#1343=LINE('',#3442,#1517);
#1344=LINE('',#3444,#1518);
#1345=LINE('',#3446,#1519);
#1346=LINE('',#3449,#1520);
#1347=LINE('',#3450,#1521);
#1348=LINE('',#3490,#1522);
#1349=LINE('',#3493,#1523);
#1350=LINE('',#3495,#1524);
#1351=LINE('',#3497,#1525);
#1352=LINE('',#3501,#1526);
#1353=LINE('',#3505,#1527);
#1354=LINE('',#3509,#1528);
#1355=LINE('',#3513,#1529);
#1356=LINE('',#3515,#1530);
#1357=LINE('',#3517,#1531);
#1358=LINE('',#3519,#1532);
#1359=LINE('',#3525,#1533);
#1360=LINE('',#3530,#1534);
#1361=LINE('',#3531,#1535);
#1362=LINE('',#3533,#1536);
#1363=LINE('',#3534,#1537);
#1364=LINE('',#3541,#1538);
#1365=LINE('',#3544,#1539);
#1366=LINE('',#3546,#1540);
#1367=LINE('',#3548,#1541);
#1368=LINE('',#3552,#1542);
#1369=LINE('',#3556,#1543);
#1370=LINE('',#3560,#1544);
#1371=LINE('',#3564,#1545);
#1372=LINE('',#3566,#1546);
#1373=LINE('',#3568,#1547);
#1374=LINE('',#3570,#1548);
#1375=LINE('',#3576,#1549);
#1376=LINE('',#3581,#1550);
#1377=LINE('',#3582,#1551);
#1378=LINE('',#3584,#1552);
#1379=LINE('',#3585,#1553);
#1380=VECTOR('',#2354,1.);
#1381=VECTOR('',#2355,1.);
#1382=VECTOR('',#2356,1.);
#1383=VECTOR('',#2357,1.);
#1384=VECTOR('',#2362,1.);
#1385=VECTOR('',#2365,1.);
#1386=VECTOR('',#2368,1.);
#1387=VECTOR('',#2373,1.);
#1388=VECTOR('',#2374,1.);
#1389=VECTOR('',#2375,1.);
#1390=VECTOR('',#2378,1.);
#1391=VECTOR('',#2383,1.);
#1392=VECTOR('',#2390,1.);
#1393=VECTOR('',#2391,1.);
#1394=VECTOR('',#2394,1.);
#1395=VECTOR('',#2395,1.);
#1396=VECTOR('',#2408,1.);
#1397=VECTOR('',#2409,1.);
#1398=VECTOR('',#2410,1.);
#1399=VECTOR('',#2411,1.);
#1400=VECTOR('',#2416,1.);
#1401=VECTOR('',#2419,1.);
#1402=VECTOR('',#2422,1.);
#1403=VECTOR('',#2427,1.);
#1404=VECTOR('',#2428,1.);
#1405=VECTOR('',#2429,1.);
#1406=VECTOR('',#2432,1.);
#1407=VECTOR('',#2437,1.);
#1408=VECTOR('',#2444,1.);
#1409=VECTOR('',#2445,1.);
#1410=VECTOR('',#2448,1.);
#1411=VECTOR('',#2449,1.);
#1412=VECTOR('',#2462,1.);
#1413=VECTOR('',#2463,1.);
#1414=VECTOR('',#2464,1.);
#1415=VECTOR('',#2465,1.);
#1416=VECTOR('',#2470,1.);
#1417=VECTOR('',#2473,1.);
#1418=VECTOR('',#2476,1.);
#1419=VECTOR('',#2481,1.);
#1420=VECTOR('',#2482,1.);
#1421=VECTOR('',#2483,1.);
#1422=VECTOR('',#2486,1.);
#1423=VECTOR('',#2491,1.);
#1424=VECTOR('',#2498,1.);
#1425=VECTOR('',#2499,1.);
#1426=VECTOR('',#2502,1.);
#1427=VECTOR('',#2503,1.);
#1428=VECTOR('',#2516,1.);
#1429=VECTOR('',#2517,1.);
#1430=VECTOR('',#2518,1.);
#1431=VECTOR('',#2519,1.);
#1432=VECTOR('',#2522,1.);
#1433=VECTOR('',#2525,1.);
#1434=VECTOR('',#2528,1.);
#1435=VECTOR('',#2535,1.);
#1436=VECTOR('',#2536,1.);
#1437=VECTOR('',#2537,1.);
#1438=VECTOR('',#2542,1.);
#1439=VECTOR('',#2547,1.);
#1440=VECTOR('',#2552,1.);
#1441=VECTOR('',#2553,1.);
#1442=VECTOR('',#2556,1.);
#1443=VECTOR('',#2557,1.);
#1444=VECTOR('',#2570,1.);
#1445=VECTOR('',#2571,1.);
#1446=VECTOR('',#2572,1.);
#1447=VECTOR('',#2573,1.);
#1448=VECTOR('',#2576,1.);
#1449=VECTOR('',#2577,1.);
#1450=VECTOR('',#2578,1.);
#1451=VECTOR('',#2579,1.);
#1452=VECTOR('',#2582,1.);
#1453=VECTOR('',#2583,1.);
#1454=VECTOR('',#2584,1.);
#1455=VECTOR('',#2585,1.);
#1456=VECTOR('',#2588,1.);
#1457=VECTOR('',#2589,1.);
#1458=VECTOR('',#2590,1.);
#1459=VECTOR('',#2591,1.);
#1460=VECTOR('',#2594,1.);
#1461=VECTOR('',#2595,1.);
#1462=VECTOR('',#2596,1.);
#1463=VECTOR('',#2597,1.);
#1464=VECTOR('',#2600,1.);
#1465=VECTOR('',#2601,1.);
#1466=VECTOR('',#2602,1.);
#1467=VECTOR('',#2681,1.);
#1468=VECTOR('',#2682,1.);
#1469=VECTOR('',#2683,1.);
#1470=VECTOR('',#2684,1.);
#1471=VECTOR('',#2689,1.);
#1472=VECTOR('',#2692,1.);
#1473=VECTOR('',#2695,1.);
#1474=VECTOR('',#2700,1.);
#1475=VECTOR('',#2701,1.);
#1476=VECTOR('',#2702,1.);
#1477=VECTOR('',#2705,1.);
#1478=VECTOR('',#2710,1.);
#1479=VECTOR('',#2717,1.);
#1480=VECTOR('',#2718,1.);
#1481=VECTOR('',#2721,1.);
#1482=VECTOR('',#2722,1.);
#1483=VECTOR('',#2735,1.);
#1484=VECTOR('',#2736,1.);
#1485=VECTOR('',#2737,1.);
#1486=VECTOR('',#2738,1.);
#1487=VECTOR('',#2743,1.);
#1488=VECTOR('',#2746,1.);
#1489=VECTOR('',#2749,1.);
#1490=VECTOR('',#2754,1.);
#1491=VECTOR('',#2755,1.);
#1492=VECTOR('',#2756,1.);
#1493=VECTOR('',#2759,1.);
#1494=VECTOR('',#2764,1.);
#1495=VECTOR('',#2771,1.);
#1496=VECTOR('',#2772,1.);
#1497=VECTOR('',#2775,1.);
#1498=VECTOR('',#2776,1.);
#1499=VECTOR('',#2789,1.);
#1500=VECTOR('',#2790,1.);
#1501=VECTOR('',#2791,1.);
#1502=VECTOR('',#2792,1.);
#1503=VECTOR('',#2795,1.);
#1504=VECTOR('',#2796,1.);
#1505=VECTOR('',#2797,1.);
#1506=VECTOR('',#2798,1.);
#1507=VECTOR('',#2801,1.);
#1508=VECTOR('',#2802,1.);
#1509=VECTOR('',#2803,1.);
#1510=VECTOR('',#2804,1.);
#1511=VECTOR('',#2807,1.);
#1512=VECTOR('',#2808,1.);
#1513=VECTOR('',#2809,1.);
#1514=VECTOR('',#2810,1.);
#1515=VECTOR('',#2813,1.);
#1516=VECTOR('',#2814,1.);
#1517=VECTOR('',#2815,1.);
#1518=VECTOR('',#2816,1.);
#1519=VECTOR('',#2819,1.);
#1520=VECTOR('',#2820,1.);
#1521=VECTOR('',#2821,1.);
#1522=VECTOR('',#2900,1.);
#1523=VECTOR('',#2901,1.);
#1524=VECTOR('',#2902,1.);
#1525=VECTOR('',#2903,1.);
#1526=VECTOR('',#2908,1.);
#1527=VECTOR('',#2911,1.);
#1528=VECTOR('',#2914,1.);
#1529=VECTOR('',#2919,1.);
#1530=VECTOR('',#2920,1.);
#1531=VECTOR('',#2921,1.);
#1532=VECTOR('',#2924,1.);
#1533=VECTOR('',#2929,1.);
#1534=VECTOR('',#2936,1.);
#1535=VECTOR('',#2937,1.);
#1536=VECTOR('',#2940,1.);
#1537=VECTOR('',#2941,1.);
#1538=VECTOR('',#2954,1.);
#1539=VECTOR('',#2955,1.);
#1540=VECTOR('',#2956,1.);
#1541=VECTOR('',#2957,1.);
#1542=VECTOR('',#2962,1.);
#1543=VECTOR('',#2965,1.);
#1544=VECTOR('',#2968,1.);
#1545=VECTOR('',#2973,1.);
#1546=VECTOR('',#2974,1.);
#1547=VECTOR('',#2975,1.);
#1548=VECTOR('',#2978,1.);
#1549=VECTOR('',#2983,1.);
#1550=VECTOR('',#2990,1.);
#1551=VECTOR('',#2991,1.);
#1552=VECTOR('',#2994,1.);
#1553=VECTOR('',#2995,1.);
#1554=EDGE_LOOP('',(#200,#201,#202,#203));
#1555=EDGE_LOOP('',(#204,#205,#206,#207,#208,#209,#210,#211));
#1556=EDGE_LOOP('',(#212,#213,#214,#215));
#1557=EDGE_LOOP('',(#216,#217,#218,#219,#220,#221,#222,#223));
#1558=EDGE_LOOP('',(#224,#225,#226,#227));
#1559=EDGE_LOOP('',(#228,#229,#230,#231));
#1560=EDGE_LOOP('',(#232,#233,#234,#235));
#1561=EDGE_LOOP('',(#236,#237,#238,#239));
#1562=EDGE_LOOP('',(#240,#241,#242,#243));
#1563=EDGE_LOOP('',(#244,#245,#246,#247));
#1564=EDGE_LOOP('',(#248,#249,#250,#251));
#1565=EDGE_LOOP('',(#252,#253,#254,#255,#256,#257,#258,#259));
#1566=EDGE_LOOP('',(#260,#261,#262,#263));
#1567=EDGE_LOOP('',(#264,#265,#266,#267,#268,#269,#270,#271));
#1568=EDGE_LOOP('',(#272,#273,#274,#275));
#1569=EDGE_LOOP('',(#276,#277,#278,#279));
#1570=EDGE_LOOP('',(#280,#281,#282,#283));
#1571=EDGE_LOOP('',(#284,#285,#286,#287));
#1572=EDGE_LOOP('',(#288,#289,#290,#291));
#1573=EDGE_LOOP('',(#292,#293,#294,#295));
#1574=EDGE_LOOP('',(#296,#297,#298,#299));
#1575=EDGE_LOOP('',(#300,#301,#302,#303,#304,#305,#306,#307));
#1576=EDGE_LOOP('',(#308,#309,#310,#311));
#1577=EDGE_LOOP('',(#312,#313,#314,#315,#316,#317,#318,#319));
#1578=EDGE_LOOP('',(#320,#321,#322,#323));
#1579=EDGE_LOOP('',(#324,#325,#326,#327));
#1580=EDGE_LOOP('',(#328,#329,#330,#331));
#1581=EDGE_LOOP('',(#332,#333,#334,#335));
#1582=EDGE_LOOP('',(#336,#337,#338,#339));
#1583=EDGE_LOOP('',(#340,#341,#342,#343));
#1584=EDGE_LOOP('',(#344,#345,#346,#347));
#1585=EDGE_LOOP('',(#348,#349,#350,#351,#352,#353,#354,#355));
#1586=EDGE_LOOP('',(#356,#357,#358,#359));
#1587=EDGE_LOOP('',(#360,#361,#362,#363,#364,#365,#366,#367));
#1588=EDGE_LOOP('',(#368,#369,#370,#371));
#1589=EDGE_LOOP('',(#372,#373,#374,#375));
#1590=EDGE_LOOP('',(#376,#377,#378,#379));
#1591=EDGE_LOOP('',(#380,#381,#382,#383));
#1592=EDGE_LOOP('',(#384,#385,#386,#387));
#1593=EDGE_LOOP('',(#388,#389,#390,#391));
#1594=EDGE_LOOP('',(#392,#393,#394,#395));
#1595=EDGE_LOOP('',(#396,#397,#398,#399));
#1596=EDGE_LOOP('',(#400,#401,#402,#403));
#1597=EDGE_LOOP('',(#404,#405,#406,#407));
#1598=EDGE_LOOP('',(#408,#409,#410,#411));
#1599=EDGE_LOOP('',(#412,#413,#414,#415));
#1600=EDGE_LOOP('',(#416,#417,#418));
#1601=EDGE_LOOP('',(#419,#420,#421,#422));
#1602=EDGE_LOOP('',(#423,#424,#425,#426));
#1603=EDGE_LOOP('',(#427,#428,#429,#430));
#1604=EDGE_LOOP('',(#431,#432,#433,#434));
#1605=EDGE_LOOP('',(#435,#436,#437,#438));
#1606=EDGE_LOOP('',(#439,#440,#441));
#1607=EDGE_LOOP('',(#442,#443,#444));
#1608=EDGE_LOOP('',(#445,#446,#447));
#1609=EDGE_LOOP('',(#448,#449,#450,#451));
#1610=EDGE_LOOP('',(#452,#453,#454,#455));
#1611=EDGE_LOOP('',(#456,#457,#458,#459));
#1612=EDGE_LOOP('',(#460,#461,#462,#463));
#1613=EDGE_LOOP('',(#464,#465,#466,#467));
#1614=EDGE_LOOP('',(#468,#469,#470));
#1615=EDGE_LOOP('',(#471,#472,#473));
#1616=EDGE_LOOP('',(#474,#475,#476,#477));
#1617=EDGE_LOOP('',(#478,#479,#480,#481));
#1618=EDGE_LOOP('',(#482,#483,#484,#485,#486,#487,#488,#489));
#1619=EDGE_LOOP('',(#490,#491,#492,#493));
#1620=EDGE_LOOP('',(#494,#495,#496,#497,#498,#499,#500,#501));
#1621=EDGE_LOOP('',(#502,#503,#504,#505));
#1622=EDGE_LOOP('',(#506,#507,#508,#509));
#1623=EDGE_LOOP('',(#510,#511,#512,#513));
#1624=EDGE_LOOP('',(#514,#515,#516,#517));
#1625=EDGE_LOOP('',(#518,#519,#520,#521));
#1626=EDGE_LOOP('',(#522,#523,#524,#525));
#1627=EDGE_LOOP('',(#526,#527,#528,#529));
#1628=EDGE_LOOP('',(#530,#531,#532,#533,#534,#535,#536,#537));
#1629=EDGE_LOOP('',(#538,#539,#540,#541));
#1630=EDGE_LOOP('',(#542,#543,#544,#545,#546,#547,#548,#549));
#1631=EDGE_LOOP('',(#550,#551,#552,#553));
#1632=EDGE_LOOP('',(#554,#555,#556,#557));
#1633=EDGE_LOOP('',(#558,#559,#560,#561));
#1634=EDGE_LOOP('',(#562,#563,#564,#565));
#1635=EDGE_LOOP('',(#566,#567,#568,#569));
#1636=EDGE_LOOP('',(#570,#571,#572,#573));
#1637=EDGE_LOOP('',(#574,#575,#576,#577));
#1638=EDGE_LOOP('',(#578,#579,#580,#581));
#1639=EDGE_LOOP('',(#582,#583,#584,#585));
#1640=EDGE_LOOP('',(#586,#587,#588,#589));
#1641=EDGE_LOOP('',(#590,#591,#592,#593));
#1642=EDGE_LOOP('',(#594,#595,#596,#597));
#1643=EDGE_LOOP('',(#598,#599,#600,#601));
#1644=EDGE_LOOP('',(#602,#603,#604));
#1645=EDGE_LOOP('',(#605,#606,#607,#608));
#1646=EDGE_LOOP('',(#609,#610,#611,#612));
#1647=EDGE_LOOP('',(#613,#614,#615,#616));
#1648=EDGE_LOOP('',(#617,#618,#619,#620));
#1649=EDGE_LOOP('',(#621,#622,#623,#624));
#1650=EDGE_LOOP('',(#625,#626,#627));
#1651=EDGE_LOOP('',(#628,#629,#630));
#1652=EDGE_LOOP('',(#631,#632,#633));
#1653=EDGE_LOOP('',(#634,#635,#636,#637));
#1654=EDGE_LOOP('',(#638,#639,#640,#641));
#1655=EDGE_LOOP('',(#642,#643,#644,#645));
#1656=EDGE_LOOP('',(#646,#647,#648,#649));
#1657=EDGE_LOOP('',(#650,#651,#652));
#1658=EDGE_LOOP('',(#653,#654,#655));
#1659=EDGE_LOOP('',(#656,#657,#658,#659));
#1660=EDGE_LOOP('',(#660,#661,#662,#663));
#1661=EDGE_LOOP('',(#664,#665,#666,#667,#668,#669,#670,#671));
#1662=EDGE_LOOP('',(#672,#673,#674,#675));
#1663=EDGE_LOOP('',(#676,#677,#678,#679,#680,#681,#682,#683));
#1664=EDGE_LOOP('',(#684,#685,#686,#687));
#1665=EDGE_LOOP('',(#688,#689,#690,#691));
#1666=EDGE_LOOP('',(#692,#693,#694,#695));
#1667=EDGE_LOOP('',(#696,#697,#698,#699));
#1668=EDGE_LOOP('',(#700,#701,#702,#703));
#1669=EDGE_LOOP('',(#704,#705,#706,#707));
#1670=EDGE_LOOP('',(#708,#709,#710,#711));
#1671=EDGE_LOOP('',(#712,#713,#714,#715,#716,#717,#718,#719));
#1672=EDGE_LOOP('',(#720,#721,#722,#723));
#1673=EDGE_LOOP('',(#724,#725,#726,#727,#728,#729,#730,#731));
#1674=EDGE_LOOP('',(#732,#733,#734,#735));
#1675=EDGE_LOOP('',(#736,#737,#738,#739));
#1676=EDGE_LOOP('',(#740,#741,#742,#743));
#1677=EDGE_LOOP('',(#744,#745,#746,#747));
#1678=EDGE_LOOP('',(#748,#749,#750,#751));
#1679=EDGE_LOOP('',(#752,#753,#754,#755));
#1680=FACE_BOUND('',#1554,.T.);
#1681=FACE_BOUND('',#1555,.T.);
#1682=FACE_BOUND('',#1556,.T.);
#1683=FACE_BOUND('',#1557,.T.);
#1684=FACE_BOUND('',#1558,.T.);
#1685=FACE_BOUND('',#1559,.T.);
#1686=FACE_BOUND('',#1560,.T.);
#1687=FACE_BOUND('',#1561,.T.);
#1688=FACE_BOUND('',#1562,.T.);
#1689=FACE_BOUND('',#1563,.T.);
#1690=FACE_BOUND('',#1564,.T.);
#1691=FACE_BOUND('',#1565,.T.);
#1692=FACE_BOUND('',#1566,.T.);
#1693=FACE_BOUND('',#1567,.T.);
#1694=FACE_BOUND('',#1568,.T.);
#1695=FACE_BOUND('',#1569,.T.);
#1696=FACE_BOUND('',#1570,.T.);
#1697=FACE_BOUND('',#1571,.T.);
#1698=FACE_BOUND('',#1572,.T.);
#1699=FACE_BOUND('',#1573,.T.);
#1700=FACE_BOUND('',#1574,.T.);
#1701=FACE_BOUND('',#1575,.T.);
#1702=FACE_BOUND('',#1576,.T.);
#1703=FACE_BOUND('',#1577,.T.);
#1704=FACE_BOUND('',#1578,.T.);
#1705=FACE_BOUND('',#1579,.T.);
#1706=FACE_BOUND('',#1580,.T.);
#1707=FACE_BOUND('',#1581,.T.);
#1708=FACE_BOUND('',#1582,.T.);
#1709=FACE_BOUND('',#1583,.T.);
#1710=FACE_BOUND('',#1584,.T.);
#1711=FACE_BOUND('',#1585,.T.);
#1712=FACE_BOUND('',#1586,.T.);
#1713=FACE_BOUND('',#1587,.T.);
#1714=FACE_BOUND('',#1588,.T.);
#1715=FACE_BOUND('',#1589,.T.);
#1716=FACE_BOUND('',#1590,.T.);
#1717=FACE_BOUND('',#1591,.T.);
#1718=FACE_BOUND('',#1592,.T.);
#1719=FACE_BOUND('',#1593,.T.);
#1720=FACE_BOUND('',#1594,.T.);
#1721=FACE_BOUND('',#1595,.T.);
#1722=FACE_BOUND('',#1596,.T.);
#1723=FACE_BOUND('',#1597,.T.);
#1724=FACE_BOUND('',#1598,.T.);
#1725=FACE_BOUND('',#1599,.T.);
#1726=FACE_BOUND('',#1600,.T.);
#1727=FACE_BOUND('',#1601,.T.);
#1728=FACE_BOUND('',#1602,.T.);
#1729=FACE_BOUND('',#1603,.T.);
#1730=FACE_BOUND('',#1604,.T.);
#1731=FACE_BOUND('',#1605,.T.);
#1732=FACE_BOUND('',#1606,.T.);
#1733=FACE_BOUND('',#1607,.T.);
#1734=FACE_BOUND('',#1608,.T.);
#1735=FACE_BOUND('',#1609,.T.);
#1736=FACE_BOUND('',#1610,.T.);
#1737=FACE_BOUND('',#1611,.T.);
#1738=FACE_BOUND('',#1612,.T.);
#1739=FACE_BOUND('',#1613,.T.);
#1740=FACE_BOUND('',#1614,.T.);
#1741=FACE_BOUND('',#1615,.T.);
#1742=FACE_BOUND('',#1616,.T.);
#1743=FACE_BOUND('',#1617,.T.);
#1744=FACE_BOUND('',#1618,.T.);
#1745=FACE_BOUND('',#1619,.T.);
#1746=FACE_BOUND('',#1620,.T.);
#1747=FACE_BOUND('',#1621,.T.);
#1748=FACE_BOUND('',#1622,.T.);
#1749=FACE_BOUND('',#1623,.T.);
#1750=FACE_BOUND('',#1624,.T.);
#1751=FACE_BOUND('',#1625,.T.);
#1752=FACE_BOUND('',#1626,.T.);
#1753=FACE_BOUND('',#1627,.T.);
#1754=FACE_BOUND('',#1628,.T.);
#1755=FACE_BOUND('',#1629,.T.);
#1756=FACE_BOUND('',#1630,.T.);
#1757=FACE_BOUND('',#1631,.T.);
#1758=FACE_BOUND('',#1632,.T.);
#1759=FACE_BOUND('',#1633,.T.);
#1760=FACE_BOUND('',#1634,.T.);
#1761=FACE_BOUND('',#1635,.T.);
#1762=FACE_BOUND('',#1636,.T.);
#1763=FACE_BOUND('',#1637,.T.);
#1764=FACE_BOUND('',#1638,.T.);
#1765=FACE_BOUND('',#1639,.T.);
#1766=FACE_BOUND('',#1640,.T.);
#1767=FACE_BOUND('',#1641,.T.);
#1768=FACE_BOUND('',#1642,.T.);
#1769=FACE_BOUND('',#1643,.T.);
#1770=FACE_BOUND('',#1644,.T.);
#1771=FACE_BOUND('',#1645,.T.);
#1772=FACE_BOUND('',#1646,.T.);
#1773=FACE_BOUND('',#1647,.T.);
#1774=FACE_BOUND('',#1648,.T.);
#1775=FACE_BOUND('',#1649,.T.);
#1776=FACE_BOUND('',#1650,.T.);
#1777=FACE_BOUND('',#1651,.T.);
#1778=FACE_BOUND('',#1652,.T.);
#1779=FACE_BOUND('',#1653,.T.);
#1780=FACE_BOUND('',#1654,.T.);
#1781=FACE_BOUND('',#1655,.T.);
#1782=FACE_BOUND('',#1656,.T.);
#1783=FACE_BOUND('',#1657,.T.);
#1784=FACE_BOUND('',#1658,.T.);
#1785=FACE_BOUND('',#1659,.T.);
#1786=FACE_BOUND('',#1660,.T.);
#1787=FACE_BOUND('',#1661,.T.);
#1788=FACE_BOUND('',#1662,.T.);
#1789=FACE_BOUND('',#1663,.T.);
#1790=FACE_BOUND('',#1664,.T.);
#1791=FACE_BOUND('',#1665,.T.);
#1792=FACE_BOUND('',#1666,.T.);
#1793=FACE_BOUND('',#1667,.T.);
#1794=FACE_BOUND('',#1668,.T.);
#1795=FACE_BOUND('',#1669,.T.);
#1796=FACE_BOUND('',#1670,.T.);
#1797=FACE_BOUND('',#1671,.T.);
#1798=FACE_BOUND('',#1672,.T.);
#1799=FACE_BOUND('',#1673,.T.);
#1800=FACE_BOUND('',#1674,.T.);
#1801=FACE_BOUND('',#1675,.T.);
#1802=FACE_BOUND('',#1676,.T.);
#1803=FACE_BOUND('',#1677,.T.);
#1804=FACE_BOUND('',#1678,.T.);
#1805=FACE_BOUND('',#1679,.T.);
#1806=PLANE('',#2111);
#1807=PLANE('',#2112);
#1808=PLANE('',#2117);
#1809=PLANE('',#2118);
#1810=PLANE('',#2123);
#1811=PLANE('',#2124);
#1812=PLANE('',#2130);
#1813=PLANE('',#2131);
#1814=PLANE('',#2136);
#1815=PLANE('',#2137);
#1816=PLANE('',#2142);
#1817=PLANE('',#2143);
#1818=PLANE('',#2149);
#1819=PLANE('',#2150);
#1820=PLANE('',#2155);
#1821=PLANE('',#2156);
#1822=PLANE('',#2161);
#1823=PLANE('',#2162);
#1824=PLANE('',#2168);
#1825=PLANE('',#2169);
#1826=PLANE('',#2174);
#1827=PLANE('',#2175);
#1828=PLANE('',#2180);
#1829=PLANE('',#2181);
#1830=PLANE('',#2187);
#1831=PLANE('',#2188);
#1832=PLANE('',#2189);
#1833=PLANE('',#2190);
#1834=PLANE('',#2191);
#1835=PLANE('',#2192);
#1836=PLANE('',#2231);
#1837=PLANE('',#2232);
#1838=PLANE('',#2237);
#1839=PLANE('',#2238);
#1840=PLANE('',#2243);
#1841=PLANE('',#2244);
#1842=PLANE('',#2250);
#1843=PLANE('',#2251);
#1844=PLANE('',#2256);
#1845=PLANE('',#2257);
#1846=PLANE('',#2262);
#1847=PLANE('',#2263);
#1848=PLANE('',#2269);
#1849=PLANE('',#2270);
#1850=PLANE('',#2271);
#1851=PLANE('',#2272);
#1852=PLANE('',#2273);
#1853=PLANE('',#2274);
#1854=PLANE('',#2313);
#1855=PLANE('',#2314);
#1856=PLANE('',#2319);
#1857=PLANE('',#2320);
#1858=PLANE('',#2325);
#1859=PLANE('',#2326);
#1860=PLANE('',#2332);
#1861=PLANE('',#2333);
#1862=PLANE('',#2338);
#1863=PLANE('',#2339);
#1864=PLANE('',#2344);
#1865=PLANE('',#2345);
#1866=ADVANCED_FACE('',(#1680),#1806,.T.);
#1867=ADVANCED_FACE('',(#1681),#1807,.F.);
#1868=ADVANCED_FACE('',(#1682),#1808,.F.);
#1869=ADVANCED_FACE('',(#1683),#1809,.T.);
#1870=ADVANCED_FACE('',(#1684),#1810,.T.);
#1871=ADVANCED_FACE('',(#1685),#1811,.F.);
#1872=ADVANCED_FACE('',(#1686),#46,.T.);
#1873=ADVANCED_FACE('',(#1687),#47,.T.);
#1874=ADVANCED_FACE('',(#1688),#48,.T.);
#1875=ADVANCED_FACE('',(#1689),#49,.T.);
#1876=ADVANCED_FACE('',(#1690),#1812,.T.);
#1877=ADVANCED_FACE('',(#1691),#1813,.F.);
#1878=ADVANCED_FACE('',(#1692),#1814,.F.);
#1879=ADVANCED_FACE('',(#1693),#1815,.T.);
#1880=ADVANCED_FACE('',(#1694),#1816,.T.);
#1881=ADVANCED_FACE('',(#1695),#1817,.F.);
#1882=ADVANCED_FACE('',(#1696),#50,.T.);
#1883=ADVANCED_FACE('',(#1697),#51,.T.);
#1884=ADVANCED_FACE('',(#1698),#52,.T.);
#1885=ADVANCED_FACE('',(#1699),#53,.T.);
#1886=ADVANCED_FACE('',(#1700),#1818,.T.);
#1887=ADVANCED_FACE('',(#1701),#1819,.F.);
#1888=ADVANCED_FACE('',(#1702),#1820,.F.);
#1889=ADVANCED_FACE('',(#1703),#1821,.T.);
#1890=ADVANCED_FACE('',(#1704),#1822,.T.);
#1891=ADVANCED_FACE('',(#1705),#1823,.F.);
#1892=ADVANCED_FACE('',(#1706),#54,.T.);
#1893=ADVANCED_FACE('',(#1707),#55,.T.);
#1894=ADVANCED_FACE('',(#1708),#56,.T.);
#1895=ADVANCED_FACE('',(#1709),#57,.T.);
#1896=ADVANCED_FACE('',(#1710),#1824,.T.);
#1897=ADVANCED_FACE('',(#1711),#1825,.F.);
#1898=ADVANCED_FACE('',(#1712),#1826,.F.);
#1899=ADVANCED_FACE('',(#1713),#1827,.T.);
#1900=ADVANCED_FACE('',(#1714),#1828,.T.);
#1901=ADVANCED_FACE('',(#1715),#1829,.F.);
#1902=ADVANCED_FACE('',(#1716),#58,.T.);
#1903=ADVANCED_FACE('',(#1717),#59,.T.);
#1904=ADVANCED_FACE('',(#1718),#60,.T.);
#1905=ADVANCED_FACE('',(#1719),#61,.T.);
#1906=ADVANCED_FACE('',(#1720),#1830,.T.);
#1907=ADVANCED_FACE('',(#1721),#1831,.F.);
#1908=ADVANCED_FACE('',(#1722),#1832,.F.);
#1909=ADVANCED_FACE('',(#1723),#1833,.T.);
#1910=ADVANCED_FACE('',(#1724),#1834,.T.);
#1911=ADVANCED_FACE('',(#1725),#1835,.F.);
#1912=ADVANCED_FACE('',(#1726),#14,.T.);
#1913=ADVANCED_FACE('',(#1727),#62,.T.);
#1914=ADVANCED_FACE('',(#1728),#63,.T.);
#1915=ADVANCED_FACE('',(#1729),#64,.T.);
#1916=ADVANCED_FACE('',(#1730),#65,.T.);
#1917=ADVANCED_FACE('',(#1731),#66,.T.);
#1918=ADVANCED_FACE('',(#1732),#15,.T.);
#1919=ADVANCED_FACE('',(#1733),#16,.T.);
#1920=ADVANCED_FACE('',(#1734),#17,.T.);
#1921=ADVANCED_FACE('',(#1735),#67,.T.);
#1922=ADVANCED_FACE('',(#1736),#68,.T.);
#1923=ADVANCED_FACE('',(#1737),#69,.T.);
#1924=ADVANCED_FACE('',(#1738),#70,.T.);
#1925=ADVANCED_FACE('',(#1739),#71,.T.);
#1926=ADVANCED_FACE('',(#1740),#18,.T.);
#1927=ADVANCED_FACE('',(#1741),#19,.T.);
#1928=ADVANCED_FACE('',(#1742),#72,.T.);
#1929=ADVANCED_FACE('',(#1743),#1836,.T.);
#1930=ADVANCED_FACE('',(#1744),#1837,.F.);
#1931=ADVANCED_FACE('',(#1745),#1838,.F.);
#1932=ADVANCED_FACE('',(#1746),#1839,.T.);
#1933=ADVANCED_FACE('',(#1747),#1840,.T.);
#1934=ADVANCED_FACE('',(#1748),#1841,.F.);
#1935=ADVANCED_FACE('',(#1749),#73,.T.);
#1936=ADVANCED_FACE('',(#1750),#74,.T.);
#1937=ADVANCED_FACE('',(#1751),#75,.T.);
#1938=ADVANCED_FACE('',(#1752),#76,.T.);
#1939=ADVANCED_FACE('',(#1753),#1842,.T.);
#1940=ADVANCED_FACE('',(#1754),#1843,.F.);
#1941=ADVANCED_FACE('',(#1755),#1844,.F.);
#1942=ADVANCED_FACE('',(#1756),#1845,.T.);
#1943=ADVANCED_FACE('',(#1757),#1846,.T.);
#1944=ADVANCED_FACE('',(#1758),#1847,.F.);
#1945=ADVANCED_FACE('',(#1759),#77,.T.);
#1946=ADVANCED_FACE('',(#1760),#78,.T.);
#1947=ADVANCED_FACE('',(#1761),#79,.T.);
#1948=ADVANCED_FACE('',(#1762),#80,.T.);
#1949=ADVANCED_FACE('',(#1763),#1848,.T.);
#1950=ADVANCED_FACE('',(#1764),#1849,.F.);
#1951=ADVANCED_FACE('',(#1765),#1850,.F.);
#1952=ADVANCED_FACE('',(#1766),#1851,.T.);
#1953=ADVANCED_FACE('',(#1767),#1852,.T.);
#1954=ADVANCED_FACE('',(#1768),#1853,.F.);
#1955=ADVANCED_FACE('',(#1769),#81,.T.);
#1956=ADVANCED_FACE('',(#1770),#20,.T.);
#1957=ADVANCED_FACE('',(#1771),#82,.T.);
#1958=ADVANCED_FACE('',(#1772),#83,.T.);
#1959=ADVANCED_FACE('',(#1773),#84,.T.);
#1960=ADVANCED_FACE('',(#1774),#85,.T.);
#1961=ADVANCED_FACE('',(#1775),#86,.T.);
#1962=ADVANCED_FACE('',(#1776),#21,.T.);
#1963=ADVANCED_FACE('',(#1777),#22,.T.);
#1964=ADVANCED_FACE('',(#1778),#23,.T.);
#1965=ADVANCED_FACE('',(#1779),#87,.T.);
#1966=ADVANCED_FACE('',(#1780),#88,.T.);
#1967=ADVANCED_FACE('',(#1781),#89,.T.);
#1968=ADVANCED_FACE('',(#1782),#90,.T.);
#1969=ADVANCED_FACE('',(#1783),#24,.T.);
#1970=ADVANCED_FACE('',(#1784),#25,.T.);
#1971=ADVANCED_FACE('',(#1785),#91,.T.);
#1972=ADVANCED_FACE('',(#1786),#1854,.T.);
#1973=ADVANCED_FACE('',(#1787),#1855,.F.);
#1974=ADVANCED_FACE('',(#1788),#1856,.F.);
#1975=ADVANCED_FACE('',(#1789),#1857,.T.);
#1976=ADVANCED_FACE('',(#1790),#1858,.T.);
#1977=ADVANCED_FACE('',(#1791),#1859,.F.);
#1978=ADVANCED_FACE('',(#1792),#92,.T.);
#1979=ADVANCED_FACE('',(#1793),#93,.T.);
#1980=ADVANCED_FACE('',(#1794),#94,.T.);
#1981=ADVANCED_FACE('',(#1795),#95,.T.);
#1982=ADVANCED_FACE('',(#1796),#1860,.T.);
#1983=ADVANCED_FACE('',(#1797),#1861,.F.);
#1984=ADVANCED_FACE('',(#1798),#1862,.F.);
#1985=ADVANCED_FACE('',(#1799),#1863,.T.);
#1986=ADVANCED_FACE('',(#1800),#1864,.T.);
#1987=ADVANCED_FACE('',(#1801),#1865,.F.);
#1988=ADVANCED_FACE('',(#1802),#96,.T.);
#1989=ADVANCED_FACE('',(#1803),#97,.T.);
#1990=ADVANCED_FACE('',(#1804),#98,.T.);
#1991=ADVANCED_FACE('',(#1805),#99,.T.);
#1992=CLOSED_SHELL('',(#1866,#1867,#1868,#1869,#1870,#1871,#1872,#1873,
#1874,#1875));
#1993=CLOSED_SHELL('',(#1876,#1877,#1878,#1879,#1880,#1881,#1882,#1883,
#1884,#1885));
#1994=CLOSED_SHELL('',(#1886,#1887,#1888,#1889,#1890,#1891,#1892,#1893,
#1894,#1895));
#1995=CLOSED_SHELL('',(#1896,#1897,#1898,#1899,#1900,#1901,#1902,#1903,
#1904,#1905));
#1996=CLOSED_SHELL('',(#1906,#1907,#1908,#1909,#1910,#1911,#1912,#1913,
#1914,#1915,#1916,#1917,#1918,#1919,#1920,#1921,#1922,#1923,#1924,#1925,
#1926,#1927,#1928));
#1997=CLOSED_SHELL('',(#1929,#1930,#1931,#1932,#1933,#1934,#1935,#1936,
#1937,#1938));
#1998=CLOSED_SHELL('',(#1939,#1940,#1941,#1942,#1943,#1944,#1945,#1946,
#1947,#1948));
#1999=CLOSED_SHELL('',(#1949,#1950,#1951,#1952,#1953,#1954,#1955,#1956,
#1957,#1958,#1959,#1960,#1961,#1962,#1963,#1964,#1965,#1966,#1967,#1968,
#1969,#1970,#1971));
#2000=CLOSED_SHELL('',(#1972,#1973,#1974,#1975,#1976,#1977,#1978,#1979,
#1980,#1981));
#2001=CLOSED_SHELL('',(#1982,#1983,#1984,#1985,#1986,#1987,#1988,#1989,
#1990,#1991));
#2002=STYLED_ITEM('',(#2012),#2080);
#2003=STYLED_ITEM('',(#2013),#2081);
#2004=STYLED_ITEM('',(#2014),#2082);
#2005=STYLED_ITEM('',(#2015),#2083);
#2006=STYLED_ITEM('',(#2016),#2084);
#2007=STYLED_ITEM('',(#2017),#2085);
#2008=STYLED_ITEM('',(#2018),#2086);
#2009=STYLED_ITEM('',(#2019),#2087);
#2010=STYLED_ITEM('',(#2020),#2088);
#2011=STYLED_ITEM('',(#2021),#2089);
#2012=PRESENTATION_STYLE_ASSIGNMENT((#2022));
#2013=PRESENTATION_STYLE_ASSIGNMENT((#2023));
#2014=PRESENTATION_STYLE_ASSIGNMENT((#2024));
#2015=PRESENTATION_STYLE_ASSIGNMENT((#2025));
#2016=PRESENTATION_STYLE_ASSIGNMENT((#2026));
#2017=PRESENTATION_STYLE_ASSIGNMENT((#2027));
#2018=PRESENTATION_STYLE_ASSIGNMENT((#2028));
#2019=PRESENTATION_STYLE_ASSIGNMENT((#2029));
#2020=PRESENTATION_STYLE_ASSIGNMENT((#2030));
#2021=PRESENTATION_STYLE_ASSIGNMENT((#2031));
#2022=SURFACE_STYLE_USAGE(.BOTH.,#2032);
#2023=SURFACE_STYLE_USAGE(.BOTH.,#2033);
#2024=SURFACE_STYLE_USAGE(.BOTH.,#2034);
#2025=SURFACE_STYLE_USAGE(.BOTH.,#2035);
#2026=SURFACE_STYLE_USAGE(.BOTH.,#2036);
#2027=SURFACE_STYLE_USAGE(.BOTH.,#2037);
#2028=SURFACE_STYLE_USAGE(.BOTH.,#2038);
#2029=SURFACE_STYLE_USAGE(.BOTH.,#2039);
#2030=SURFACE_STYLE_USAGE(.BOTH.,#2040);
#2031=SURFACE_STYLE_USAGE(.BOTH.,#2041);
#2032=SURFACE_SIDE_STYLE('',(#2042));
#2033=SURFACE_SIDE_STYLE('',(#2043));
#2034=SURFACE_SIDE_STYLE('',(#2044));
#2035=SURFACE_SIDE_STYLE('',(#2045));
#2036=SURFACE_SIDE_STYLE('',(#2046));
#2037=SURFACE_SIDE_STYLE('',(#2047));
#2038=SURFACE_SIDE_STYLE('',(#2048));
#2039=SURFACE_SIDE_STYLE('',(#2049));
#2040=SURFACE_SIDE_STYLE('',(#2050));
#2041=SURFACE_SIDE_STYLE('',(#2051));
#2042=SURFACE_STYLE_FILL_AREA(#2052);
#2043=SURFACE_STYLE_FILL_AREA(#2053);
#2044=SURFACE_STYLE_FILL_AREA(#2054);
#2045=SURFACE_STYLE_FILL_AREA(#2055);
#2046=SURFACE_STYLE_FILL_AREA(#2056);
#2047=SURFACE_STYLE_FILL_AREA(#2057);
#2048=SURFACE_STYLE_FILL_AREA(#2058);
#2049=SURFACE_STYLE_FILL_AREA(#2059);
#2050=SURFACE_STYLE_FILL_AREA(#2060);
#2051=SURFACE_STYLE_FILL_AREA(#2061);
#2052=FILL_AREA_STYLE('',(#2062));
#2053=FILL_AREA_STYLE('',(#2063));
#2054=FILL_AREA_STYLE('',(#2064));
#2055=FILL_AREA_STYLE('',(#2065));
#2056=FILL_AREA_STYLE('',(#2066));
#2057=FILL_AREA_STYLE('',(#2067));
#2058=FILL_AREA_STYLE('',(#2068));
#2059=FILL_AREA_STYLE('',(#2069));
#2060=FILL_AREA_STYLE('',(#2070));
#2061=FILL_AREA_STYLE('',(#2071));
#2062=FILL_AREA_STYLE_COLOUR('',#2072);
#2063=FILL_AREA_STYLE_COLOUR('',#2073);
#2064=FILL_AREA_STYLE_COLOUR('',#2074);
#2065=FILL_AREA_STYLE_COLOUR('',#2075);
#2066=FILL_AREA_STYLE_COLOUR('',#2072);
#2067=FILL_AREA_STYLE_COLOUR('',#2076);
#2068=FILL_AREA_STYLE_COLOUR('',#2077);
#2069=FILL_AREA_STYLE_COLOUR('',#2075);
#2070=FILL_AREA_STYLE_COLOUR('',#2078);
#2071=FILL_AREA_STYLE_COLOUR('',#2079);
#2072=COLOUR_RGB('',0.615686274509804,0.811764705882353,0.929411764705882);
#2073=COLOUR_RGB('',0.231372549019608,0.380392156862745,0.705882352941177);
#2074=COLOUR_RGB('',0.498039215686275,0.498039215686275,0.498039215686275);
#2075=COLOUR_RGB('',0.647058823529412,0.647058823529412,0.647058823529412);
#2076=COLOUR_RGB('',0.917647058823529,0.917647058823529,0.917647058823529);
#2077=COLOUR_RGB('',0.980392156862745,0.713725490196078,0.00392156862745098);
#2078=COLOUR_RGB('',0.768627450980392,0.886274509803922,0.952941176470588);
#2079=COLOUR_RGB('',0.972549019607843,0.529411764705882,0.00392156862745098);
#2080=MANIFOLD_SOLID_BREP('Part 9',#1992);
#2081=MANIFOLD_SOLID_BREP('Part 3',#1993);
#2082=MANIFOLD_SOLID_BREP('Part 7',#1994);
#2083=MANIFOLD_SOLID_BREP('Part 10',#1995);
#2084=MANIFOLD_SOLID_BREP('Part 1',#1996);
#2085=MANIFOLD_SOLID_BREP('Part 4',#1997);
#2086=MANIFOLD_SOLID_BREP('Part 8',#1998);
#2087=MANIFOLD_SOLID_BREP('Part 2',#1999);
#2088=MANIFOLD_SOLID_BREP('Part 5',#2000);
#2089=MANIFOLD_SOLID_BREP('Part 6',#2001);
#2090=SHAPE_DEFINITION_REPRESENTATION(#3650,#2100);
#2091=SHAPE_DEFINITION_REPRESENTATION(#3651,#2101);
#2092=SHAPE_DEFINITION_REPRESENTATION(#3652,#2102);
#2093=SHAPE_DEFINITION_REPRESENTATION(#3653,#2103);
#2094=SHAPE_DEFINITION_REPRESENTATION(#3654,#2104);
#2095=SHAPE_DEFINITION_REPRESENTATION(#3655,#2105);
#2096=SHAPE_DEFINITION_REPRESENTATION(#3656,#2106);
#2097=SHAPE_DEFINITION_REPRESENTATION(#3657,#2107);
#2098=SHAPE_DEFINITION_REPRESENTATION(#3658,#2108);
#2099=SHAPE_DEFINITION_REPRESENTATION(#3659,#2109);
#2100=SHAPE_REPRESENTATION('Part 9',(#2110),#3600);
#2101=SHAPE_REPRESENTATION('Part 3',(#2129),#3601);
#2102=SHAPE_REPRESENTATION('Part 7',(#2148),#3602);
#2103=SHAPE_REPRESENTATION('Part 10',(#2167),#3603);
#2104=SHAPE_REPRESENTATION('Part 1',(#2186),#3604);
#2105=SHAPE_REPRESENTATION('Part 4',(#2230),#3605);
#2106=SHAPE_REPRESENTATION('Part 8',(#2249),#3606);
#2107=SHAPE_REPRESENTATION('Part 2',(#2268),#3607);
#2108=SHAPE_REPRESENTATION('Part 5',(#2312),#3608);
#2109=SHAPE_REPRESENTATION('Part 6',(#2331),#3609);
#2110=AXIS2_PLACEMENT_3D('',#3004,#2350,#2351);
#2111=AXIS2_PLACEMENT_3D('',#3005,#2352,#2353);
#2112=AXIS2_PLACEMENT_3D('',#3014,#2358,#2359);
#2113=AXIS2_PLACEMENT_3D('',#3015,#2360,#2361);
#2114=AXIS2_PLACEMENT_3D('',#3019,#2363,#2364);
#2115=AXIS2_PLACEMENT_3D('',#3023,#2366,#2367);
#2116=AXIS2_PLACEMENT_3D('',#3027,#2369,#2370);
#2117=AXIS2_PLACEMENT_3D('',#3028,#2371,#2372);
#2118=AXIS2_PLACEMENT_3D('',#3034,#2376,#2377);
#2119=AXIS2_PLACEMENT_3D('',#3038,#2379,#2380);
#2120=AXIS2_PLACEMENT_3D('',#3039,#2381,#2382);
#2121=AXIS2_PLACEMENT_3D('',#3043,#2384,#2385);
#2122=AXIS2_PLACEMENT_3D('',#3044,#2386,#2387);
#2123=AXIS2_PLACEMENT_3D('',#3045,#2388,#2389);
#2124=AXIS2_PLACEMENT_3D('',#3048,#2392,#2393);
#2125=AXIS2_PLACEMENT_3D('',#3051,#2396,#2397);
#2126=AXIS2_PLACEMENT_3D('',#3052,#2398,#2399);
#2127=AXIS2_PLACEMENT_3D('',#3053,#2400,#2401);
#2128=AXIS2_PLACEMENT_3D('',#3054,#2402,#2403);
#2129=AXIS2_PLACEMENT_3D('',#3055,#2404,#2405);
#2130=AXIS2_PLACEMENT_3D('',#3056,#2406,#2407);
#2131=AXIS2_PLACEMENT_3D('',#3065,#2412,#2413);
#2132=AXIS2_PLACEMENT_3D('',#3066,#2414,#2415);
#2133=AXIS2_PLACEMENT_3D('',#3070,#2417,#2418);
#2134=AXIS2_PLACEMENT_3D('',#3074,#2420,#2421);
#2135=AXIS2_PLACEMENT_3D('',#3078,#2423,#2424);
#2136=AXIS2_PLACEMENT_3D('',#3079,#2425,#2426);
#2137=AXIS2_PLACEMENT_3D('',#3085,#2430,#2431);
#2138=AXIS2_PLACEMENT_3D('',#3089,#2433,#2434);
#2139=AXIS2_PLACEMENT_3D('',#3090,#2435,#2436);
#2140=AXIS2_PLACEMENT_3D('',#3094,#2438,#2439);
#2141=AXIS2_PLACEMENT_3D('',#3095,#2440,#2441);
#2142=AXIS2_PLACEMENT_3D('',#3096,#2442,#2443);
#2143=AXIS2_PLACEMENT_3D('',#3099,#2446,#2447);
#2144=AXIS2_PLACEMENT_3D('',#3102,#2450,#2451);
#2145=AXIS2_PLACEMENT_3D('',#3103,#2452,#2453);
#2146=AXIS2_PLACEMENT_3D('',#3104,#2454,#2455);
#2147=AXIS2_PLACEMENT_3D('',#3105,#2456,#2457);
#2148=AXIS2_PLACEMENT_3D('',#3106,#2458,#2459);
#2149=AXIS2_PLACEMENT_3D('',#3107,#2460,#2461);
#2150=AXIS2_PLACEMENT_3D('',#3116,#2466,#2467);
#2151=AXIS2_PLACEMENT_3D('',#3117,#2468,#2469);
#2152=AXIS2_PLACEMENT_3D('',#3121,#2471,#2472);
#2153=AXIS2_PLACEMENT_3D('',#3125,#2474,#2475);
#2154=AXIS2_PLACEMENT_3D('',#3129,#2477,#2478);
#2155=AXIS2_PLACEMENT_3D('',#3130,#2479,#2480);
#2156=AXIS2_PLACEMENT_3D('',#3136,#2484,#2485);
#2157=AXIS2_PLACEMENT_3D('',#3140,#2487,#2488);
#2158=AXIS2_PLACEMENT_3D('',#3141,#2489,#2490);
#2159=AXIS2_PLACEMENT_3D('',#3145,#2492,#2493);
#2160=AXIS2_PLACEMENT_3D('',#3146,#2494,#2495);
#2161=AXIS2_PLACEMENT_3D('',#3147,#2496,#2497);
#2162=AXIS2_PLACEMENT_3D('',#3150,#2500,#2501);
#2163=AXIS2_PLACEMENT_3D('',#3153,#2504,#2505);
#2164=AXIS2_PLACEMENT_3D('',#3154,#2506,#2507);
#2165=AXIS2_PLACEMENT_3D('',#3155,#2508,#2509);
#2166=AXIS2_PLACEMENT_3D('',#3156,#2510,#2511);
#2167=AXIS2_PLACEMENT_3D('',#3157,#2512,#2513);
#2168=AXIS2_PLACEMENT_3D('',#3158,#2514,#2515);
#2169=AXIS2_PLACEMENT_3D('',#3167,#2520,#2521);
#2170=AXIS2_PLACEMENT_3D('',#3171,#2523,#2524);
#2171=AXIS2_PLACEMENT_3D('',#3175,#2526,#2527);
#2172=AXIS2_PLACEMENT_3D('',#3179,#2529,#2530);
#2173=AXIS2_PLACEMENT_3D('',#3180,#2531,#2532);
#2174=AXIS2_PLACEMENT_3D('',#3181,#2533,#2534);
#2175=AXIS2_PLACEMENT_3D('',#3187,#2538,#2539);
#2176=AXIS2_PLACEMENT_3D('',#3188,#2540,#2541);
#2177=AXIS2_PLACEMENT_3D('',#3192,#2543,#2544);
#2178=AXIS2_PLACEMENT_3D('',#3193,#2545,#2546);
#2179=AXIS2_PLACEMENT_3D('',#3197,#2548,#2549);
#2180=AXIS2_PLACEMENT_3D('',#3198,#2550,#2551);
#2181=AXIS2_PLACEMENT_3D('',#3201,#2554,#2555);
#2182=AXIS2_PLACEMENT_3D('',#3204,#2558,#2559);
#2183=AXIS2_PLACEMENT_3D('',#3205,#2560,#2561);
#2184=AXIS2_PLACEMENT_3D('',#3206,#2562,#2563);
#2185=AXIS2_PLACEMENT_3D('',#3207,#2564,#2565);
#2186=AXIS2_PLACEMENT_3D('',#3208,#2566,#2567);
#2187=AXIS2_PLACEMENT_3D('',#3209,#2568,#2569);
#2188=AXIS2_PLACEMENT_3D('',#3218,#2574,#2575);
#2189=AXIS2_PLACEMENT_3D('',#3227,#2580,#2581);
#2190=AXIS2_PLACEMENT_3D('',#3236,#2586,#2587);
#2191=AXIS2_PLACEMENT_3D('',#3245,#2592,#2593);
#2192=AXIS2_PLACEMENT_3D('',#3254,#2598,#2599);
#2193=AXIS2_PLACEMENT_3D('',#3260,#2603,#2604);
#2194=AXIS2_PLACEMENT_3D('',#3261,#2605,#2606);
#2195=AXIS2_PLACEMENT_3D('',#3262,#2607,#2608);
#2196=AXIS2_PLACEMENT_3D('',#3263,#2609,#2610);
#2197=AXIS2_PLACEMENT_3D('',#3264,#2611,#2612);
#2198=AXIS2_PLACEMENT_3D('',#3265,#2613,#2614);
#2199=AXIS2_PLACEMENT_3D('',#3266,#2615,#2616);
#2200=AXIS2_PLACEMENT_3D('',#3267,#2617,#2618);
#2201=AXIS2_PLACEMENT_3D('',#3268,#2619,#2620);
#2202=AXIS2_PLACEMENT_3D('',#3269,#2621,#2622);
#2203=AXIS2_PLACEMENT_3D('',#3270,#2623,#2624);
#2204=AXIS2_PLACEMENT_3D('',#3271,#2625,#2626);
#2205=AXIS2_PLACEMENT_3D('',#3272,#2627,#2628);
#2206=AXIS2_PLACEMENT_3D('',#3273,#2629,#2630);
#2207=AXIS2_PLACEMENT_3D('',#3274,#2631,#2632);
#2208=AXIS2_PLACEMENT_3D('',#3275,#2633,#2634);
#2209=AXIS2_PLACEMENT_3D('',#3276,#2635,#2636);
#2210=AXIS2_PLACEMENT_3D('',#3277,#2637,#2638);
#2211=AXIS2_PLACEMENT_3D('',#3278,#2639,#2640);
#2212=AXIS2_PLACEMENT_3D('',#3279,#2641,#2642);
#2213=AXIS2_PLACEMENT_3D('',#3280,#2643,#2644);
#2214=AXIS2_PLACEMENT_3D('',#3281,#2645,#2646);
#2215=AXIS2_PLACEMENT_3D('',#3282,#2647,#2648);
#2216=AXIS2_PLACEMENT_3D('',#3283,#2649,#2650);
#2217=AXIS2_PLACEMENT_3D('',#3284,#2651,#2652);
#2218=AXIS2_PLACEMENT_3D('',#3285,#2653,#2654);
#2219=AXIS2_PLACEMENT_3D('',#3286,#2655,#2656);
#2220=AXIS2_PLACEMENT_3D('',#3287,#2657,#2658);
#2221=AXIS2_PLACEMENT_3D('',#3288,#2659,#2660);
#2222=AXIS2_PLACEMENT_3D('',#3289,#2661,#2662);
#2223=AXIS2_PLACEMENT_3D('',#3290,#2663,#2664);
#2224=AXIS2_PLACEMENT_3D('',#3291,#2665,#2666);
#2225=AXIS2_PLACEMENT_3D('',#3292,#2667,#2668);
#2226=AXIS2_PLACEMENT_3D('',#3293,#2669,#2670);
#2227=AXIS2_PLACEMENT_3D('',#3294,#2671,#2672);
#2228=AXIS2_PLACEMENT_3D('',#3295,#2673,#2674);
#2229=AXIS2_PLACEMENT_3D('',#3296,#2675,#2676);
#2230=AXIS2_PLACEMENT_3D('',#3297,#2677,#2678);
#2231=AXIS2_PLACEMENT_3D('',#3298,#2679,#2680);
#2232=AXIS2_PLACEMENT_3D('',#3307,#2685,#2686);
#2233=AXIS2_PLACEMENT_3D('',#3308,#2687,#2688);
#2234=AXIS2_PLACEMENT_3D('',#3312,#2690,#2691);
#2235=AXIS2_PLACEMENT_3D('',#3316,#2693,#2694);
#2236=AXIS2_PLACEMENT_3D('',#3320,#2696,#2697);
#2237=AXIS2_PLACEMENT_3D('',#3321,#2698,#2699);
#2238=AXIS2_PLACEMENT_3D('',#3327,#2703,#2704);
#2239=AXIS2_PLACEMENT_3D('',#3331,#2706,#2707);
#2240=AXIS2_PLACEMENT_3D('',#3332,#2708,#2709);
#2241=AXIS2_PLACEMENT_3D('',#3336,#2711,#2712);
#2242=AXIS2_PLACEMENT_3D('',#3337,#2713,#2714);
#2243=AXIS2_PLACEMENT_3D('',#3338,#2715,#2716);
#2244=AXIS2_PLACEMENT_3D('',#3341,#2719,#2720);
#2245=AXIS2_PLACEMENT_3D('',#3344,#2723,#2724);
#2246=AXIS2_PLACEMENT_3D('',#3345,#2725,#2726);
#2247=AXIS2_PLACEMENT_3D('',#3346,#2727,#2728);
#2248=AXIS2_PLACEMENT_3D('',#3347,#2729,#2730);
#2249=AXIS2_PLACEMENT_3D('',#3348,#2731,#2732);
#2250=AXIS2_PLACEMENT_3D('',#3349,#2733,#2734);
#2251=AXIS2_PLACEMENT_3D('',#3358,#2739,#2740);
#2252=AXIS2_PLACEMENT_3D('',#3359,#2741,#2742);
#2253=AXIS2_PLACEMENT_3D('',#3363,#2744,#2745);
#2254=AXIS2_PLACEMENT_3D('',#3367,#2747,#2748);
#2255=AXIS2_PLACEMENT_3D('',#3371,#2750,#2751);
#2256=AXIS2_PLACEMENT_3D('',#3372,#2752,#2753);
#2257=AXIS2_PLACEMENT_3D('',#3378,#2757,#2758);
#2258=AXIS2_PLACEMENT_3D('',#3382,#2760,#2761);
#2259=AXIS2_PLACEMENT_3D('',#3383,#2762,#2763);
#2260=AXIS2_PLACEMENT_3D('',#3387,#2765,#2766);
#2261=AXIS2_PLACEMENT_3D('',#3388,#2767,#2768);
#2262=AXIS2_PLACEMENT_3D('',#3389,#2769,#2770);
#2263=AXIS2_PLACEMENT_3D('',#3392,#2773,#2774);
#2264=AXIS2_PLACEMENT_3D('',#3395,#2777,#2778);
#2265=AXIS2_PLACEMENT_3D('',#3396,#2779,#2780);
#2266=AXIS2_PLACEMENT_3D('',#3397,#2781,#2782);
#2267=AXIS2_PLACEMENT_3D('',#3398,#2783,#2784);
#2268=AXIS2_PLACEMENT_3D('',#3399,#2785,#2786);
#2269=AXIS2_PLACEMENT_3D('',#3400,#2787,#2788);
#2270=AXIS2_PLACEMENT_3D('',#3409,#2793,#2794);
#2271=AXIS2_PLACEMENT_3D('',#3418,#2799,#2800);
#2272=AXIS2_PLACEMENT_3D('',#3427,#2805,#2806);
#2273=AXIS2_PLACEMENT_3D('',#3436,#2811,#2812);
#2274=AXIS2_PLACEMENT_3D('',#3445,#2817,#2818);
#2275=AXIS2_PLACEMENT_3D('',#3451,#2822,#2823);
#2276=AXIS2_PLACEMENT_3D('',#3452,#2824,#2825);
#2277=AXIS2_PLACEMENT_3D('',#3453,#2826,#2827);
#2278=AXIS2_PLACEMENT_3D('',#3454,#2828,#2829);
#2279=AXIS2_PLACEMENT_3D('',#3455,#2830,#2831);
#2280=AXIS2_PLACEMENT_3D('',#3456,#2832,#2833);
#2281=AXIS2_PLACEMENT_3D('',#3457,#2834,#2835);
#2282=AXIS2_PLACEMENT_3D('',#3458,#2836,#2837);
#2283=AXIS2_PLACEMENT_3D('',#3459,#2838,#2839);
#2284=AXIS2_PLACEMENT_3D('',#3460,#2840,#2841);
#2285=AXIS2_PLACEMENT_3D('',#3461,#2842,#2843);
#2286=AXIS2_PLACEMENT_3D('',#3462,#2844,#2845);
#2287=AXIS2_PLACEMENT_3D('',#3463,#2846,#2847);
#2288=AXIS2_PLACEMENT_3D('',#3464,#2848,#2849);
#2289=AXIS2_PLACEMENT_3D('',#3465,#2850,#2851);
#2290=AXIS2_PLACEMENT_3D('',#3466,#2852,#2853);
#2291=AXIS2_PLACEMENT_3D('',#3467,#2854,#2855);
#2292=AXIS2_PLACEMENT_3D('',#3468,#2856,#2857);
#2293=AXIS2_PLACEMENT_3D('',#3469,#2858,#2859);
#2294=AXIS2_PLACEMENT_3D('',#3470,#2860,#2861);
#2295=AXIS2_PLACEMENT_3D('',#3471,#2862,#2863);
#2296=AXIS2_PLACEMENT_3D('',#3472,#2864,#2865);
#2297=AXIS2_PLACEMENT_3D('',#3473,#2866,#2867);
#2298=AXIS2_PLACEMENT_3D('',#3474,#2868,#2869);
#2299=AXIS2_PLACEMENT_3D('',#3475,#2870,#2871);
#2300=AXIS2_PLACEMENT_3D('',#3476,#2872,#2873);
#2301=AXIS2_PLACEMENT_3D('',#3477,#2874,#2875);
#2302=AXIS2_PLACEMENT_3D('',#3478,#2876,#2877);
#2303=AXIS2_PLACEMENT_3D('',#3479,#2878,#2879);
#2304=AXIS2_PLACEMENT_3D('',#3480,#2880,#2881);
#2305=AXIS2_PLACEMENT_3D('',#3481,#2882,#2883);
#2306=AXIS2_PLACEMENT_3D('',#3482,#2884,#2885);
#2307=AXIS2_PLACEMENT_3D('',#3483,#2886,#2887);
#2308=AXIS2_PLACEMENT_3D('',#3484,#2888,#2889);
#2309=AXIS2_PLACEMENT_3D('',#3485,#2890,#2891);
#2310=AXIS2_PLACEMENT_3D('',#3486,#2892,#2893);
#2311=AXIS2_PLACEMENT_3D('',#3487,#2894,#2895);
#2312=AXIS2_PLACEMENT_3D('',#3488,#2896,#2897);
#2313=AXIS2_PLACEMENT_3D('',#3489,#2898,#2899);
#2314=AXIS2_PLACEMENT_3D('',#3498,#2904,#2905);
#2315=AXIS2_PLACEMENT_3D('',#3499,#2906,#2907);
#2316=AXIS2_PLACEMENT_3D('',#3503,#2909,#2910);
#2317=AXIS2_PLACEMENT_3D('',#3507,#2912,#2913);
#2318=AXIS2_PLACEMENT_3D('',#3511,#2915,#2916);
#2319=AXIS2_PLACEMENT_3D('',#3512,#2917,#2918);
#2320=AXIS2_PLACEMENT_3D('',#3518,#2922,#2923);
#2321=AXIS2_PLACEMENT_3D('',#3522,#2925,#2926);
#2322=AXIS2_PLACEMENT_3D('',#3523,#2927,#2928);
#2323=AXIS2_PLACEMENT_3D('',#3527,#2930,#2931);
#2324=AXIS2_PLACEMENT_3D('',#3528,#2932,#2933);
#2325=AXIS2_PLACEMENT_3D('',#3529,#2934,#2935);
#2326=AXIS2_PLACEMENT_3D('',#3532,#2938,#2939);
#2327=AXIS2_PLACEMENT_3D('',#3535,#2942,#2943);
#2328=AXIS2_PLACEMENT_3D('',#3536,#2944,#2945);
#2329=AXIS2_PLACEMENT_3D('',#3537,#2946,#2947);
#2330=AXIS2_PLACEMENT_3D('',#3538,#2948,#2949);
#2331=AXIS2_PLACEMENT_3D('',#3539,#2950,#2951);
#2332=AXIS2_PLACEMENT_3D('',#3540,#2952,#2953);
#2333=AXIS2_PLACEMENT_3D('',#3549,#2958,#2959);
#2334=AXIS2_PLACEMENT_3D('',#3550,#2960,#2961);
#2335=AXIS2_PLACEMENT_3D('',#3554,#2963,#2964);
#2336=AXIS2_PLACEMENT_3D('',#3558,#2966,#2967);
#2337=AXIS2_PLACEMENT_3D('',#3562,#2969,#2970);
#2338=AXIS2_PLACEMENT_3D('',#3563,#2971,#2972);
#2339=AXIS2_PLACEMENT_3D('',#3569,#2976,#2977);
#2340=AXIS2_PLACEMENT_3D('',#3573,#2979,#2980);
#2341=AXIS2_PLACEMENT_3D('',#3574,#2981,#2982);
#2342=AXIS2_PLACEMENT_3D('',#3578,#2984,#2985);
#2343=AXIS2_PLACEMENT_3D('',#3579,#2986,#2987);
#2344=AXIS2_PLACEMENT_3D('',#3580,#2988,#2989);
#2345=AXIS2_PLACEMENT_3D('',#3583,#2992,#2993);
#2346=AXIS2_PLACEMENT_3D('',#3586,#2996,#2997);
#2347=AXIS2_PLACEMENT_3D('',#3587,#2998,#2999);
#2348=AXIS2_PLACEMENT_3D('',#3588,#3000,#3001);
#2349=AXIS2_PLACEMENT_3D('',#3589,#3002,#3003);
#2350=DIRECTION('',(0.,0.,1.));
#2351=DIRECTION('',(1.,0.,0.));
#2352=DIRECTION('',(0.,1.,0.));
#2353=DIRECTION('',(0.,0.,1.));
#2354=DIRECTION('',(0.,0.,-1.));
#2355=DIRECTION('',(1.,0.,0.));
#2356=DIRECTION('',(0.,0.,-1.));
#2357=DIRECTION('',(1.,0.,0.));
#2358=DIRECTION('',(1.,0.,0.));
#2359=DIRECTION('',(0.,0.,-1.));
#2360=DIRECTION('',(1.,0.,0.));
#2361=DIRECTION('',(0.,0.,-1.));
#2362=DIRECTION('',(0.,-1.,0.));
#2363=DIRECTION('',(1.,0.,0.));
#2364=DIRECTION('',(0.,0.,-1.));
#2365=DIRECTION('',(0.,0.,-1.));
#2366=DIRECTION('',(1.,0.,0.));
#2367=DIRECTION('',(0.,0.,-1.));
#2368=DIRECTION('',(0.,-1.,0.));
#2369=DIRECTION('',(1.,0.,0.));
#2370=DIRECTION('',(0.,0.,-1.));
#2371=DIRECTION('',(0.,1.,0.));
#2372=DIRECTION('',(0.,0.,1.));
#2373=DIRECTION('',(1.,0.,0.));
#2374=DIRECTION('',(0.,0.,-1.));
#2375=DIRECTION('',(1.,0.,0.));
#2376=DIRECTION('',(1.,0.,0.));
#2377=DIRECTION('',(0.,0.,-1.));
#2378=DIRECTION('',(0.,-1.,0.));
#2379=DIRECTION('',(1.,0.,0.));
#2380=DIRECTION('',(0.,0.,-1.));
#2381=DIRECTION('',(1.,0.,0.));
#2382=DIRECTION('',(0.,0.,-1.));
#2383=DIRECTION('',(0.,-1.,0.));
#2384=DIRECTION('',(1.,0.,0.));
#2385=DIRECTION('',(0.,0.,-1.));
#2386=DIRECTION('',(1.,0.,0.));
#2387=DIRECTION('',(0.,0.,-1.));
#2388=DIRECTION('',(0.,0.,1.));
#2389=DIRECTION('',(1.,0.,0.));
#2390=DIRECTION('',(1.,0.,0.));
#2391=DIRECTION('',(1.,0.,0.));
#2392=DIRECTION('',(0.,0.,1.));
#2393=DIRECTION('',(1.,0.,0.));
#2394=DIRECTION('',(1.,0.,0.));
#2395=DIRECTION('',(1.,0.,0.));
#2396=DIRECTION('',(-1.,0.,0.));
#2397=DIRECTION('',(0.,0.,1.));
#2398=DIRECTION('',(1.,0.,0.));
#2399=DIRECTION('',(0.,0.,-1.));
#2400=DIRECTION('',(-1.,0.,0.));
#2401=DIRECTION('',(0.,0.,1.));
#2402=DIRECTION('',(1.,0.,0.));
#2403=DIRECTION('',(0.,0.,-1.));
#2404=DIRECTION('',(0.,0.,1.));
#2405=DIRECTION('',(1.,0.,0.));
#2406=DIRECTION('',(0.,1.,0.));
#2407=DIRECTION('',(0.,0.,1.));
#2408=DIRECTION('',(0.,0.,-1.));
#2409=DIRECTION('',(1.,0.,0.));
#2410=DIRECTION('',(0.,0.,-1.));
#2411=DIRECTION('',(1.,0.,0.));
#2412=DIRECTION('',(1.,0.,0.));
#2413=DIRECTION('',(0.,0.,-1.));
#2414=DIRECTION('',(1.,0.,0.));
#2415=DIRECTION('',(0.,0.,-1.));
#2416=DIRECTION('',(0.,-1.,0.));
#2417=DIRECTION('',(1.,0.,0.));
#2418=DIRECTION('',(0.,0.,-1.));
#2419=DIRECTION('',(0.,0.,-1.));
#2420=DIRECTION('',(1.,0.,0.));
#2421=DIRECTION('',(0.,0.,-1.));
#2422=DIRECTION('',(0.,-1.,0.));
#2423=DIRECTION('',(1.,0.,0.));
#2424=DIRECTION('',(0.,0.,-1.));
#2425=DIRECTION('',(0.,1.,0.));
#2426=DIRECTION('',(0.,0.,1.));
#2427=DIRECTION('',(1.,0.,0.));
#2428=DIRECTION('',(0.,0.,-1.));
#2429=DIRECTION('',(1.,0.,0.));
#2430=DIRECTION('',(1.,0.,0.));
#2431=DIRECTION('',(0.,0.,-1.));
#2432=DIRECTION('',(0.,-1.,0.));
#2433=DIRECTION('',(1.,0.,0.));
#2434=DIRECTION('',(0.,0.,-1.));
#2435=DIRECTION('',(1.,0.,0.));
#2436=DIRECTION('',(0.,0.,-1.));
#2437=DIRECTION('',(0.,-1.,0.));
#2438=DIRECTION('',(1.,0.,0.));
#2439=DIRECTION('',(0.,0.,-1.));
#2440=DIRECTION('',(1.,0.,0.));
#2441=DIRECTION('',(0.,0.,-1.));
#2442=DIRECTION('',(0.,0.,1.));
#2443=DIRECTION('',(1.,0.,0.));
#2444=DIRECTION('',(1.,0.,0.));
#2445=DIRECTION('',(1.,0.,0.));
#2446=DIRECTION('',(0.,0.,1.));
#2447=DIRECTION('',(1.,0.,0.));
#2448=DIRECTION('',(1.,0.,0.));
#2449=DIRECTION('',(1.,0.,0.));
#2450=DIRECTION('',(-1.,0.,0.));
#2451=DIRECTION('',(0.,0.,1.));
#2452=DIRECTION('',(1.,0.,0.));
#2453=DIRECTION('',(0.,0.,-1.));
#2454=DIRECTION('',(-1.,0.,0.));
#2455=DIRECTION('',(0.,0.,1.));
#2456=DIRECTION('',(1.,0.,0.));
#2457=DIRECTION('',(0.,0.,-1.));
#2458=DIRECTION('',(0.,0.,1.));
#2459=DIRECTION('',(1.,0.,0.));
#2460=DIRECTION('',(0.,1.,0.));
#2461=DIRECTION('',(0.,0.,1.));
#2462=DIRECTION('',(0.,0.,-1.));
#2463=DIRECTION('',(1.,0.,0.));
#2464=DIRECTION('',(0.,0.,-1.));
#2465=DIRECTION('',(1.,0.,0.));
#2466=DIRECTION('',(1.,0.,0.));
#2467=DIRECTION('',(0.,0.,-1.));
#2468=DIRECTION('',(1.,0.,0.));
#2469=DIRECTION('',(0.,0.,-1.));
#2470=DIRECTION('',(0.,-1.,0.));
#2471=DIRECTION('',(1.,0.,0.));
#2472=DIRECTION('',(0.,0.,-1.));
#2473=DIRECTION('',(0.,0.,-1.));
#2474=DIRECTION('',(1.,0.,0.));
#2475=DIRECTION('',(0.,0.,-1.));
#2476=DIRECTION('',(0.,-1.,0.));
#2477=DIRECTION('',(1.,0.,0.));
#2478=DIRECTION('',(0.,0.,-1.));
#2479=DIRECTION('',(0.,1.,0.));
#2480=DIRECTION('',(0.,0.,1.));
#2481=DIRECTION('',(1.,0.,0.));
#2482=DIRECTION('',(0.,0.,-1.));
#2483=DIRECTION('',(1.,0.,0.));
#2484=DIRECTION('',(1.,0.,0.));
#2485=DIRECTION('',(0.,0.,-1.));
#2486=DIRECTION('',(0.,-1.,0.));
#2487=DIRECTION('',(1.,0.,0.));
#2488=DIRECTION('',(0.,0.,-1.));
#2489=DIRECTION('',(1.,0.,0.));
#2490=DIRECTION('',(0.,0.,-1.));
#2491=DIRECTION('',(0.,-1.,0.));
#2492=DIRECTION('',(1.,0.,0.));
#2493=DIRECTION('',(0.,0.,-1.));
#2494=DIRECTION('',(1.,0.,0.));
#2495=DIRECTION('',(0.,0.,-1.));
#2496=DIRECTION('',(0.,0.,1.));
#2497=DIRECTION('',(1.,0.,0.));
#2498=DIRECTION('',(1.,0.,0.));
#2499=DIRECTION('',(1.,0.,0.));
#2500=DIRECTION('',(0.,0.,1.));
#2501=DIRECTION('',(1.,0.,0.));
#2502=DIRECTION('',(1.,0.,0.));
#2503=DIRECTION('',(1.,0.,0.));
#2504=DIRECTION('',(-1.,0.,0.));
#2505=DIRECTION('',(0.,0.,1.));
#2506=DIRECTION('',(1.,0.,0.));
#2507=DIRECTION('',(0.,0.,-1.));
#2508=DIRECTION('',(-1.,0.,0.));
#2509=DIRECTION('',(0.,0.,1.));
#2510=DIRECTION('',(1.,0.,0.));
#2511=DIRECTION('',(0.,0.,-1.));
#2512=DIRECTION('',(0.,0.,1.));
#2513=DIRECTION('',(1.,0.,0.));
#2514=DIRECTION('',(0.,1.,0.));
#2515=DIRECTION('',(0.,0.,1.));
#2516=DIRECTION('',(0.,0.,-1.));
#2517=DIRECTION('',(1.,0.,0.));
#2518=DIRECTION('',(0.,0.,-1.));
#2519=DIRECTION('',(1.,0.,0.));
#2520=DIRECTION('',(1.,0.,0.));
#2521=DIRECTION('',(0.,0.,-1.));
#2522=DIRECTION('',(0.,-1.,0.));
#2523=DIRECTION('',(1.,0.,0.));
#2524=DIRECTION('',(0.,0.,-1.));
#2525=DIRECTION('',(0.,0.,-1.));
#2526=DIRECTION('',(1.,0.,0.));
#2527=DIRECTION('',(0.,0.,-1.));
#2528=DIRECTION('',(0.,-1.,0.));
#2529=DIRECTION('',(1.,0.,0.));
#2530=DIRECTION('',(0.,0.,-1.));
#2531=DIRECTION('',(1.,0.,0.));
#2532=DIRECTION('',(0.,0.,-1.));
#2533=DIRECTION('',(0.,1.,0.));
#2534=DIRECTION('',(0.,0.,1.));
#2535=DIRECTION('',(1.,0.,0.));
#2536=DIRECTION('',(0.,0.,-1.));
#2537=DIRECTION('',(1.,0.,0.));
#2538=DIRECTION('',(1.,0.,0.));
#2539=DIRECTION('',(0.,0.,-1.));
#2540=DIRECTION('',(1.,0.,0.));
#2541=DIRECTION('',(0.,0.,-1.));
#2542=DIRECTION('',(0.,-1.,0.));
#2543=DIRECTION('',(1.,0.,0.));
#2544=DIRECTION('',(0.,0.,-1.));
#2545=DIRECTION('',(1.,0.,0.));
#2546=DIRECTION('',(0.,0.,-1.));
#2547=DIRECTION('',(0.,-1.,0.));
#2548=DIRECTION('',(1.,0.,0.));
#2549=DIRECTION('',(0.,0.,-1.));
#2550=DIRECTION('',(0.,0.,1.));
#2551=DIRECTION('',(1.,0.,0.));
#2552=DIRECTION('',(1.,0.,0.));
#2553=DIRECTION('',(1.,0.,0.));
#2554=DIRECTION('',(0.,0.,1.));
#2555=DIRECTION('',(1.,0.,0.));
#2556=DIRECTION('',(1.,0.,0.));
#2557=DIRECTION('',(1.,0.,0.));
#2558=DIRECTION('',(1.,0.,0.));
#2559=DIRECTION('',(0.,0.,-1.));
#2560=DIRECTION('',(-1.,0.,0.));
#2561=DIRECTION('',(0.,0.,1.));
#2562=DIRECTION('',(-1.,0.,0.));
#2563=DIRECTION('',(0.,0.,1.));
#2564=DIRECTION('',(1.,0.,0.));
#2565=DIRECTION('',(0.,0.,-1.));
#2566=DIRECTION('',(0.,0.,1.));
#2567=DIRECTION('',(1.,0.,0.));
#2568=DIRECTION('',(-1.,0.,0.));
#2569=DIRECTION('',(0.,0.,1.));
#2570=DIRECTION('',(0.,0.,-1.));
#2571=DIRECTION('',(0.,1.,0.));
#2572=DIRECTION('',(0.,0.,-1.));
#2573=DIRECTION('',(0.,1.,0.));
#2574=DIRECTION('',(0.,1.,0.));
#2575=DIRECTION('',(0.,0.,1.));
#2576=DIRECTION('',(1.,0.,0.));
#2577=DIRECTION('',(0.,0.,-1.));
#2578=DIRECTION('',(1.,0.,0.));
#2579=DIRECTION('',(0.,0.,-1.));
#2580=DIRECTION('',(-1.,-1.8454505063583E-16,0.));
#2581=DIRECTION('',(1.8454505063583E-16,-1.,0.));
#2582=DIRECTION('',(-1.8454505063583E-16,1.,0.));
#2583=DIRECTION('',(0.,0.,-1.));
#2584=DIRECTION('',(-1.8454505063583E-16,1.,0.));
#2585=DIRECTION('',(0.,0.,-1.));
#2586=DIRECTION('',(0.,1.,0.));
#2587=DIRECTION('',(0.,0.,1.));
#2588=DIRECTION('',(1.,0.,0.));
#2589=DIRECTION('',(0.,0.,-1.));
#2590=DIRECTION('',(1.,0.,0.));
#2591=DIRECTION('',(0.,0.,-1.));
#2592=DIRECTION('',(0.,0.,1.));
#2593=DIRECTION('',(1.,0.,0.));
#2594=DIRECTION('',(1.,0.,0.));
#2595=DIRECTION('',(-1.8454505063583E-16,1.,0.));
#2596=DIRECTION('',(1.,0.,0.));
#2597=DIRECTION('',(0.,1.,0.));
#2598=DIRECTION('',(0.,0.,1.));
#2599=DIRECTION('',(1.,0.,0.));
#2600=DIRECTION('',(1.,0.,0.));
#2601=DIRECTION('',(0.,1.,0.));
#2602=DIRECTION('',(1.,0.,0.));
#2603=DIRECTION('',(0.,0.,-1.));
#2604=DIRECTION('',(-1.,0.,0.));
#2605=DIRECTION('',(0.,0.,-1.));
#2606=DIRECTION('',(-1.,0.,0.));
#2607=DIRECTION('',(-1.,0.,0.));
#2608=DIRECTION('',(0.,0.,1.));
#2609=DIRECTION('',(-4.1059770898091E-15,1.,0.));
#2610=DIRECTION('',(-1.,-4.1059770898091E-15,0.));
#2611=DIRECTION('',(-1.,0.,0.));
#2612=DIRECTION('',(0.,0.,1.));
#2613=DIRECTION('',(0.707106781186548,0.,0.707106781186548));
#2614=DIRECTION('',(-0.707106781186548,0.,0.707106781186548));
#2615=DIRECTION('',(0.,-1.,0.));
#2616=DIRECTION('',(0.,0.,-1.));
#2617=DIRECTION('',(0.,-1.,0.));
#2618=DIRECTION('',(0.,0.,-1.));
#2619=DIRECTION('',(0.,0.,-1.));
#2620=DIRECTION('',(-1.,0.,0.));
#2621=DIRECTION('',(0.,0.,1.));
#2622=DIRECTION('',(1.,0.,0.));
#2623=DIRECTION('',(1.,0.,0.));
#2624=DIRECTION('',(0.,0.,-1.));
#2625=DIRECTION('',(1.,0.,2.05298854490455E-15));
#2626=DIRECTION('',(2.05298854490455E-15,0.,-1.));
#2627=DIRECTION('',(-1.,0.,0.));
#2628=DIRECTION('',(0.,0.,1.));
#2629=DIRECTION('',(0.,0.,1.));
#2630=DIRECTION('',(1.,0.,0.));
#2631=DIRECTION('',(0.,0.,1.));
#2632=DIRECTION('',(1.,0.,0.));
#2633=DIRECTION('',(0.,0.,-1.));
#2634=DIRECTION('',(-1.,0.,0.));
#2635=DIRECTION('',(0.,0.,-1.));
#2636=DIRECTION('',(-1.,0.,0.));
#2637=DIRECTION('',(-1.,0.,0.));
#2638=DIRECTION('',(0.,0.,1.));
#2639=DIRECTION('',(0.,1.,0.));
#2640=DIRECTION('',(0.,0.,1.));
#2641=DIRECTION('',(0.,1.,-4.1059770898091E-15));
#2642=DIRECTION('',(0.,4.1059770898091E-15,1.));
#2643=DIRECTION('',(0.,1.,0.));
#2644=DIRECTION('',(0.,0.,1.));
#2645=DIRECTION('',(0.,1.,0.));
#2646=DIRECTION('',(0.,0.,1.));
#2647=DIRECTION('',(1.,0.,0.));
#2648=DIRECTION('',(0.,0.,-1.));
#2649=DIRECTION('',(-0.707106781186548,0.,-0.707106781186548));
#2650=DIRECTION('',(0.707106781186548,0.,-0.707106781186548));
#2651=DIRECTION('',(0.,0.,1.));
#2652=DIRECTION('',(1.,0.,0.));
#2653=DIRECTION('',(0.,0.,1.));
#2654=DIRECTION('',(1.,0.,0.));
#2655=DIRECTION('',(0.,1.,0.));
#2656=DIRECTION('',(0.,0.,1.));
#2657=DIRECTION('',(0.,-1.,0.));
#2658=DIRECTION('',(0.,0.,-1.));
#2659=DIRECTION('',(1.8454505063583E-16,-1.,0.));
#2660=DIRECTION('',(1.,1.8454505063583E-16,0.));
#2661=DIRECTION('',(0.,-1.,-4.1059770898091E-15));
#2662=DIRECTION('',(0.,4.1059770898091E-15,-1.));
#2663=DIRECTION('',(0.,0.,-1.));
#2664=DIRECTION('',(-1.,0.,0.));
#2665=DIRECTION('',(0.,0.,1.));
#2666=DIRECTION('',(1.,0.,0.));
#2667=DIRECTION('',(-1.,0.,0.));
#2668=DIRECTION('',(0.,0.,1.));
#2669=DIRECTION('',(-1.,0.,0.));
#2670=DIRECTION('',(0.,0.,1.));
#2671=DIRECTION('',(1.,4.1059770898091E-15,0.));
#2672=DIRECTION('',(-4.1059770898091E-15,1.,0.));
#2673=DIRECTION('',(1.,0.,0.));
#2674=DIRECTION('',(0.,0.,-1.));
#2675=DIRECTION('',(-1.,0.,0.));
#2676=DIRECTION('',(0.,0.,1.));
#2677=DIRECTION('',(0.,0.,1.));
#2678=DIRECTION('',(1.,0.,0.));
#2679=DIRECTION('',(0.,1.,0.));
#2680=DIRECTION('',(0.,0.,1.));
#2681=DIRECTION('',(0.,0.,-1.));
#2682=DIRECTION('',(1.,0.,0.));
#2683=DIRECTION('',(0.,0.,-1.));
#2684=DIRECTION('',(1.,0.,0.));
#2685=DIRECTION('',(1.,0.,0.));
#2686=DIRECTION('',(0.,0.,-1.));
#2687=DIRECTION('',(1.,0.,0.));
#2688=DIRECTION('',(0.,0.,-1.));
#2689=DIRECTION('',(0.,-1.,0.));
#2690=DIRECTION('',(1.,0.,0.));
#2691=DIRECTION('',(0.,0.,-1.));
#2692=DIRECTION('',(0.,0.,-1.));
#2693=DIRECTION('',(1.,0.,0.));
#2694=DIRECTION('',(0.,0.,-1.));
#2695=DIRECTION('',(0.,-1.,0.));
#2696=DIRECTION('',(1.,0.,0.));
#2697=DIRECTION('',(0.,0.,-1.));
#2698=DIRECTION('',(0.,1.,0.));
#2699=DIRECTION('',(0.,0.,1.));
#2700=DIRECTION('',(1.,0.,0.));
#2701=DIRECTION('',(0.,0.,-1.));
#2702=DIRECTION('',(1.,0.,0.));
#2703=DIRECTION('',(1.,0.,0.));
#2704=DIRECTION('',(0.,0.,-1.));
#2705=DIRECTION('',(0.,-1.,0.));
#2706=DIRECTION('',(1.,0.,0.));
#2707=DIRECTION('',(0.,0.,-1.));
#2708=DIRECTION('',(1.,0.,0.));
#2709=DIRECTION('',(0.,0.,-1.));
#2710=DIRECTION('',(0.,-1.,0.));
#2711=DIRECTION('',(1.,0.,0.));
#2712=DIRECTION('',(0.,0.,-1.));
#2713=DIRECTION('',(1.,0.,0.));
#2714=DIRECTION('',(0.,0.,-1.));
#2715=DIRECTION('',(0.,0.,1.));
#2716=DIRECTION('',(1.,0.,0.));
#2717=DIRECTION('',(1.,0.,0.));
#2718=DIRECTION('',(1.,0.,0.));
#2719=DIRECTION('',(0.,0.,1.));
#2720=DIRECTION('',(1.,0.,0.));
#2721=DIRECTION('',(1.,0.,0.));
#2722=DIRECTION('',(1.,0.,0.));
#2723=DIRECTION('',(-1.,0.,0.));
#2724=DIRECTION('',(0.,0.,1.));
#2725=DIRECTION('',(1.,0.,0.));
#2726=DIRECTION('',(0.,0.,-1.));
#2727=DIRECTION('',(1.,0.,0.));
#2728=DIRECTION('',(0.,0.,-1.));
#2729=DIRECTION('',(-1.,0.,0.));
#2730=DIRECTION('',(0.,0.,1.));
#2731=DIRECTION('',(0.,0.,1.));
#2732=DIRECTION('',(1.,0.,0.));
#2733=DIRECTION('',(0.,1.,0.));
#2734=DIRECTION('',(0.,0.,1.));
#2735=DIRECTION('',(0.,0.,-1.));
#2736=DIRECTION('',(1.,0.,0.));
#2737=DIRECTION('',(0.,0.,-1.));
#2738=DIRECTION('',(1.,0.,0.));
#2739=DIRECTION('',(1.,0.,0.));
#2740=DIRECTION('',(0.,0.,-1.));
#2741=DIRECTION('',(1.,0.,0.));
#2742=DIRECTION('',(0.,0.,-1.));
#2743=DIRECTION('',(0.,-1.,0.));
#2744=DIRECTION('',(1.,0.,0.));
#2745=DIRECTION('',(0.,0.,-1.));
#2746=DIRECTION('',(0.,0.,-1.));
#2747=DIRECTION('',(1.,0.,0.));
#2748=DIRECTION('',(0.,0.,-1.));
#2749=DIRECTION('',(0.,-1.,0.));
#2750=DIRECTION('',(1.,0.,0.));
#2751=DIRECTION('',(0.,0.,-1.));
#2752=DIRECTION('',(0.,1.,0.));
#2753=DIRECTION('',(0.,0.,1.));
#2754=DIRECTION('',(1.,0.,0.));
#2755=DIRECTION('',(0.,0.,-1.));
#2756=DIRECTION('',(1.,0.,0.));
#2757=DIRECTION('',(1.,0.,0.));
#2758=DIRECTION('',(0.,0.,-1.));
#2759=DIRECTION('',(0.,-1.,0.));
#2760=DIRECTION('',(1.,0.,0.));
#2761=DIRECTION('',(0.,0.,-1.));
#2762=DIRECTION('',(1.,0.,0.));
#2763=DIRECTION('',(0.,0.,-1.));
#2764=DIRECTION('',(0.,-1.,0.));
#2765=DIRECTION('',(1.,0.,0.));
#2766=DIRECTION('',(0.,0.,-1.));
#2767=DIRECTION('',(1.,0.,0.));
#2768=DIRECTION('',(0.,0.,-1.));
#2769=DIRECTION('',(0.,0.,1.));
#2770=DIRECTION('',(1.,0.,0.));
#2771=DIRECTION('',(1.,0.,0.));
#2772=DIRECTION('',(1.,0.,0.));
#2773=DIRECTION('',(0.,0.,1.));
#2774=DIRECTION('',(1.,0.,0.));
#2775=DIRECTION('',(1.,0.,0.));
#2776=DIRECTION('',(1.,0.,0.));
#2777=DIRECTION('',(-1.,0.,0.));
#2778=DIRECTION('',(0.,0.,1.));
#2779=DIRECTION('',(1.,0.,0.));
#2780=DIRECTION('',(0.,0.,-1.));
#2781=DIRECTION('',(-1.,0.,0.));
#2782=DIRECTION('',(0.,0.,1.));
#2783=DIRECTION('',(1.,0.,0.));
#2784=DIRECTION('',(0.,0.,-1.));
#2785=DIRECTION('',(0.,0.,1.));
#2786=DIRECTION('',(1.,0.,0.));
#2787=DIRECTION('',(-1.,0.,0.));
#2788=DIRECTION('',(0.,0.,1.));
#2789=DIRECTION('',(0.,1.,0.));
#2790=DIRECTION('',(0.,0.,-1.));
#2791=DIRECTION('',(0.,1.,0.));
#2792=DIRECTION('',(0.,0.,-1.));
#2793=DIRECTION('',(0.,1.,0.));
#2794=DIRECTION('',(0.,0.,1.));
#2795=DIRECTION('',(1.,0.,0.));
#2796=DIRECTION('',(0.,0.,-1.));
#2797=DIRECTION('',(1.,0.,0.));
#2798=DIRECTION('',(0.,0.,-1.));
#2799=DIRECTION('',(-1.,-1.8454505063583E-16,0.));
#2800=DIRECTION('',(1.8454505063583E-16,-1.,0.));
#2801=DIRECTION('',(0.,0.,-1.));
#2802=DIRECTION('',(-1.8454505063583E-16,1.,0.));
#2803=DIRECTION('',(0.,0.,-1.));
#2804=DIRECTION('',(-1.8454505063583E-16,1.,0.));
#2805=DIRECTION('',(0.,1.,0.));
#2806=DIRECTION('',(0.,0.,1.));
#2807=DIRECTION('',(1.,0.,0.));
#2808=DIRECTION('',(0.,0.,-1.));
#2809=DIRECTION('',(1.,0.,0.));
#2810=DIRECTION('',(0.,0.,-1.));
#2811=DIRECTION('',(0.,0.,1.));
#2812=DIRECTION('',(1.,0.,0.));
#2813=DIRECTION('',(1.,0.,0.));
#2814=DIRECTION('',(0.,1.,0.));
#2815=DIRECTION('',(1.,0.,0.));
#2816=DIRECTION('',(-1.8454505063583E-16,1.,0.));
#2817=DIRECTION('',(0.,0.,1.));
#2818=DIRECTION('',(1.,0.,0.));
#2819=DIRECTION('',(-1.8454505063583E-16,1.,0.));
#2820=DIRECTION('',(1.,0.,0.));
#2821=DIRECTION('',(1.,0.,0.));
#2822=DIRECTION('',(-1.,0.,0.));
#2823=DIRECTION('',(0.,0.,1.));
#2824=DIRECTION('',(1.,0.,0.));
#2825=DIRECTION('',(0.,0.,-1.));
#2826=DIRECTION('',(0.707106781186548,0.,-0.707106781186548));
#2827=DIRECTION('',(-0.707106781186548,0.,-0.707106781186548));
#2828=DIRECTION('',(0.,1.,0.));
#2829=DIRECTION('',(0.,0.,1.));
#2830=DIRECTION('',(0.,1.,-4.1059770898091E-15));
#2831=DIRECTION('',(0.,4.1059770898091E-15,1.));
#2832=DIRECTION('',(0.,0.,-1.));
#2833=DIRECTION('',(-1.,0.,0.));
#2834=DIRECTION('',(0.,0.,-1.));
#2835=DIRECTION('',(-1.,0.,0.));
#2836=DIRECTION('',(0.,0.,1.));
#2837=DIRECTION('',(1.,0.,0.));
#2838=DIRECTION('',(1.,0.,0.));
#2839=DIRECTION('',(0.,0.,-1.));
#2840=DIRECTION('',(1.,0.,0.));
#2841=DIRECTION('',(0.,0.,-1.));
#2842=DIRECTION('',(-1.,0.,0.));
#2843=DIRECTION('',(0.,0.,1.));
#2844=DIRECTION('',(0.,0.,1.));
#2845=DIRECTION('',(1.,0.,0.));
#2846=DIRECTION('',(0.,0.,1.));
#2847=DIRECTION('',(1.,0.,0.));
#2848=DIRECTION('',(-1.8454505063583E-16,1.,0.));
#2849=DIRECTION('',(-1.,-1.8454505063583E-16,0.));
#2850=DIRECTION('',(4.1059770898091E-15,-1.,0.));
#2851=DIRECTION('',(1.,4.1059770898091E-15,0.));
#2852=DIRECTION('',(1.,0.,0.));
#2853=DIRECTION('',(0.,0.,-1.));
#2854=DIRECTION('',(-0.707106781186548,0.,0.707106781186548));
#2855=DIRECTION('',(0.707106781186548,0.,0.707106781186548));
#2856=DIRECTION('',(1.,0.,0.));
#2857=DIRECTION('',(0.,0.,-1.));
#2858=DIRECTION('',(0.,1.,0.));
#2859=DIRECTION('',(0.,0.,1.));
#2860=DIRECTION('',(0.,1.,-4.1059770898091E-15));
#2861=DIRECTION('',(0.,4.1059770898091E-15,1.));
#2862=DIRECTION('',(0.,1.,0.));
#2863=DIRECTION('',(0.,0.,1.));
#2864=DIRECTION('',(0.,1.,0.));
#2865=DIRECTION('',(0.,0.,1.));
#2866=DIRECTION('',(0.,0.,-1.));
#2867=DIRECTION('',(-1.,0.,0.));
#2868=DIRECTION('',(0.,0.,-1.));
#2869=DIRECTION('',(-1.,0.,0.));
#2870=DIRECTION('',(0.,0.,1.));
#2871=DIRECTION('',(1.,0.,0.));
#2872=DIRECTION('',(0.,0.,1.));
#2873=DIRECTION('',(1.,0.,0.));
#2874=DIRECTION('',(0.,1.,0.));
#2875=DIRECTION('',(0.,0.,1.));
#2876=DIRECTION('',(-4.1059770898091E-15,-1.,0.));
#2877=DIRECTION('',(1.,-4.1059770898091E-15,0.));
#2878=DIRECTION('',(1.8454505063583E-16,-1.,0.));
#2879=DIRECTION('',(1.,1.8454505063583E-16,0.));
#2880=DIRECTION('',(0.,-1.,-8.21195417961819E-15));
#2881=DIRECTION('',(0.,8.21195417961819E-15,-1.));
#2882=DIRECTION('',(0.,0.,-1.));
#2883=DIRECTION('',(-1.,0.,0.));
#2884=DIRECTION('',(0.,0.,1.));
#2885=DIRECTION('',(1.,0.,0.));
#2886=DIRECTION('',(-1.,0.,0.));
#2887=DIRECTION('',(0.,0.,1.));
#2888=DIRECTION('',(-1.,0.,0.));
#2889=DIRECTION('',(0.,0.,1.));
#2890=DIRECTION('',(1.,4.1059770898091E-15,0.));
#2891=DIRECTION('',(-4.1059770898091E-15,1.,0.));
#2892=DIRECTION('',(1.,0.,0.));
#2893=DIRECTION('',(0.,0.,-1.));
#2894=DIRECTION('',(-1.,0.,0.));
#2895=DIRECTION('',(0.,0.,1.));
#2896=DIRECTION('',(0.,0.,1.));
#2897=DIRECTION('',(1.,0.,0.));
#2898=DIRECTION('',(0.,1.,0.));
#2899=DIRECTION('',(0.,0.,1.));
#2900=DIRECTION('',(0.,0.,-1.));
#2901=DIRECTION('',(1.,0.,0.));
#2902=DIRECTION('',(0.,0.,-1.));
#2903=DIRECTION('',(1.,0.,0.));
#2904=DIRECTION('',(1.,0.,0.));
#2905=DIRECTION('',(0.,0.,-1.));
#2906=DIRECTION('',(1.,0.,0.));
#2907=DIRECTION('',(0.,0.,-1.));
#2908=DIRECTION('',(0.,-1.,0.));
#2909=DIRECTION('',(1.,0.,0.));
#2910=DIRECTION('',(0.,0.,-1.));
#2911=DIRECTION('',(0.,0.,-1.));
#2912=DIRECTION('',(1.,0.,0.));
#2913=DIRECTION('',(0.,0.,-1.));
#2914=DIRECTION('',(0.,-1.,0.));
#2915=DIRECTION('',(1.,0.,0.));
#2916=DIRECTION('',(0.,0.,-1.));
#2917=DIRECTION('',(0.,1.,0.));
#2918=DIRECTION('',(0.,0.,1.));
#2919=DIRECTION('',(1.,0.,0.));
#2920=DIRECTION('',(0.,0.,-1.));
#2921=DIRECTION('',(1.,0.,0.));
#2922=DIRECTION('',(1.,0.,0.));
#2923=DIRECTION('',(0.,0.,-1.));
#2924=DIRECTION('',(0.,-1.,0.));
#2925=DIRECTION('',(1.,0.,0.));
#2926=DIRECTION('',(0.,0.,-1.));
#2927=DIRECTION('',(1.,0.,0.));
#2928=DIRECTION('',(0.,0.,-1.));
#2929=DIRECTION('',(0.,-1.,0.));
#2930=DIRECTION('',(1.,0.,0.));
#2931=DIRECTION('',(0.,0.,-1.));
#2932=DIRECTION('',(1.,0.,0.));
#2933=DIRECTION('',(0.,0.,-1.));
#2934=DIRECTION('',(0.,0.,1.));
#2935=DIRECTION('',(1.,0.,0.));
#2936=DIRECTION('',(1.,0.,0.));
#2937=DIRECTION('',(1.,0.,0.));
#2938=DIRECTION('',(0.,0.,1.));
#2939=DIRECTION('',(1.,0.,0.));
#2940=DIRECTION('',(1.,0.,0.));
#2941=DIRECTION('',(1.,0.,0.));
#2942=DIRECTION('',(-1.,0.,0.));
#2943=DIRECTION('',(0.,0.,1.));
#2944=DIRECTION('',(1.,0.,0.));
#2945=DIRECTION('',(0.,0.,-1.));
#2946=DIRECTION('',(-1.,0.,0.));
#2947=DIRECTION('',(0.,0.,1.));
#2948=DIRECTION('',(1.,0.,0.));
#2949=DIRECTION('',(0.,0.,-1.));
#2950=DIRECTION('',(0.,0.,1.));
#2951=DIRECTION('',(1.,0.,0.));
#2952=DIRECTION('',(0.,1.,0.));
#2953=DIRECTION('',(0.,0.,1.));
#2954=DIRECTION('',(0.,0.,-1.));
#2955=DIRECTION('',(1.,0.,0.));
#2956=DIRECTION('',(0.,0.,-1.));
#2957=DIRECTION('',(1.,0.,0.));
#2958=DIRECTION('',(1.,0.,0.));
#2959=DIRECTION('',(0.,0.,-1.));
#2960=DIRECTION('',(1.,0.,0.));
#2961=DIRECTION('',(0.,0.,-1.));
#2962=DIRECTION('',(0.,-1.,0.));
#2963=DIRECTION('',(1.,0.,0.));
#2964=DIRECTION('',(0.,0.,-1.));
#2965=DIRECTION('',(0.,0.,-1.));
#2966=DIRECTION('',(1.,0.,0.));
#2967=DIRECTION('',(0.,0.,-1.));
#2968=DIRECTION('',(0.,-1.,0.));
#2969=DIRECTION('',(1.,0.,0.));
#2970=DIRECTION('',(0.,0.,-1.));
#2971=DIRECTION('',(0.,1.,0.));
#2972=DIRECTION('',(0.,0.,1.));
#2973=DIRECTION('',(1.,0.,0.));
#2974=DIRECTION('',(0.,0.,-1.));
#2975=DIRECTION('',(1.,0.,0.));
#2976=DIRECTION('',(1.,0.,0.));
#2977=DIRECTION('',(0.,0.,-1.));
#2978=DIRECTION('',(0.,-1.,0.));
#2979=DIRECTION('',(1.,0.,0.));
#2980=DIRECTION('',(0.,0.,-1.));
#2981=DIRECTION('',(1.,0.,0.));
#2982=DIRECTION('',(0.,0.,-1.));
#2983=DIRECTION('',(0.,-1.,0.));
#2984=DIRECTION('',(1.,0.,0.));
#2985=DIRECTION('',(0.,0.,-1.));
#2986=DIRECTION('',(1.,0.,0.));
#2987=DIRECTION('',(0.,0.,-1.));
#2988=DIRECTION('',(0.,0.,1.));
#2989=DIRECTION('',(1.,0.,0.));
#2990=DIRECTION('',(1.,0.,0.));
#2991=DIRECTION('',(1.,0.,0.));
#2992=DIRECTION('',(0.,0.,1.));
#2993=DIRECTION('',(1.,0.,0.));
#2994=DIRECTION('',(1.,0.,0.));
#2995=DIRECTION('',(1.,0.,0.));
#2996=DIRECTION('',(-1.,0.,0.));
#2997=DIRECTION('',(0.,0.,1.));
#2998=DIRECTION('',(1.,0.,0.));
#2999=DIRECTION('',(0.,0.,-1.));
#3000=DIRECTION('',(-1.,0.,0.));
#3001=DIRECTION('',(0.,0.,1.));
#3002=DIRECTION('',(1.,0.,0.));
#3003=DIRECTION('',(0.,0.,-1.));
#3004=CARTESIAN_POINT('',(0.,0.,0.));
#3005=CARTESIAN_POINT('',(-0.0189052248526364,-0.0286989836499095,0.0057));
#3006=CARTESIAN_POINT('',(-0.0105689504336566,-0.0286989836499095,0.0057));
#3007=CARTESIAN_POINT('',(-0.0105689504336566,-0.0286989836499095,0.00473431457505076));
#3008=CARTESIAN_POINT('',(-0.0105689504336566,-0.0286989836499095,0.00296568542494924));
#3009=CARTESIAN_POINT('',(-0.0272414992716163,-0.0286989836499095,0.00296568542494924));
#3010=CARTESIAN_POINT('',(-0.0272414992716163,-0.0286989836499095,0.00296568542494924));
#3011=CARTESIAN_POINT('',(-0.0272414992716163,-0.0286989836499095,0.0057));
#3012=CARTESIAN_POINT('',(-0.0272414992716163,-0.0286989836499095,0.00473431457505076));
#3013=CARTESIAN_POINT('',(-0.0189052248526364,-0.0286989836499095,0.00473431457505076));
#3014=CARTESIAN_POINT('',(-0.0272414992716163,-0.030295291031897,0.0057));
#3015=CARTESIAN_POINT('',(-0.0272414992716163,-0.0296646690748588,0.00296568542494924));
#3016=CARTESIAN_POINT('',(-0.0272414992716163,-0.0296646690748588,0.002));
#3017=CARTESIAN_POINT('',(-0.0272414992716163,-0.030295291031897,0.002));
#3018=CARTESIAN_POINT('',(-0.0272414992716163,-0.0309259129889354,0.002));
#3019=CARTESIAN_POINT('',(-0.0272414992716163,-0.0309259129889354,0.00296568542494924));
#3020=CARTESIAN_POINT('',(-0.0272414992716163,-0.0318915984138846,0.00296568542494924));
#3021=CARTESIAN_POINT('',(-0.0272414992716163,-0.0318915984138846,0.0057));
#3022=CARTESIAN_POINT('',(-0.0272414992716163,-0.0318915984138846,0.00473431457505076));
#3023=CARTESIAN_POINT('',(-0.0272414992716163,-0.0309259129889354,0.00473431457505076));
#3024=CARTESIAN_POINT('',(-0.0272414992716163,-0.0309259129889354,0.0057));
#3025=CARTESIAN_POINT('',(-0.0272414992716163,-0.030295291031897,0.0057));
#3026=CARTESIAN_POINT('',(-0.0272414992716163,-0.0296646690748588,0.0057));
#3027=CARTESIAN_POINT('',(-0.0272414992716163,-0.0296646690748588,0.00473431457505076));
#3028=CARTESIAN_POINT('',(-0.0189052248526364,-0.0318915984138846,0.0057));
#3029=CARTESIAN_POINT('',(-0.0189052248526364,-0.0318915984138846,0.00296568542494924));
#3030=CARTESIAN_POINT('',(-0.0105689504336566,-0.0318915984138846,0.00296568542494924));
#3031=CARTESIAN_POINT('',(-0.0105689504336566,-0.0318915984138846,0.0057));
#3032=CARTESIAN_POINT('',(-0.0105689504336566,-0.0318915984138846,0.00473431457505076));
#3033=CARTESIAN_POINT('',(-0.0272414992716163,-0.0318915984138846,0.00473431457505076));
#3034=CARTESIAN_POINT('',(-0.0105689504336566,-0.030295291031897,0.0057));
#3035=CARTESIAN_POINT('',(-0.0105689504336566,-0.030295291031897,0.002));
#3036=CARTESIAN_POINT('',(-0.0105689504336566,-0.0296646690748588,0.002));
#3037=CARTESIAN_POINT('',(-0.0105689504336566,-0.0309259129889354,0.002));
#3038=CARTESIAN_POINT('',(-0.0105689504336566,-0.0296646690748588,0.00296568542494924));
#3039=CARTESIAN_POINT('',(-0.0105689504336566,-0.0296646690748588,0.00473431457505076));
#3040=CARTESIAN_POINT('',(-0.0105689504336566,-0.0296646690748588,0.0057));
#3041=CARTESIAN_POINT('',(-0.0105689504336566,-0.030295291031897,0.0057));
#3042=CARTESIAN_POINT('',(-0.0105689504336566,-0.0309259129889354,0.0057));
#3043=CARTESIAN_POINT('',(-0.0105689504336566,-0.0309259129889354,0.00473431457505076));
#3044=CARTESIAN_POINT('',(-0.0105689504336566,-0.0309259129889354,0.00296568542494924));
#3045=CARTESIAN_POINT('',(-0.0186889581924305,-0.00511977313533426,0.0057));
#3046=CARTESIAN_POINT('',(-0.0105689504336566,-0.0309259129889354,0.0057));
#3047=CARTESIAN_POINT('',(-0.0186889581924305,-0.0296646690748588,0.0057));
#3048=CARTESIAN_POINT('',(-0.0186889581924305,-0.00511977313533426,0.002));
#3049=CARTESIAN_POINT('',(-0.0105689504336566,-0.0296646690748588,0.002));
#3050=CARTESIAN_POINT('',(-0.0186889581924305,-0.0309259129889354,0.002));
#3051=CARTESIAN_POINT('',(-0.0186889581924305,-0.0296646690748588,0.00296568542494924));
#3052=CARTESIAN_POINT('',(-0.0189052248526364,-0.0309259129889354,0.00296568542494924));
#3053=CARTESIAN_POINT('',(-0.0186889581924305,-0.0309259129889354,0.00473431457505076));
#3054=CARTESIAN_POINT('',(-0.0189052248526364,-0.0296646690748588,0.00473431457505076));
#3055=CARTESIAN_POINT('',(0.,0.,0.));
#3056=CARTESIAN_POINT('',(-0.0184726915322244,0.0324497483670711,0.0057));
#3057=CARTESIAN_POINT('',(-0.0101364171132445,0.0324497483670711,0.0057));
#3058=CARTESIAN_POINT('',(-0.0101364171132445,0.0324497483670711,0.00473431457505076));
#3059=CARTESIAN_POINT('',(-0.0101364171132445,0.0324497483670711,0.00296568542494924));
#3060=CARTESIAN_POINT('',(-0.0268089659512043,0.0324497483670711,0.00296568542494924));
#3061=CARTESIAN_POINT('',(-0.0268089659512043,0.0324497483670711,0.00296568542494924));
#3062=CARTESIAN_POINT('',(-0.0268089659512043,0.0324497483670711,0.0057));
#3063=CARTESIAN_POINT('',(-0.0268089659512043,0.0324497483670711,0.00473431457505076));
#3064=CARTESIAN_POINT('',(-0.0184726915322244,0.0324497483670711,0.00473431457505076));
#3065=CARTESIAN_POINT('',(-0.0268089659512043,0.0308534409850836,0.0057));
#3066=CARTESIAN_POINT('',(-0.0268089659512043,0.0314840629421219,0.00296568542494924));
#3067=CARTESIAN_POINT('',(-0.0268089659512043,0.0314840629421219,0.002));
#3068=CARTESIAN_POINT('',(-0.0268089659512043,0.0308534409850836,0.002));
#3069=CARTESIAN_POINT('',(-0.0268089659512043,0.0302228190280453,0.002));
#3070=CARTESIAN_POINT('',(-0.0268089659512043,0.0302228190280453,0.00296568542494924));
#3071=CARTESIAN_POINT('',(-0.0268089659512043,0.029257133603096,0.00296568542494924));
#3072=CARTESIAN_POINT('',(-0.0268089659512043,0.029257133603096,0.0057));
#3073=CARTESIAN_POINT('',(-0.0268089659512043,0.029257133603096,0.00473431457505076));
#3074=CARTESIAN_POINT('',(-0.0268089659512043,0.0302228190280453,0.00473431457505076));
#3075=CARTESIAN_POINT('',(-0.0268089659512043,0.0302228190280453,0.0057));
#3076=CARTESIAN_POINT('',(-0.0268089659512043,0.0308534409850836,0.0057));
#3077=CARTESIAN_POINT('',(-0.0268089659512043,0.0314840629421219,0.0057));
#3078=CARTESIAN_POINT('',(-0.0268089659512043,0.0314840629421219,0.00473431457505076));
#3079=CARTESIAN_POINT('',(-0.0184726915322244,0.029257133603096,0.0057));
#3080=CARTESIAN_POINT('',(-0.0184726915322244,0.029257133603096,0.00296568542494924));
#3081=CARTESIAN_POINT('',(-0.0101364171132445,0.029257133603096,0.00296568542494924));
#3082=CARTESIAN_POINT('',(-0.0101364171132445,0.029257133603096,0.0057));
#3083=CARTESIAN_POINT('',(-0.0101364171132445,0.029257133603096,0.00473431457505076));
#3084=CARTESIAN_POINT('',(-0.0268089659512043,0.029257133603096,0.00473431457505076));
#3085=CARTESIAN_POINT('',(-0.0101364171132445,0.0308534409850836,0.0057));
#3086=CARTESIAN_POINT('',(-0.0101364171132445,0.0308534409850836,0.002));
#3087=CARTESIAN_POINT('',(-0.0101364171132445,0.0314840629421219,0.002));
#3088=CARTESIAN_POINT('',(-0.0101364171132445,0.0302228190280453,0.002));
#3089=CARTESIAN_POINT('',(-0.0101364171132445,0.0314840629421219,0.00296568542494924));
#3090=CARTESIAN_POINT('',(-0.0101364171132445,0.0314840629421219,0.00473431457505076));
#3091=CARTESIAN_POINT('',(-0.0101364171132445,0.0314840629421219,0.0057));
#3092=CARTESIAN_POINT('',(-0.0101364171132445,0.0308534409850836,0.0057));
#3093=CARTESIAN_POINT('',(-0.0101364171132445,0.0302228190280453,0.0057));
#3094=CARTESIAN_POINT('',(-0.0101364171132445,0.0302228190280453,0.00473431457505076));
#3095=CARTESIAN_POINT('',(-0.0101364171132445,0.0302228190280453,0.00296568542494924));
#3096=CARTESIAN_POINT('',(-0.0186889581924305,-0.00511977313533426,0.0057));
#3097=CARTESIAN_POINT('',(-0.0101364171132445,0.0302228190280453,0.0057));
#3098=CARTESIAN_POINT('',(-0.0186889581924305,0.0314840629421219,0.0057));
#3099=CARTESIAN_POINT('',(-0.0186889581924305,-0.00511977313533426,0.002));
#3100=CARTESIAN_POINT('',(-0.0101364171132445,0.0314840629421219,0.002));
#3101=CARTESIAN_POINT('',(-0.0186889581924305,0.0302228190280453,0.002));
#3102=CARTESIAN_POINT('',(-0.0186889581924305,0.0314840629421219,0.00296568542494924));
#3103=CARTESIAN_POINT('',(-0.0184726915322244,0.0302228190280453,0.00296568542494924));
#3104=CARTESIAN_POINT('',(-0.0186889581924305,0.0302228190280453,0.00473431457505076));
#3105=CARTESIAN_POINT('',(-0.0184726915322244,0.0314840629421219,0.00473431457505076));
#3106=CARTESIAN_POINT('',(0.,0.,0.));
#3107=CARTESIAN_POINT('',(-0.0189052248526364,-0.00743954627066852,0.0057));
#3108=CARTESIAN_POINT('',(-0.0105689504336566,-0.00743954627066852,0.0057));
#3109=CARTESIAN_POINT('',(-0.0105689504336566,-0.00743954627066852,0.00473431457505076));
#3110=CARTESIAN_POINT('',(-0.0105689504336566,-0.00743954627066852,0.00296568542494924));
#3111=CARTESIAN_POINT('',(-0.0272414992716163,-0.00743954627066852,0.00296568542494924));
#3112=CARTESIAN_POINT('',(-0.0272414992716163,-0.00743954627066852,0.00296568542494924));
#3113=CARTESIAN_POINT('',(-0.0272414992716163,-0.00743954627066852,0.0057));
#3114=CARTESIAN_POINT('',(-0.0272414992716163,-0.00743954627066852,0.00473431457505076));
#3115=CARTESIAN_POINT('',(-0.0189052248526364,-0.00743954627066852,0.00473431457505076));
#3116=CARTESIAN_POINT('',(-0.0272414992716163,-0.00903585365265609,0.0057));
#3117=CARTESIAN_POINT('',(-0.0272414992716163,-0.00840523169561776,0.00296568542494924));
#3118=CARTESIAN_POINT('',(-0.0272414992716163,-0.00840523169561776,0.002));
#3119=CARTESIAN_POINT('',(-0.0272414992716163,-0.00903585365265609,0.002));
#3120=CARTESIAN_POINT('',(-0.0272414992716163,-0.00966647560969443,0.002));
#3121=CARTESIAN_POINT('',(-0.0272414992716163,-0.00966647560969443,0.00296568542494924));
#3122=CARTESIAN_POINT('',(-0.0272414992716163,-0.0106321610346437,0.00296568542494924));
#3123=CARTESIAN_POINT('',(-0.0272414992716163,-0.0106321610346437,0.0057));
#3124=CARTESIAN_POINT('',(-0.0272414992716163,-0.0106321610346437,0.00473431457505076));
#3125=CARTESIAN_POINT('',(-0.0272414992716163,-0.00966647560969443,0.00473431457505076));
#3126=CARTESIAN_POINT('',(-0.0272414992716163,-0.00966647560969443,0.0057));
#3127=CARTESIAN_POINT('',(-0.0272414992716163,-0.00903585365265609,0.0057));
#3128=CARTESIAN_POINT('',(-0.0272414992716163,-0.00840523169561776,0.0057));
#3129=CARTESIAN_POINT('',(-0.0272414992716163,-0.00840523169561776,0.00473431457505076));
#3130=CARTESIAN_POINT('',(-0.0189052248526364,-0.0106321610346437,0.0057));
#3131=CARTESIAN_POINT('',(-0.0189052248526364,-0.0106321610346437,0.00296568542494924));
#3132=CARTESIAN_POINT('',(-0.0105689504336566,-0.0106321610346437,0.00296568542494924));
#3133=CARTESIAN_POINT('',(-0.0105689504336566,-0.0106321610346437,0.0057));
#3134=CARTESIAN_POINT('',(-0.0105689504336566,-0.0106321610346437,0.00473431457505076));
#3135=CARTESIAN_POINT('',(-0.0272414992716163,-0.0106321610346437,0.00473431457505076));
#3136=CARTESIAN_POINT('',(-0.0105689504336566,-0.00903585365265609,0.0057));
#3137=CARTESIAN_POINT('',(-0.0105689504336566,-0.00903585365265609,0.002));
#3138=CARTESIAN_POINT('',(-0.0105689504336566,-0.00840523169561776,0.002));
#3139=CARTESIAN_POINT('',(-0.0105689504336566,-0.00966647560969443,0.002));
#3140=CARTESIAN_POINT('',(-0.0105689504336566,-0.00840523169561776,0.00296568542494924));
#3141=CARTESIAN_POINT('',(-0.0105689504336566,-0.00840523169561776,0.00473431457505076));
#3142=CARTESIAN_POINT('',(-0.0105689504336566,-0.00840523169561776,0.0057));
#3143=CARTESIAN_POINT('',(-0.0105689504336566,-0.00903585365265609,0.0057));
#3144=CARTESIAN_POINT('',(-0.0105689504336566,-0.00966647560969443,0.0057));
#3145=CARTESIAN_POINT('',(-0.0105689504336566,-0.00966647560969443,0.00473431457505076));
#3146=CARTESIAN_POINT('',(-0.0105689504336566,-0.00966647560969443,0.00296568542494924));
#3147=CARTESIAN_POINT('',(-0.0186889581924305,-0.00511977313533426,0.0057));
#3148=CARTESIAN_POINT('',(-0.0105689504336566,-0.00966647560969443,0.0057));
#3149=CARTESIAN_POINT('',(-0.0186889581924305,-0.00840523169561776,0.0057));
#3150=CARTESIAN_POINT('',(-0.0186889581924305,-0.00511977313533426,0.002));
#3151=CARTESIAN_POINT('',(-0.0105689504336566,-0.00840523169561776,0.002));
#3152=CARTESIAN_POINT('',(-0.0186889581924305,-0.00966647560969443,0.002));
#3153=CARTESIAN_POINT('',(-0.0186889581924305,-0.00840523169561776,0.00296568542494924));
#3154=CARTESIAN_POINT('',(-0.0189052248526364,-0.00966647560969443,0.00296568542494924));
#3155=CARTESIAN_POINT('',(-0.0186889581924305,-0.00966647560969443,0.00473431457505076));
#3156=CARTESIAN_POINT('',(-0.0189052248526364,-0.00840523169561776,0.00473431457505076));
#3157=CARTESIAN_POINT('',(0.,0.,0.));
#3158=CARTESIAN_POINT('',(-0.0189052248526364,-0.0394966798737645,0.0057));
#3159=CARTESIAN_POINT('',(-0.0105689504336566,-0.0394966798737645,0.0057));
#3160=CARTESIAN_POINT('',(-0.0105689504336566,-0.0394966798737645,0.00473431457505076));
#3161=CARTESIAN_POINT('',(-0.0105689504336566,-0.0394966798737645,0.00296568542494924));
#3162=CARTESIAN_POINT('',(-0.0272414992716163,-0.0394966798737645,0.00296568542494924));
#3163=CARTESIAN_POINT('',(-0.0272414992716163,-0.0394966798737645,0.00296568542494924));
#3164=CARTESIAN_POINT('',(-0.0272414992716163,-0.0394966798737645,0.0057));
#3165=CARTESIAN_POINT('',(-0.0272414992716163,-0.0394966798737645,0.00473431457505076));
#3166=CARTESIAN_POINT('',(-0.0189052248526364,-0.0394966798737645,0.00473431457505076));
#3167=CARTESIAN_POINT('',(-0.0272414992716163,-0.0410929872557521,0.0057));
#3168=CARTESIAN_POINT('',(-0.0272414992716163,-0.0410929872557521,0.002));
#3169=CARTESIAN_POINT('',(-0.0272414992716163,-0.0404623652987138,0.002));
#3170=CARTESIAN_POINT('',(-0.0272414992716163,-0.0417236092127904,0.002));
#3171=CARTESIAN_POINT('',(-0.0272414992716163,-0.0417236092127904,0.00296568542494924));
#3172=CARTESIAN_POINT('',(-0.0272414992716163,-0.0426892946377396,0.00296568542494924));
#3173=CARTESIAN_POINT('',(-0.0272414992716163,-0.0426892946377396,0.0057));
#3174=CARTESIAN_POINT('',(-0.0272414992716163,-0.0426892946377396,0.00473431457505076));
#3175=CARTESIAN_POINT('',(-0.0272414992716163,-0.0417236092127904,0.00473431457505076));
#3176=CARTESIAN_POINT('',(-0.0272414992716163,-0.0417236092127904,0.0057));
#3177=CARTESIAN_POINT('',(-0.0272414992716163,-0.0410929872557521,0.0057));
#3178=CARTESIAN_POINT('',(-0.0272414992716163,-0.0404623652987138,0.0057));
#3179=CARTESIAN_POINT('',(-0.0272414992716163,-0.0404623652987138,0.00473431457505076));
#3180=CARTESIAN_POINT('',(-0.0272414992716163,-0.0404623652987138,0.00296568542494924));
#3181=CARTESIAN_POINT('',(-0.0189052248526364,-0.0426892946377396,0.0057));
#3182=CARTESIAN_POINT('',(-0.0189052248526364,-0.0426892946377396,0.00296568542494924));
#3183=CARTESIAN_POINT('',(-0.0105689504336566,-0.0426892946377396,0.00296568542494924));
#3184=CARTESIAN_POINT('',(-0.0105689504336566,-0.0426892946377396,0.0057));
#3185=CARTESIAN_POINT('',(-0.0105689504336566,-0.0426892946377396,0.00473431457505076));
#3186=CARTESIAN_POINT('',(-0.0272414992716163,-0.0426892946377396,0.00473431457505076));
#3187=CARTESIAN_POINT('',(-0.0105689504336566,-0.0410929872557521,0.0057));
#3188=CARTESIAN_POINT('',(-0.0105689504336566,-0.0417236092127904,0.00296568542494924));
#3189=CARTESIAN_POINT('',(-0.0105689504336566,-0.0417236092127904,0.002));
#3190=CARTESIAN_POINT('',(-0.0105689504336566,-0.0410929872557521,0.002));
#3191=CARTESIAN_POINT('',(-0.0105689504336566,-0.0404623652987138,0.002));
#3192=CARTESIAN_POINT('',(-0.0105689504336566,-0.0404623652987138,0.00296568542494924));
#3193=CARTESIAN_POINT('',(-0.0105689504336566,-0.0404623652987138,0.00473431457505076));
#3194=CARTESIAN_POINT('',(-0.0105689504336566,-0.0404623652987138,0.0057));
#3195=CARTESIAN_POINT('',(-0.0105689504336566,-0.0410929872557521,0.0057));
#3196=CARTESIAN_POINT('',(-0.0105689504336566,-0.0417236092127904,0.0057));
#3197=CARTESIAN_POINT('',(-0.0105689504336566,-0.0417236092127904,0.00473431457505076));
#3198=CARTESIAN_POINT('',(-0.0186889581924305,-0.00511977313533426,0.0057));
#3199=CARTESIAN_POINT('',(-0.0105689504336566,-0.0417236092127904,0.0057));
#3200=CARTESIAN_POINT('',(-0.0186889581924305,-0.0404623652987138,0.0057));
#3201=CARTESIAN_POINT('',(-0.0186889581924305,-0.00511977313533426,0.002));
#3202=CARTESIAN_POINT('',(-0.0186889581924305,-0.0417236092127904,0.002));
#3203=CARTESIAN_POINT('',(-0.0105689504336566,-0.0404623652987138,0.002));
#3204=CARTESIAN_POINT('',(-0.0189052248526364,-0.0417236092127904,0.00296568542494924));
#3205=CARTESIAN_POINT('',(-0.0186889581924305,-0.0404623652987138,0.00296568542494924));
#3206=CARTESIAN_POINT('',(-0.0186889581924305,-0.0417236092127904,0.00473431457505076));
#3207=CARTESIAN_POINT('',(-0.0189052248526364,-0.0404623652987138,0.00473431457505076));
#3208=CARTESIAN_POINT('',(0.,0.,0.));
#3209=CARTESIAN_POINT('',(-0.029475298176641,-0.00858806827664375,0.007));
#3210=CARTESIAN_POINT('',(-0.029475298176641,0.0367219822296951,0.007));
#3211=CARTESIAN_POINT('',(-0.029475298176641,0.0367219822296951,0.00531005050633883));
#3212=CARTESIAN_POINT('',(-0.029475298176641,0.0367219822296951,0.00168994949366116));
#3213=CARTESIAN_POINT('',(-0.029475298176641,-0.0555880682766438,0.00168994949366116));
#3214=CARTESIAN_POINT('',(-0.029475298176641,-0.0538981187829826,0.00168994949366116));
#3215=CARTESIAN_POINT('',(-0.029475298176641,-0.0538981187829826,0.007));
#3216=CARTESIAN_POINT('',(-0.029475298176641,-0.0538981187829826,0.00531005050633883));
#3217=CARTESIAN_POINT('',(-0.029475298176641,-0.00858806827664375,0.00531005050633883));
#3218=CARTESIAN_POINT('',(-0.0274318199157715,-0.0555880682766438,0.007));
#3219=CARTESIAN_POINT('',(-0.0274318199157715,-0.0555880682766438,0.00168994949366116));
#3220=CARTESIAN_POINT('',(-0.0277853486829799,-0.0555880682766438,0.00168994949366116));
#3221=CARTESIAN_POINT('',(-0.027078291148563,-0.0555880682766438,0.00168994949366116));
#3222=CARTESIAN_POINT('',(-0.027078291148563,-0.0555880682766438,0.007));
#3223=CARTESIAN_POINT('',(-0.027078291148563,-0.0555880682766438,0.00531005050633883));
#3224=CARTESIAN_POINT('',(-0.029475298176641,-0.0555880682766438,0.00531005050633883));
#3225=CARTESIAN_POINT('',(-0.0277853486829799,-0.0555880682766438,0.00531005050633883));
#3226=CARTESIAN_POINT('',(-0.0277853486829799,-0.0555880682766438,0.));
#3227=CARTESIAN_POINT('',(-0.0253883416549019,-0.00858806827664375,0.007));
#3228=CARTESIAN_POINT('',(-0.0253883416549019,-0.0555880682766438,0.00531005050633883));
#3229=CARTESIAN_POINT('',(-0.0253883416549019,0.0367219822296951,0.00531005050633883));
#3230=CARTESIAN_POINT('',(-0.0253883416549019,-0.0538981187829826,0.00531005050633883));
#3231=CARTESIAN_POINT('',(-0.0253883416549019,-0.0538981187829826,0.007));
#3232=CARTESIAN_POINT('',(-0.0253883416549019,-0.0538981187829826,0.));
#3233=CARTESIAN_POINT('',(-0.0253883416549019,-0.00858806827664375,0.));
#3234=CARTESIAN_POINT('',(-0.0253883416549019,0.0367219822296951,0.));
#3235=CARTESIAN_POINT('',(-0.0253883416549019,0.0367219822296951,0.007));
#3236=CARTESIAN_POINT('',(-0.0274318199157715,0.0384119317233562,0.007));
#3237=CARTESIAN_POINT('',(-0.0274318199157715,0.0384119317233562,0.00531005050633883));
#3238=CARTESIAN_POINT('',(-0.0277853486829799,0.0384119317233562,0.00531005050633883));
#3239=CARTESIAN_POINT('',(-0.0270782911485631,0.0384119317233562,0.00531005050633883));
#3240=CARTESIAN_POINT('',(-0.0270782911485631,0.0384119317233562,0.));
#3241=CARTESIAN_POINT('',(-0.0270782911485631,0.0384119317233562,0.00168994949366116));
#3242=CARTESIAN_POINT('',(-0.029475298176641,0.0384119317233562,0.00168994949366116));
#3243=CARTESIAN_POINT('',(-0.0277853486829799,0.0384119317233562,0.00168994949366116));
#3244=CARTESIAN_POINT('',(-0.0277853486829799,0.0384119317233562,0.007));
#3245=CARTESIAN_POINT('',(-0.0186326593168727,-0.00858806827664375,0.007));
#3246=CARTESIAN_POINT('',(-0.0253883416549019,-0.0538981187829826,0.007));
#3247=CARTESIAN_POINT('',(-0.0277853486829799,-0.0538981187829826,0.007));
#3248=CARTESIAN_POINT('',(-0.027078291148563,-0.0538981187829826,0.007));
#3249=CARTESIAN_POINT('',(-0.0270782911485631,0.0384119317233562,0.007));
#3250=CARTESIAN_POINT('',(-0.0270782911485631,0.0367219822296951,0.007));
#3251=CARTESIAN_POINT('',(-0.0186326593168727,0.0367219822296951,0.007));
#3252=CARTESIAN_POINT('',(-0.0277853486829799,0.0367219822296951,0.007));
#3253=CARTESIAN_POINT('',(-0.0277853486829799,-0.00858806827664375,0.007));
#3254=CARTESIAN_POINT('',(-0.0186326593168727,-0.00858806827664375,0.));
#3255=CARTESIAN_POINT('',(-0.0186326593168727,-0.0538981187829826,0.));
#3256=CARTESIAN_POINT('',(-0.0277853486829799,-0.0538981187829826,0.));
#3257=CARTESIAN_POINT('',(-0.0277853486829799,0.0384119317233562,0.));
#3258=CARTESIAN_POINT('',(-0.0277853486829799,0.0367219822296951,0.));
#3259=CARTESIAN_POINT('',(-0.0253883416549019,0.0367219822296951,0.));
#3260=CARTESIAN_POINT('',(-0.0277853486829799,0.0367219822296951,0.00168994949366116));
#3261=CARTESIAN_POINT('',(-0.0277853486829799,0.0367219822296951,0.00168994949366116));
#3262=CARTESIAN_POINT('',(-0.0277853486829799,0.0367219822296951,0.00168994949366116));
#3263=CARTESIAN_POINT('',(-0.0277853486829799,0.0367219822296951,0.00168994949366116));
#3264=CARTESIAN_POINT('',(-0.0186326593168727,0.0367219822296951,0.00168994949366116));
#3265=CARTESIAN_POINT('',(-0.0270782911485631,0.0367219822296951,0.00168994949366116));
#3266=CARTESIAN_POINT('',(-0.0277853486829799,-0.00858806827664375,0.00168994949366116));
#3267=CARTESIAN_POINT('',(-0.0277853486829799,-0.0538981187829826,0.00168994949366116));
#3268=CARTESIAN_POINT('',(-0.0277853486829799,0.0367219822296951,0.007));
#3269=CARTESIAN_POINT('',(-0.0277853486829799,0.0367219822296951,0.00531005050633883));
#3270=CARTESIAN_POINT('',(-0.0274318199157715,0.0367219822296951,0.00531005050633883));
#3271=CARTESIAN_POINT('',(-0.0270782911485631,0.0367219822296951,0.00531005050633883));
#3272=CARTESIAN_POINT('',(-0.0277853486829799,0.0367219822296951,0.00531005050633883));
#3273=CARTESIAN_POINT('',(-0.0270782911485631,0.0367219822296951,0.007));
#3274=CARTESIAN_POINT('',(-0.0270782911485631,0.0367219822296951,0.00531005050633883));
#3275=CARTESIAN_POINT('',(-0.0277853486829799,-0.0538981187829826,0.00168994949366116));
#3276=CARTESIAN_POINT('',(-0.0277853486829799,-0.0538981187829826,0.00168994949366116));
#3277=CARTESIAN_POINT('',(-0.0277853486829799,-0.0538981187829826,0.00168994949366116));
#3278=CARTESIAN_POINT('',(-0.0277853486829799,0.0367219822296951,0.00531005050633883));
#3279=CARTESIAN_POINT('',(-0.0277853486829799,0.0367219822296951,0.00531005050633883));
#3280=CARTESIAN_POINT('',(-0.0270782911485631,0.0367219822296951,0.00531005050633883));
#3281=CARTESIAN_POINT('',(-0.0270782911485631,0.0367219822296951,0.00531005050633883));
#3282=CARTESIAN_POINT('',(-0.0274318199157715,-0.0538981187829826,0.00168994949366116));
#3283=CARTESIAN_POINT('',(-0.027078291148563,-0.0538981187829826,0.00168994949366116));
#3284=CARTESIAN_POINT('',(-0.0277853486829799,-0.0538981187829826,0.007));
#3285=CARTESIAN_POINT('',(-0.0277853486829799,-0.0538981187829826,0.00531005050633883));
#3286=CARTESIAN_POINT('',(-0.0277853486829799,-0.00858806827664375,0.00531005050633883));
#3287=CARTESIAN_POINT('',(-0.0277853486829799,-0.0538981187829826,0.00531005050633883));
#3288=CARTESIAN_POINT('',(-0.027078291148563,-0.00858806827664375,0.00531005050633883));
#3289=CARTESIAN_POINT('',(-0.027078291148563,-0.0538981187829826,0.00531005050633883));
#3290=CARTESIAN_POINT('',(-0.027078291148563,-0.0538981187829826,0.007));
#3291=CARTESIAN_POINT('',(-0.027078291148563,-0.0538981187829826,0.00531005050633883));
#3292=CARTESIAN_POINT('',(-0.0277853486829799,-0.0538981187829826,0.00531005050633883));
#3293=CARTESIAN_POINT('',(-0.0277853486829799,-0.0538981187829826,0.00531005050633883));
#3294=CARTESIAN_POINT('',(-0.027078291148563,-0.0538981187829826,0.00531005050633883));
#3295=CARTESIAN_POINT('',(-0.027078291148563,-0.0538981187829826,0.00531005050633883));
#3296=CARTESIAN_POINT('',(-0.0186326593168727,-0.0538981187829826,0.00531005050633883));
#3297=CARTESIAN_POINT('',(0.,0.,0.));
#3298=CARTESIAN_POINT('',(-0.0184726915322244,0.0216520521432161,0.0057));
#3299=CARTESIAN_POINT('',(-0.0101364171132445,0.0216520521432161,0.0057));
#3300=CARTESIAN_POINT('',(-0.0101364171132445,0.0216520521432161,0.00473431457505076));
#3301=CARTESIAN_POINT('',(-0.0101364171132445,0.0216520521432161,0.00296568542494924));
#3302=CARTESIAN_POINT('',(-0.0268089659512043,0.0216520521432161,0.00296568542494924));
#3303=CARTESIAN_POINT('',(-0.0268089659512043,0.0216520521432161,0.00296568542494924));
#3304=CARTESIAN_POINT('',(-0.0268089659512043,0.0216520521432161,0.0057));
#3305=CARTESIAN_POINT('',(-0.0268089659512043,0.0216520521432161,0.00473431457505076));
#3306=CARTESIAN_POINT('',(-0.0184726915322244,0.0216520521432161,0.00473431457505076));
#3307=CARTESIAN_POINT('',(-0.0268089659512043,0.0200557447612285,0.0057));
#3308=CARTESIAN_POINT('',(-0.0268089659512043,0.0206863667182669,0.00296568542494924));
#3309=CARTESIAN_POINT('',(-0.0268089659512043,0.0206863667182669,0.002));
#3310=CARTESIAN_POINT('',(-0.0268089659512043,0.0200557447612285,0.002));
#3311=CARTESIAN_POINT('',(-0.0268089659512043,0.0194251228041902,0.002));
#3312=CARTESIAN_POINT('',(-0.0268089659512043,0.0194251228041902,0.00296568542494924));
#3313=CARTESIAN_POINT('',(-0.0268089659512043,0.018459437379241,0.00296568542494924));
#3314=CARTESIAN_POINT('',(-0.0268089659512043,0.018459437379241,0.0057));
#3315=CARTESIAN_POINT('',(-0.0268089659512043,0.018459437379241,0.00473431457505076));
#3316=CARTESIAN_POINT('',(-0.0268089659512043,0.0194251228041902,0.00473431457505076));
#3317=CARTESIAN_POINT('',(-0.0268089659512043,0.0194251228041902,0.0057));
#3318=CARTESIAN_POINT('',(-0.0268089659512043,0.0200557447612285,0.0057));
#3319=CARTESIAN_POINT('',(-0.0268089659512043,0.0206863667182669,0.0057));
#3320=CARTESIAN_POINT('',(-0.0268089659512043,0.0206863667182669,0.00473431457505076));
#3321=CARTESIAN_POINT('',(-0.0184726915322244,0.018459437379241,0.0057));
#3322=CARTESIAN_POINT('',(-0.0184726915322244,0.018459437379241,0.00296568542494924));
#3323=CARTESIAN_POINT('',(-0.0101364171132445,0.018459437379241,0.00296568542494924));
#3324=CARTESIAN_POINT('',(-0.0101364171132445,0.018459437379241,0.0057));
#3325=CARTESIAN_POINT('',(-0.0101364171132445,0.018459437379241,0.00473431457505076));
#3326=CARTESIAN_POINT('',(-0.0268089659512043,0.018459437379241,0.00473431457505076));
#3327=CARTESIAN_POINT('',(-0.0101364171132445,0.0200557447612285,0.0057));
#3328=CARTESIAN_POINT('',(-0.0101364171132445,0.0200557447612285,0.002));
#3329=CARTESIAN_POINT('',(-0.0101364171132445,0.0206863667182669,0.002));
#3330=CARTESIAN_POINT('',(-0.0101364171132445,0.0194251228041902,0.002));
#3331=CARTESIAN_POINT('',(-0.0101364171132445,0.0206863667182669,0.00296568542494924));
#3332=CARTESIAN_POINT('',(-0.0101364171132445,0.0206863667182669,0.00473431457505076));
#3333=CARTESIAN_POINT('',(-0.0101364171132445,0.0206863667182669,0.0057));
#3334=CARTESIAN_POINT('',(-0.0101364171132445,0.0200557447612285,0.0057));
#3335=CARTESIAN_POINT('',(-0.0101364171132445,0.0194251228041902,0.0057));
#3336=CARTESIAN_POINT('',(-0.0101364171132445,0.0194251228041902,0.00473431457505076));
#3337=CARTESIAN_POINT('',(-0.0101364171132445,0.0194251228041902,0.00296568542494924));
#3338=CARTESIAN_POINT('',(-0.0186889581924305,-0.00511977313533426,0.0057));
#3339=CARTESIAN_POINT('',(-0.0186889581924305,0.0206863667182669,0.0057));
#3340=CARTESIAN_POINT('',(-0.0101364171132445,0.0194251228041902,0.0057));
#3341=CARTESIAN_POINT('',(-0.0186889581924305,-0.00511977313533426,0.002));
#3342=CARTESIAN_POINT('',(-0.0101364171132445,0.0206863667182669,0.002));
#3343=CARTESIAN_POINT('',(-0.0186889581924305,0.0194251228041902,0.002));
#3344=CARTESIAN_POINT('',(-0.0186889581924305,0.0206863667182669,0.00296568542494924));
#3345=CARTESIAN_POINT('',(-0.0184726915322244,0.0194251228041902,0.00296568542494924));
#3346=CARTESIAN_POINT('',(-0.0184726915322244,0.0206863667182669,0.00473431457505076));
#3347=CARTESIAN_POINT('',(-0.0186889581924305,0.0194251228041902,0.00473431457505076));
#3348=CARTESIAN_POINT('',(0.,0.,0.));
#3349=CARTESIAN_POINT('',(-0.0189052248526364,-0.0182372424945236,0.0057));
#3350=CARTESIAN_POINT('',(-0.0105689504336566,-0.0182372424945236,0.0057));
#3351=CARTESIAN_POINT('',(-0.0105689504336566,-0.0182372424945236,0.00473431457505076));
#3352=CARTESIAN_POINT('',(-0.0105689504336566,-0.0182372424945236,0.00296568542494924));
#3353=CARTESIAN_POINT('',(-0.0272414992716163,-0.0182372424945236,0.00296568542494924));
#3354=CARTESIAN_POINT('',(-0.0272414992716163,-0.0182372424945236,0.00296568542494924));
#3355=CARTESIAN_POINT('',(-0.0272414992716163,-0.0182372424945236,0.0057));
#3356=CARTESIAN_POINT('',(-0.0272414992716163,-0.0182372424945236,0.00473431457505076));
#3357=CARTESIAN_POINT('',(-0.0189052248526364,-0.0182372424945236,0.00473431457505076));
#3358=CARTESIAN_POINT('',(-0.0272414992716163,-0.0198335498765111,0.0057));
#3359=CARTESIAN_POINT('',(-0.0272414992716163,-0.0192029279194728,0.00296568542494924));
#3360=CARTESIAN_POINT('',(-0.0272414992716163,-0.0192029279194728,0.002));
#3361=CARTESIAN_POINT('',(-0.0272414992716163,-0.0198335498765111,0.002));
#3362=CARTESIAN_POINT('',(-0.0272414992716163,-0.0204641718335494,0.002));
#3363=CARTESIAN_POINT('',(-0.0272414992716163,-0.0204641718335494,0.00296568542494924));
#3364=CARTESIAN_POINT('',(-0.0272414992716163,-0.0214298572584987,0.00296568542494924));
#3365=CARTESIAN_POINT('',(-0.0272414992716163,-0.0214298572584987,0.0057));
#3366=CARTESIAN_POINT('',(-0.0272414992716163,-0.0214298572584987,0.00473431457505076));
#3367=CARTESIAN_POINT('',(-0.0272414992716163,-0.0204641718335494,0.00473431457505076));
#3368=CARTESIAN_POINT('',(-0.0272414992716163,-0.0204641718335494,0.0057));
#3369=CARTESIAN_POINT('',(-0.0272414992716163,-0.0198335498765111,0.0057));
#3370=CARTESIAN_POINT('',(-0.0272414992716163,-0.0192029279194728,0.0057));
#3371=CARTESIAN_POINT('',(-0.0272414992716163,-0.0192029279194728,0.00473431457505076));
#3372=CARTESIAN_POINT('',(-0.0189052248526364,-0.0214298572584987,0.0057));
#3373=CARTESIAN_POINT('',(-0.0189052248526364,-0.0214298572584987,0.00296568542494924));
#3374=CARTESIAN_POINT('',(-0.0105689504336566,-0.0214298572584987,0.00296568542494924));
#3375=CARTESIAN_POINT('',(-0.0105689504336566,-0.0214298572584987,0.0057));
#3376=CARTESIAN_POINT('',(-0.0105689504336566,-0.0214298572584987,0.00473431457505076));
#3377=CARTESIAN_POINT('',(-0.0272414992716163,-0.0214298572584987,0.00473431457505076));
#3378=CARTESIAN_POINT('',(-0.0105689504336566,-0.0198335498765111,0.0057));
#3379=CARTESIAN_POINT('',(-0.0105689504336566,-0.0198335498765111,0.002));
#3380=CARTESIAN_POINT('',(-0.0105689504336566,-0.0192029279194728,0.002));
#3381=CARTESIAN_POINT('',(-0.0105689504336566,-0.0204641718335494,0.002));
#3382=CARTESIAN_POINT('',(-0.0105689504336566,-0.0192029279194728,0.00296568542494924));
#3383=CARTESIAN_POINT('',(-0.0105689504336566,-0.0192029279194728,0.00473431457505076));
#3384=CARTESIAN_POINT('',(-0.0105689504336566,-0.0192029279194728,0.0057));
#3385=CARTESIAN_POINT('',(-0.0105689504336566,-0.0198335498765111,0.0057));
#3386=CARTESIAN_POINT('',(-0.0105689504336566,-0.0204641718335494,0.0057));
#3387=CARTESIAN_POINT('',(-0.0105689504336566,-0.0204641718335494,0.00473431457505076));
#3388=CARTESIAN_POINT('',(-0.0105689504336566,-0.0204641718335494,0.00296568542494924));
#3389=CARTESIAN_POINT('',(-0.0186889581924305,-0.00511977313533426,0.0057));
#3390=CARTESIAN_POINT('',(-0.0105689504336566,-0.0204641718335494,0.0057));
#3391=CARTESIAN_POINT('',(-0.0186889581924305,-0.0192029279194728,0.0057));
#3392=CARTESIAN_POINT('',(-0.0186889581924305,-0.00511977313533426,0.002));
#3393=CARTESIAN_POINT('',(-0.0105689504336566,-0.0192029279194728,0.002));
#3394=CARTESIAN_POINT('',(-0.0186889581924305,-0.0204641718335494,0.002));
#3395=CARTESIAN_POINT('',(-0.0186889581924305,-0.0192029279194728,0.00296568542494924));
#3396=CARTESIAN_POINT('',(-0.0189052248526364,-0.0204641718335494,0.00296568542494924));
#3397=CARTESIAN_POINT('',(-0.0186889581924305,-0.0204641718335494,0.00473431457505076));
#3398=CARTESIAN_POINT('',(-0.0189052248526364,-0.0192029279194728,0.00473431457505076));
#3399=CARTESIAN_POINT('',(0.,0.,0.));
#3400=CARTESIAN_POINT('',(-0.0118769769788436,-0.00858806827664375,0.007));
#3401=CARTESIAN_POINT('',(-0.0118769769788436,-0.00858806827664375,0.));
#3402=CARTESIAN_POINT('',(-0.0118769769788436,-0.0538981187829826,0.));
#3403=CARTESIAN_POINT('',(-0.0118769769788436,0.0367219822296951,0.));
#3404=CARTESIAN_POINT('',(-0.0118769769788436,-0.0538981187829826,0.007));
#3405=CARTESIAN_POINT('',(-0.0118769769788436,-0.0538981187829826,0.00531005050633883));
#3406=CARTESIAN_POINT('',(-0.0118769769788436,-0.00858806827664375,0.00531005050633883));
#3407=CARTESIAN_POINT('',(-0.0118769769788436,0.0367219822296951,0.00531005050633883));
#3408=CARTESIAN_POINT('',(-0.0118769769788436,0.0367219822296951,0.007));
#3409=CARTESIAN_POINT('',(-0.00983349871797404,-0.0555880682766438,0.007));
#3410=CARTESIAN_POINT('',(-0.00983349871797404,-0.0555880682766438,0.00168994949366116));
#3411=CARTESIAN_POINT('',(-0.0101870274851824,-0.0555880682766438,0.00168994949366116));
#3412=CARTESIAN_POINT('',(-0.00947996995076563,-0.0555880682766438,0.00168994949366116));
#3413=CARTESIAN_POINT('',(-0.00947996995076563,-0.0555880682766438,0.007));
#3414=CARTESIAN_POINT('',(-0.00947996995076563,-0.0555880682766438,0.00531005050633883));
#3415=CARTESIAN_POINT('',(-0.0118769769788436,-0.0555880682766438,0.00531005050633883));
#3416=CARTESIAN_POINT('',(-0.0101870274851824,-0.0555880682766438,0.00531005050633883));
#3417=CARTESIAN_POINT('',(-0.0101870274851824,-0.0555880682766438,0.));
#3418=CARTESIAN_POINT('',(-0.00779002045710447,-0.00858806827664375,0.007));
#3419=CARTESIAN_POINT('',(-0.00779002045710446,-0.0538981187829826,0.007));
#3420=CARTESIAN_POINT('',(-0.00779002045710446,-0.0538981187829826,0.00531005050633883));
#3421=CARTESIAN_POINT('',(-0.00779002045710446,-0.0538981187829826,0.00168994949366116));
#3422=CARTESIAN_POINT('',(-0.00779002045710447,-0.00858806827664375,0.00168994949366116));
#3423=CARTESIAN_POINT('',(-0.00779002045710448,0.0367219822296951,0.00168994949366116));
#3424=CARTESIAN_POINT('',(-0.00779002045710448,0.0367219822296951,0.007));
#3425=CARTESIAN_POINT('',(-0.00779002045710448,0.0367219822296951,0.00531005050633883));
#3426=CARTESIAN_POINT('',(-0.00779002045710446,-0.0555880682766438,0.00531005050633883));
#3427=CARTESIAN_POINT('',(-0.00983349871797404,0.0384119317233562,0.007));
#3428=CARTESIAN_POINT('',(-0.00983349871797404,0.0384119317233562,0.00531005050633883));
#3429=CARTESIAN_POINT('',(-0.0101870274851824,0.0384119317233562,0.00531005050633883));
#3430=CARTESIAN_POINT('',(-0.00947996995076564,0.0384119317233562,0.00531005050633883));
#3431=CARTESIAN_POINT('',(-0.00947996995076564,0.0384119317233562,0.));
#3432=CARTESIAN_POINT('',(-0.00947996995076564,0.0384119317233562,0.00168994949366116));
#3433=CARTESIAN_POINT('',(-0.0118769769788436,0.0384119317233562,0.00168994949366116));
#3434=CARTESIAN_POINT('',(-0.0101870274851824,0.0384119317233562,0.00168994949366116));
#3435=CARTESIAN_POINT('',(-0.0101870274851824,0.0384119317233562,0.007));
#3436=CARTESIAN_POINT('',(-0.0186326593168727,-0.00858806827664375,0.007));
#3437=CARTESIAN_POINT('',(-0.0186326593168727,0.0367219822296951,0.007));
#3438=CARTESIAN_POINT('',(-0.00947996995076564,0.0367219822296951,0.007));
#3439=CARTESIAN_POINT('',(-0.0101870274851824,0.0367219822296951,0.007));
#3440=CARTESIAN_POINT('',(-0.0101870274851824,-0.00858806827664375,0.007));
#3441=CARTESIAN_POINT('',(-0.0101870274851824,-0.0538981187829826,0.007));
#3442=CARTESIAN_POINT('',(-0.00779002045710446,-0.0538981187829826,0.007));
#3443=CARTESIAN_POINT('',(-0.00947996995076563,-0.0538981187829826,0.007));
#3444=CARTESIAN_POINT('',(-0.00947996995076564,0.0384119317233562,0.007));
#3445=CARTESIAN_POINT('',(-0.0186326593168727,-0.00858806827664375,0.));
#3446=CARTESIAN_POINT('',(-0.00947996995076564,-0.00858806827664375,0.));
#3447=CARTESIAN_POINT('',(-0.00947996995076564,0.0367219822296951,0.));
#3448=CARTESIAN_POINT('',(-0.00947996995076563,-0.0538981187829826,0.));
#3449=CARTESIAN_POINT('',(-0.0186326593168727,-0.0538981187829826,0.));
#3450=CARTESIAN_POINT('',(-0.00779002045710448,0.0367219822296951,0.));
#3451=CARTESIAN_POINT('',(-0.0186326593168727,0.0367219822296951,0.00168994949366116));
#3452=CARTESIAN_POINT('',(-0.00947996995076564,0.0367219822296951,0.00168994949366116));
#3453=CARTESIAN_POINT('',(-0.0101870274851824,0.0367219822296951,0.00168994949366116));
#3454=CARTESIAN_POINT('',(-0.00947996995076564,0.0367219822296951,0.00168994949366116));
#3455=CARTESIAN_POINT('',(-0.00947996995076564,0.0367219822296951,0.00168994949366116));
#3456=CARTESIAN_POINT('',(-0.00947996995076564,0.0367219822296951,0.00168994949366116));
#3457=CARTESIAN_POINT('',(-0.0101870274851824,0.0367219822296951,0.007));
#3458=CARTESIAN_POINT('',(-0.0101870274851824,0.0367219822296951,0.00531005050633883));
#3459=CARTESIAN_POINT('',(-0.00983349871797404,0.0367219822296951,0.00531005050633883));
#3460=CARTESIAN_POINT('',(-0.00947996995076564,0.0367219822296951,0.00531005050633883));
#3461=CARTESIAN_POINT('',(-0.0101870274851824,0.0367219822296951,0.00531005050633883));
#3462=CARTESIAN_POINT('',(-0.00947996995076564,0.0367219822296951,0.007));
#3463=CARTESIAN_POINT('',(-0.00947996995076564,0.0367219822296951,0.00531005050633883));
#3464=CARTESIAN_POINT('',(-0.00947996995076564,-0.00858806827664375,0.00168994949366116));
#3465=CARTESIAN_POINT('',(-0.00947996995076563,-0.0538981187829826,0.00168994949366116));
#3466=CARTESIAN_POINT('',(-0.00983349871797404,-0.0538981187829826,0.00168994949366116));
#3467=CARTESIAN_POINT('',(-0.0101870274851824,-0.0538981187829826,0.00168994949366116));
#3468=CARTESIAN_POINT('',(-0.00947996995076563,-0.0538981187829826,0.00168994949366116));
#3469=CARTESIAN_POINT('',(-0.0101870274851824,0.0367219822296951,0.00531005050633883));
#3470=CARTESIAN_POINT('',(-0.0101870274851824,0.0367219822296951,0.00531005050633883));
#3471=CARTESIAN_POINT('',(-0.00947996995076564,0.0367219822296951,0.00531005050633883));
#3472=CARTESIAN_POINT('',(-0.00947996995076564,0.0367219822296951,0.00531005050633883));
#3473=CARTESIAN_POINT('',(-0.00947996995076563,-0.0538981187829826,0.00168994949366116));
#3474=CARTESIAN_POINT('',(-0.00947996995076563,-0.0538981187829826,0.00168994949366116));
#3475=CARTESIAN_POINT('',(-0.0101870274851824,-0.0538981187829826,0.007));
#3476=CARTESIAN_POINT('',(-0.0101870274851824,-0.0538981187829826,0.00531005050633883));
#3477=CARTESIAN_POINT('',(-0.0101870274851824,-0.00858806827664375,0.00531005050633883));
#3478=CARTESIAN_POINT('',(-0.0101870274851824,-0.0538981187829826,0.00531005050633883));
#3479=CARTESIAN_POINT('',(-0.00947996995076564,-0.00858806827664375,0.00531005050633883));
#3480=CARTESIAN_POINT('',(-0.00947996995076563,-0.0538981187829826,0.00531005050633883));
#3481=CARTESIAN_POINT('',(-0.00947996995076563,-0.0538981187829826,0.007));
#3482=CARTESIAN_POINT('',(-0.00947996995076563,-0.0538981187829826,0.00531005050633883));
#3483=CARTESIAN_POINT('',(-0.0101870274851824,-0.0538981187829826,0.00531005050633883));
#3484=CARTESIAN_POINT('',(-0.0101870274851824,-0.0538981187829826,0.00531005050633883));
#3485=CARTESIAN_POINT('',(-0.00947996995076563,-0.0538981187829826,0.00531005050633883));
#3486=CARTESIAN_POINT('',(-0.00947996995076563,-0.0538981187829826,0.00531005050633883));
#3487=CARTESIAN_POINT('',(-0.0186326593168727,-0.0538981187829826,0.00531005050633883));
#3488=CARTESIAN_POINT('',(0.,0.,0.));
#3489=CARTESIAN_POINT('',(-0.0184726915322244,0.0111903109878302,0.0057));
#3490=CARTESIAN_POINT('',(-0.0101364171132445,0.0111903109878302,0.0057));
#3491=CARTESIAN_POINT('',(-0.0101364171132445,0.0111903109878302,0.00473431457505076));
#3492=CARTESIAN_POINT('',(-0.0101364171132445,0.0111903109878302,0.00296568542494924));
#3493=CARTESIAN_POINT('',(-0.0268089659512043,0.0111903109878302,0.00296568542494924));
#3494=CARTESIAN_POINT('',(-0.0268089659512043,0.0111903109878302,0.00296568542494924));
#3495=CARTESIAN_POINT('',(-0.0268089659512043,0.0111903109878302,0.0057));
#3496=CARTESIAN_POINT('',(-0.0268089659512043,0.0111903109878302,0.00473431457505076));
#3497=CARTESIAN_POINT('',(-0.0184726915322244,0.0111903109878302,0.00473431457505076));
#3498=CARTESIAN_POINT('',(-0.0268089659512043,0.00959400360584261,0.0057));
#3499=CARTESIAN_POINT('',(-0.0268089659512043,0.0102246255628809,0.00296568542494924));
#3500=CARTESIAN_POINT('',(-0.0268089659512043,0.0102246255628809,0.002));
#3501=CARTESIAN_POINT('',(-0.0268089659512043,0.00959400360584261,0.002));
#3502=CARTESIAN_POINT('',(-0.0268089659512043,0.00896338164880427,0.002));
#3503=CARTESIAN_POINT('',(-0.0268089659512043,0.00896338164880427,0.00296568542494924));
#3504=CARTESIAN_POINT('',(-0.0268089659512043,0.00799769622385503,0.00296568542494924));
#3505=CARTESIAN_POINT('',(-0.0268089659512043,0.00799769622385503,0.0057));
#3506=CARTESIAN_POINT('',(-0.0268089659512043,0.00799769622385503,0.00473431457505076));
#3507=CARTESIAN_POINT('',(-0.0268089659512043,0.00896338164880427,0.00473431457505076));
#3508=CARTESIAN_POINT('',(-0.0268089659512043,0.00896338164880427,0.0057));
#3509=CARTESIAN_POINT('',(-0.0268089659512043,0.00959400360584261,0.0057));
#3510=CARTESIAN_POINT('',(-0.0268089659512043,0.0102246255628809,0.0057));
#3511=CARTESIAN_POINT('',(-0.0268089659512043,0.0102246255628809,0.00473431457505076));
#3512=CARTESIAN_POINT('',(-0.0184726915322244,0.00799769622385503,0.0057));
#3513=CARTESIAN_POINT('',(-0.0184726915322244,0.00799769622385503,0.00296568542494924));
#3514=CARTESIAN_POINT('',(-0.0101364171132445,0.00799769622385503,0.00296568542494924));
#3515=CARTESIAN_POINT('',(-0.0101364171132445,0.00799769622385503,0.0057));
#3516=CARTESIAN_POINT('',(-0.0101364171132445,0.00799769622385503,0.00473431457505076));
#3517=CARTESIAN_POINT('',(-0.0268089659512043,0.00799769622385503,0.00473431457505076));
#3518=CARTESIAN_POINT('',(-0.0101364171132445,0.00959400360584261,0.0057));
#3519=CARTESIAN_POINT('',(-0.0101364171132445,0.00959400360584261,0.002));
#3520=CARTESIAN_POINT('',(-0.0101364171132445,0.0102246255628809,0.002));
#3521=CARTESIAN_POINT('',(-0.0101364171132445,0.00896338164880427,0.002));
#3522=CARTESIAN_POINT('',(-0.0101364171132445,0.0102246255628809,0.00296568542494924));
#3523=CARTESIAN_POINT('',(-0.0101364171132445,0.0102246255628809,0.00473431457505076));
#3524=CARTESIAN_POINT('',(-0.0101364171132445,0.0102246255628809,0.0057));
#3525=CARTESIAN_POINT('',(-0.0101364171132445,0.00959400360584261,0.0057));
#3526=CARTESIAN_POINT('',(-0.0101364171132445,0.00896338164880427,0.0057));
#3527=CARTESIAN_POINT('',(-0.0101364171132445,0.00896338164880427,0.00473431457505076));
#3528=CARTESIAN_POINT('',(-0.0101364171132445,0.00896338164880427,0.00296568542494924));
#3529=CARTESIAN_POINT('',(-0.0186889581924305,-0.00511977313533426,0.0057));
#3530=CARTESIAN_POINT('',(-0.0101364171132445,0.00896338164880427,0.0057));
#3531=CARTESIAN_POINT('',(-0.0186889581924305,0.0102246255628809,0.0057));
#3532=CARTESIAN_POINT('',(-0.0186889581924305,-0.00511977313533426,0.002));
#3533=CARTESIAN_POINT('',(-0.0101364171132445,0.0102246255628809,0.002));
#3534=CARTESIAN_POINT('',(-0.0186889581924305,0.00896338164880427,0.002));
#3535=CARTESIAN_POINT('',(-0.0186889581924305,0.0102246255628809,0.00296568542494924));
#3536=CARTESIAN_POINT('',(-0.0184726915322244,0.00896338164880427,0.00296568542494924));
#3537=CARTESIAN_POINT('',(-0.0186889581924305,0.00896338164880427,0.00473431457505076));
#3538=CARTESIAN_POINT('',(-0.0184726915322244,0.0102246255628809,0.00473431457505076));
#3539=CARTESIAN_POINT('',(0.,0.,0.));
#3540=CARTESIAN_POINT('',(-0.0184726915322244,0.000392614763975146,0.0057));
#3541=CARTESIAN_POINT('',(-0.0101364171132445,0.000392614763975146,0.0057));
#3542=CARTESIAN_POINT('',(-0.0101364171132445,0.000392614763975146,0.00473431457505076));
#3543=CARTESIAN_POINT('',(-0.0101364171132445,0.000392614763975146,0.00296568542494924));
#3544=CARTESIAN_POINT('',(-0.0268089659512043,0.000392614763975146,0.00296568542494924));
#3545=CARTESIAN_POINT('',(-0.0268089659512043,0.000392614763975146,0.00296568542494924));
#3546=CARTESIAN_POINT('',(-0.0268089659512043,0.000392614763975146,0.0057));
#3547=CARTESIAN_POINT('',(-0.0268089659512043,0.000392614763975146,0.00473431457505076));
#3548=CARTESIAN_POINT('',(-0.0184726915322244,0.000392614763975146,0.00473431457505076));
#3549=CARTESIAN_POINT('',(-0.0268089659512043,-0.00120369261801242,0.0057));
#3550=CARTESIAN_POINT('',(-0.0268089659512043,-0.000573070660974092,0.00296568542494924));
#3551=CARTESIAN_POINT('',(-0.0268089659512043,-0.000573070660974092,0.002));
#3552=CARTESIAN_POINT('',(-0.0268089659512043,-0.00120369261801242,0.002));
#3553=CARTESIAN_POINT('',(-0.0268089659512043,-0.00183431457505076,0.002));
#3554=CARTESIAN_POINT('',(-0.0268089659512043,-0.00183431457505076,0.00296568542494924));
#3555=CARTESIAN_POINT('',(-0.0268089659512043,-0.0028,0.00296568542494924));
#3556=CARTESIAN_POINT('',(-0.0268089659512043,-0.0028,0.0057));
#3557=CARTESIAN_POINT('',(-0.0268089659512043,-0.0028,0.00473431457505076));
#3558=CARTESIAN_POINT('',(-0.0268089659512043,-0.00183431457505076,0.00473431457505076));
#3559=CARTESIAN_POINT('',(-0.0268089659512043,-0.00183431457505076,0.0057));
#3560=CARTESIAN_POINT('',(-0.0268089659512043,-0.00120369261801242,0.0057));
#3561=CARTESIAN_POINT('',(-0.0268089659512043,-0.000573070660974092,0.0057));
#3562=CARTESIAN_POINT('',(-0.0268089659512043,-0.000573070660974092,0.00473431457505076));
#3563=CARTESIAN_POINT('',(-0.0184726915322244,-0.0028,0.0057));
#3564=CARTESIAN_POINT('',(-0.0184726915322244,-0.0028,0.00296568542494924));
#3565=CARTESIAN_POINT('',(-0.0101364171132445,-0.0028,0.00296568542494924));
#3566=CARTESIAN_POINT('',(-0.0101364171132445,-0.0028,0.0057));
#3567=CARTESIAN_POINT('',(-0.0101364171132445,-0.0028,0.00473431457505076));
#3568=CARTESIAN_POINT('',(-0.0268089659512043,-0.0028,0.00473431457505076));
#3569=CARTESIAN_POINT('',(-0.0101364171132445,-0.00120369261801242,0.0057));
#3570=CARTESIAN_POINT('',(-0.0101364171132445,-0.00120369261801242,0.002));
#3571=CARTESIAN_POINT('',(-0.0101364171132445,-0.000573070660974092,0.002));
#3572=CARTESIAN_POINT('',(-0.0101364171132445,-0.00183431457505076,0.002));
#3573=CARTESIAN_POINT('',(-0.0101364171132445,-0.000573070660974092,0.00296568542494924));
#3574=CARTESIAN_POINT('',(-0.0101364171132445,-0.000573070660974092,0.00473431457505076));
#3575=CARTESIAN_POINT('',(-0.0101364171132445,-0.000573070660974092,0.0057));
#3576=CARTESIAN_POINT('',(-0.0101364171132445,-0.00120369261801242,0.0057));
#3577=CARTESIAN_POINT('',(-0.0101364171132445,-0.00183431457505076,0.0057));
#3578=CARTESIAN_POINT('',(-0.0101364171132445,-0.00183431457505076,0.00473431457505076));
#3579=CARTESIAN_POINT('',(-0.0101364171132445,-0.00183431457505076,0.00296568542494924));
#3580=CARTESIAN_POINT('',(-0.0186889581924305,-0.00511977313533426,0.0057));
#3581=CARTESIAN_POINT('',(-0.0101364171132445,-0.00183431457505076,0.0057));
#3582=CARTESIAN_POINT('',(-0.0186889581924305,-0.000573070660974092,0.0057));
#3583=CARTESIAN_POINT('',(-0.0186889581924305,-0.00511977313533426,0.002));
#3584=CARTESIAN_POINT('',(-0.0101364171132445,-0.000573070660974092,0.002));
#3585=CARTESIAN_POINT('',(-0.0186889581924305,-0.00183431457505076,0.002));
#3586=CARTESIAN_POINT('',(-0.0186889581924305,-0.000573070660974092,0.00296568542494924));
#3587=CARTESIAN_POINT('',(-0.0184726915322244,-0.00183431457505076,0.00296568542494924));
#3588=CARTESIAN_POINT('',(-0.0186889581924305,-0.00183431457505076,0.00473431457505076));
#3589=CARTESIAN_POINT('',(-0.0184726915322244,-0.000573070660974092,0.00473431457505076));
#3590=MECHANICAL_DESIGN_GEOMETRIC_PRESENTATION_REPRESENTATION('',(#2002),
#3600);
#3591=MECHANICAL_DESIGN_GEOMETRIC_PRESENTATION_REPRESENTATION('',(#2003),
#3601);
#3592=MECHANICAL_DESIGN_GEOMETRIC_PRESENTATION_REPRESENTATION('',(#2004),
#3602);
#3593=MECHANICAL_DESIGN_GEOMETRIC_PRESENTATION_REPRESENTATION('',(#2005),
#3603);
#3594=MECHANICAL_DESIGN_GEOMETRIC_PRESENTATION_REPRESENTATION('',(#2006),
#3604);
#3595=MECHANICAL_DESIGN_GEOMETRIC_PRESENTATION_REPRESENTATION('',(#2007),
#3605);
#3596=MECHANICAL_DESIGN_GEOMETRIC_PRESENTATION_REPRESENTATION('',(#2008),
#3606);
#3597=MECHANICAL_DESIGN_GEOMETRIC_PRESENTATION_REPRESENTATION('',(#2009),
#3607);
#3598=MECHANICAL_DESIGN_GEOMETRIC_PRESENTATION_REPRESENTATION('',(#2010),
#3608);
#3599=MECHANICAL_DESIGN_GEOMETRIC_PRESENTATION_REPRESENTATION('',(#2011),
#3609);
#3600=(
GEOMETRIC_REPRESENTATION_CONTEXT(3)
GLOBAL_UNCERTAINTY_ASSIGNED_CONTEXT((#3610))
GLOBAL_UNIT_ASSIGNED_CONTEXT((#3640,#3630,#3620))
REPRESENTATION_CONTEXT('Part 9','TOP_LEVEL_ASSEMBLY_PART')
);
#3601=(
GEOMETRIC_REPRESENTATION_CONTEXT(3)
GLOBAL_UNCERTAINTY_ASSIGNED_CONTEXT((#3611))
GLOBAL_UNIT_ASSIGNED_CONTEXT((#3641,#3631,#3621))
REPRESENTATION_CONTEXT('Part 3','TOP_LEVEL_ASSEMBLY_PART')
);
#3602=(
GEOMETRIC_REPRESENTATION_CONTEXT(3)
GLOBAL_UNCERTAINTY_ASSIGNED_CONTEXT((#3612))
GLOBAL_UNIT_ASSIGNED_CONTEXT((#3642,#3632,#3622))
REPRESENTATION_CONTEXT('Part 7','TOP_LEVEL_ASSEMBLY_PART')
);
#3603=(
GEOMETRIC_REPRESENTATION_CONTEXT(3)
GLOBAL_UNCERTAINTY_ASSIGNED_CONTEXT((#3613))
GLOBAL_UNIT_ASSIGNED_CONTEXT((#3643,#3633,#3623))
REPRESENTATION_CONTEXT('Part 10','TOP_LEVEL_ASSEMBLY_PART')
);
#3604=(
GEOMETRIC_REPRESENTATION_CONTEXT(3)
GLOBAL_UNCERTAINTY_ASSIGNED_CONTEXT((#3614))
GLOBAL_UNIT_ASSIGNED_CONTEXT((#3644,#3634,#3624))
REPRESENTATION_CONTEXT('Part 1','TOP_LEVEL_ASSEMBLY_PART')
);
#3605=(
GEOMETRIC_REPRESENTATION_CONTEXT(3)
GLOBAL_UNCERTAINTY_ASSIGNED_CONTEXT((#3615))
GLOBAL_UNIT_ASSIGNED_CONTEXT((#3645,#3635,#3625))
REPRESENTATION_CONTEXT('Part 4','TOP_LEVEL_ASSEMBLY_PART')
);
#3606=(
GEOMETRIC_REPRESENTATION_CONTEXT(3)
GLOBAL_UNCERTAINTY_ASSIGNED_CONTEXT((#3616))
GLOBAL_UNIT_ASSIGNED_CONTEXT((#3646,#3636,#3626))
REPRESENTATION_CONTEXT('Part 8','TOP_LEVEL_ASSEMBLY_PART')
);
#3607=(
GEOMETRIC_REPRESENTATION_CONTEXT(3)
GLOBAL_UNCERTAINTY_ASSIGNED_CONTEXT((#3617))
GLOBAL_UNIT_ASSIGNED_CONTEXT((#3647,#3637,#3627))
REPRESENTATION_CONTEXT('Part 2','TOP_LEVEL_ASSEMBLY_PART')
);
#3608=(
GEOMETRIC_REPRESENTATION_CONTEXT(3)
GLOBAL_UNCERTAINTY_ASSIGNED_CONTEXT((#3618))
GLOBAL_UNIT_ASSIGNED_CONTEXT((#3648,#3638,#3628))
REPRESENTATION_CONTEXT('Part 5','TOP_LEVEL_ASSEMBLY_PART')
);
#3609=(
GEOMETRIC_REPRESENTATION_CONTEXT(3)
GLOBAL_UNCERTAINTY_ASSIGNED_CONTEXT((#3619))
GLOBAL_UNIT_ASSIGNED_CONTEXT((#3649,#3639,#3629))
REPRESENTATION_CONTEXT('Part 6','TOP_LEVEL_ASSEMBLY_PART')
);
#3610=UNCERTAINTY_MEASURE_WITH_UNIT(LENGTH_MEASURE(1.E-8),#3640,
'DISTANCE_ACCURACY_VALUE','Maximum Tolerance applied to model');
#3611=UNCERTAINTY_MEASURE_WITH_UNIT(LENGTH_MEASURE(1.E-8),#3641,
'DISTANCE_ACCURACY_VALUE','Maximum Tolerance applied to model');
#3612=UNCERTAINTY_MEASURE_WITH_UNIT(LENGTH_MEASURE(1.E-8),#3642,
'DISTANCE_ACCURACY_VALUE','Maximum Tolerance applied to model');
#3613=UNCERTAINTY_MEASURE_WITH_UNIT(LENGTH_MEASURE(1.E-8),#3643,
'DISTANCE_ACCURACY_VALUE','Maximum Tolerance applied to model');
#3614=UNCERTAINTY_MEASURE_WITH_UNIT(LENGTH_MEASURE(1.E-8),#3644,
'DISTANCE_ACCURACY_VALUE','Maximum Tolerance applied to model');
#3615=UNCERTAINTY_MEASURE_WITH_UNIT(LENGTH_MEASURE(1.E-8),#3645,
'DISTANCE_ACCURACY_VALUE','Maximum Tolerance applied to model');
#3616=UNCERTAINTY_MEASURE_WITH_UNIT(LENGTH_MEASURE(1.E-8),#3646,
'DISTANCE_ACCURACY_VALUE','Maximum Tolerance applied to model');
#3617=UNCERTAINTY_MEASURE_WITH_UNIT(LENGTH_MEASURE(1.E-8),#3647,
'DISTANCE_ACCURACY_VALUE','Maximum Tolerance applied to model');
#3618=UNCERTAINTY_MEASURE_WITH_UNIT(LENGTH_MEASURE(1.E-8),#3648,
'DISTANCE_ACCURACY_VALUE','Maximum Tolerance applied to model');
#3619=UNCERTAINTY_MEASURE_WITH_UNIT(LENGTH_MEASURE(1.E-8),#3649,
'DISTANCE_ACCURACY_VALUE','Maximum Tolerance applied to model');
#3620=(
NAMED_UNIT(*)
SI_UNIT($,.STERADIAN.)
SOLID_ANGLE_UNIT()
);
#3621=(
NAMED_UNIT(*)
SI_UNIT($,.STERADIAN.)
SOLID_ANGLE_UNIT()
);
#3622=(
NAMED_UNIT(*)
SI_UNIT($,.STERADIAN.)
SOLID_ANGLE_UNIT()
);
#3623=(
NAMED_UNIT(*)
SI_UNIT($,.STERADIAN.)
SOLID_ANGLE_UNIT()
);
#3624=(
NAMED_UNIT(*)
SI_UNIT($,.STERADIAN.)
SOLID_ANGLE_UNIT()
);
#3625=(
NAMED_UNIT(*)
SI_UNIT($,.STERADIAN.)
SOLID_ANGLE_UNIT()
);
#3626=(
NAMED_UNIT(*)
SI_UNIT($,.STERADIAN.)
SOLID_ANGLE_UNIT()
);
#3627=(
NAMED_UNIT(*)
SI_UNIT($,.STERADIAN.)
SOLID_ANGLE_UNIT()
);
#3628=(
NAMED_UNIT(*)
SI_UNIT($,.STERADIAN.)
SOLID_ANGLE_UNIT()
);
#3629=(
NAMED_UNIT(*)
SI_UNIT($,.STERADIAN.)
SOLID_ANGLE_UNIT()
);
#3630=(
NAMED_UNIT(*)
PLANE_ANGLE_UNIT()
SI_UNIT($,.RADIAN.)
);
#3631=(
NAMED_UNIT(*)
PLANE_ANGLE_UNIT()
SI_UNIT($,.RADIAN.)
);
#3632=(
NAMED_UNIT(*)
PLANE_ANGLE_UNIT()
SI_UNIT($,.RADIAN.)
);
#3633=(
NAMED_UNIT(*)
PLANE_ANGLE_UNIT()
SI_UNIT($,.RADIAN.)
);
#3634=(
NAMED_UNIT(*)
PLANE_ANGLE_UNIT()
SI_UNIT($,.RADIAN.)
);
#3635=(
NAMED_UNIT(*)
PLANE_ANGLE_UNIT()
SI_UNIT($,.RADIAN.)
);
#3636=(
NAMED_UNIT(*)
PLANE_ANGLE_UNIT()
SI_UNIT($,.RADIAN.)
);
#3637=(
NAMED_UNIT(*)
PLANE_ANGLE_UNIT()
SI_UNIT($,.RADIAN.)
);
#3638=(
NAMED_UNIT(*)
PLANE_ANGLE_UNIT()
SI_UNIT($,.RADIAN.)
);
#3639=(
NAMED_UNIT(*)
PLANE_ANGLE_UNIT()
SI_UNIT($,.RADIAN.)
);
#3640=(
LENGTH_UNIT()
NAMED_UNIT(*)
SI_UNIT($,.METRE.)
);
#3641=(
LENGTH_UNIT()
NAMED_UNIT(*)
SI_UNIT($,.METRE.)
);
#3642=(
LENGTH_UNIT()
NAMED_UNIT(*)
SI_UNIT($,.METRE.)
);
#3643=(
LENGTH_UNIT()
NAMED_UNIT(*)
SI_UNIT($,.METRE.)
);
#3644=(
LENGTH_UNIT()
NAMED_UNIT(*)
SI_UNIT($,.METRE.)
);
#3645=(
LENGTH_UNIT()
NAMED_UNIT(*)
SI_UNIT($,.METRE.)
);
#3646=(
LENGTH_UNIT()
NAMED_UNIT(*)
SI_UNIT($,.METRE.)
);
#3647=(
LENGTH_UNIT()
NAMED_UNIT(*)
SI_UNIT($,.METRE.)
);
#3648=(
LENGTH_UNIT()
NAMED_UNIT(*)
SI_UNIT($,.METRE.)
);
#3649=(
LENGTH_UNIT()
NAMED_UNIT(*)
SI_UNIT($,.METRE.)
);
#3650=PRODUCT_DEFINITION_SHAPE('','',#3660);
#3651=PRODUCT_DEFINITION_SHAPE('','',#3661);
#3652=PRODUCT_DEFINITION_SHAPE('','',#3662);
#3653=PRODUCT_DEFINITION_SHAPE('','',#3663);
#3654=PRODUCT_DEFINITION_SHAPE('','',#3664);
#3655=PRODUCT_DEFINITION_SHAPE('','',#3665);
#3656=PRODUCT_DEFINITION_SHAPE('','',#3666);
#3657=PRODUCT_DEFINITION_SHAPE('','',#3667);
#3658=PRODUCT_DEFINITION_SHAPE('','',#3668);
#3659=PRODUCT_DEFINITION_SHAPE('','',#3669);
#3660=PRODUCT_DEFINITION('','',#3680,#3670);
#3661=PRODUCT_DEFINITION('','',#3681,#3671);
#3662=PRODUCT_DEFINITION('','',#3682,#3672);
#3663=PRODUCT_DEFINITION('','',#3683,#3673);
#3664=PRODUCT_DEFINITION('','',#3684,#3674);
#3665=PRODUCT_DEFINITION('','',#3685,#3675);
#3666=PRODUCT_DEFINITION('','',#3686,#3676);
#3667=PRODUCT_DEFINITION('','',#3687,#3677);
#3668=PRODUCT_DEFINITION('','',#3688,#3678);
#3669=PRODUCT_DEFINITION('','',#3689,#3679);
#3670=PRODUCT_DEFINITION_CONTEXT('',#3740,'design');
#3671=PRODUCT_DEFINITION_CONTEXT('',#3741,'design');
#3672=PRODUCT_DEFINITION_CONTEXT('',#3742,'design');
#3673=PRODUCT_DEFINITION_CONTEXT('',#3743,'design');
#3674=PRODUCT_DEFINITION_CONTEXT('',#3744,'design');
#3675=PRODUCT_DEFINITION_CONTEXT('',#3745,'design');
#3676=PRODUCT_DEFINITION_CONTEXT('',#3746,'design');
#3677=PRODUCT_DEFINITION_CONTEXT('',#3747,'design');
#3678=PRODUCT_DEFINITION_CONTEXT('',#3748,'design');
#3679=PRODUCT_DEFINITION_CONTEXT('',#3749,'design');
#3680=PRODUCT_DEFINITION_FORMATION_WITH_SPECIFIED_SOURCE('','',#3700,
 .NOT_KNOWN.);
#3681=PRODUCT_DEFINITION_FORMATION_WITH_SPECIFIED_SOURCE('','',#3701,
 .NOT_KNOWN.);
#3682=PRODUCT_DEFINITION_FORMATION_WITH_SPECIFIED_SOURCE('','',#3702,
 .NOT_KNOWN.);
#3683=PRODUCT_DEFINITION_FORMATION_WITH_SPECIFIED_SOURCE('','',#3703,
 .NOT_KNOWN.);
#3684=PRODUCT_DEFINITION_FORMATION_WITH_SPECIFIED_SOURCE('','',#3704,
 .NOT_KNOWN.);
#3685=PRODUCT_DEFINITION_FORMATION_WITH_SPECIFIED_SOURCE('','',#3705,
 .NOT_KNOWN.);
#3686=PRODUCT_DEFINITION_FORMATION_WITH_SPECIFIED_SOURCE('','',#3706,
 .NOT_KNOWN.);
#3687=PRODUCT_DEFINITION_FORMATION_WITH_SPECIFIED_SOURCE('','',#3707,
 .NOT_KNOWN.);
#3688=PRODUCT_DEFINITION_FORMATION_WITH_SPECIFIED_SOURCE('','',#3708,
 .NOT_KNOWN.);
#3689=PRODUCT_DEFINITION_FORMATION_WITH_SPECIFIED_SOURCE('','',#3709,
 .NOT_KNOWN.);
#3690=PRODUCT_RELATED_PRODUCT_CATEGORY('','',(#3700));
#3691=PRODUCT_RELATED_PRODUCT_CATEGORY('','',(#3701));
#3692=PRODUCT_RELATED_PRODUCT_CATEGORY('','',(#3702));
#3693=PRODUCT_RELATED_PRODUCT_CATEGORY('','',(#3703));
#3694=PRODUCT_RELATED_PRODUCT_CATEGORY('','',(#3704));
#3695=PRODUCT_RELATED_PRODUCT_CATEGORY('','',(#3705));
#3696=PRODUCT_RELATED_PRODUCT_CATEGORY('','',(#3706));
#3697=PRODUCT_RELATED_PRODUCT_CATEGORY('','',(#3707));
#3698=PRODUCT_RELATED_PRODUCT_CATEGORY('','',(#3708));
#3699=PRODUCT_RELATED_PRODUCT_CATEGORY('','',(#3709));
#3700=PRODUCT('Part 9','Part 9','Part 9',(#3720));
#3701=PRODUCT('Part 3','Part 3','Part 3',(#3721));
#3702=PRODUCT('Part 7','Part 7','Part 7',(#3722));
#3703=PRODUCT('Part 10','Part 10','Part 10',(#3723));
#3704=PRODUCT('Part 1','Part 1','Part 1',(#3724));
#3705=PRODUCT('Part 4','Part 4','Part 4',(#3725));
#3706=PRODUCT('Part 8','Part 8','Part 8',(#3726));
#3707=PRODUCT('Part 2','Part 2','Part 2',(#3727));
#3708=PRODUCT('Part 5','Part 5','Part 5',(#3728));
#3709=PRODUCT('Part 6','Part 6','Part 6',(#3729));
#3710=PRODUCT_CATEGORY('','');
#3711=PRODUCT_CATEGORY('','');
#3712=PRODUCT_CATEGORY('','');
#3713=PRODUCT_CATEGORY('','');
#3714=PRODUCT_CATEGORY('','');
#3715=PRODUCT_CATEGORY('','');
#3716=PRODUCT_CATEGORY('','');
#3717=PRODUCT_CATEGORY('','');
#3718=PRODUCT_CATEGORY('','');
#3719=PRODUCT_CATEGORY('','');
#3720=PRODUCT_CONTEXT('',#3740,'mechanical');
#3721=PRODUCT_CONTEXT('',#3741,'mechanical');
#3722=PRODUCT_CONTEXT('',#3742,'mechanical');
#3723=PRODUCT_CONTEXT('',#3743,'mechanical');
#3724=PRODUCT_CONTEXT('',#3744,'mechanical');
#3725=PRODUCT_CONTEXT('',#3745,'mechanical');
#3726=PRODUCT_CONTEXT('',#3746,'mechanical');
#3727=PRODUCT_CONTEXT('',#3747,'mechanical');
#3728=PRODUCT_CONTEXT('',#3748,'mechanical');
#3729=PRODUCT_CONTEXT('',#3749,'mechanical');
#3730=APPLICATION_PROTOCOL_DEFINITION('international standard',
'ap242_managed_model_based_3d_engineering',2020,#3740);
#3731=APPLICATION_PROTOCOL_DEFINITION('international standard',
'ap242_managed_model_based_3d_engineering',2020,#3741);
#3732=APPLICATION_PROTOCOL_DEFINITION('international standard',
'ap242_managed_model_based_3d_engineering',2020,#3742);
#3733=APPLICATION_PROTOCOL_DEFINITION('international standard',
'ap242_managed_model_based_3d_engineering',2020,#3743);
#3734=APPLICATION_PROTOCOL_DEFINITION('international standard',
'ap242_managed_model_based_3d_engineering',2020,#3744);
#3735=APPLICATION_PROTOCOL_DEFINITION('international standard',
'ap242_managed_model_based_3d_engineering',2020,#3745);
#3736=APPLICATION_PROTOCOL_DEFINITION('international standard',
'ap242_managed_model_based_3d_engineering',2020,#3746);
#3737=APPLICATION_PROTOCOL_DEFINITION('international standard',
'ap242_managed_model_based_3d_engineering',2020,#3747);
#3738=APPLICATION_PROTOCOL_DEFINITION('international standard',
'ap242_managed_model_based_3d_engineering',2020,#3748);
#3739=APPLICATION_PROTOCOL_DEFINITION('international standard',
'ap242_managed_model_based_3d_engineering',2020,#3749);
#3740=APPLICATION_CONTEXT('managed model based 3d engineering');
#3741=APPLICATION_CONTEXT('managed model based 3d engineering');
#3742=APPLICATION_CONTEXT('managed model based 3d engineering');
#3743=APPLICATION_CONTEXT('managed model based 3d engineering');
#3744=APPLICATION_CONTEXT('managed model based 3d engineering');
#3745=APPLICATION_CONTEXT('managed model based 3d engineering');
#3746=APPLICATION_CONTEXT('managed model based 3d engineering');
#3747=APPLICATION_CONTEXT('managed model based 3d engineering');
#3748=APPLICATION_CONTEXT('managed model based 3d engineering');
#3749=APPLICATION_CONTEXT('managed model based 3d engineering');
ENDSEC;
END-ISO-10303-21;
